2026-03-11 12:01:43,233 7608 INFO ? odoo: Odoo version 15.0-20250101 
2026-03-11 12:01:43,233 7608 INFO ? odoo: Using configuration file at C:\Odoo15\server\odoo.conf 
2026-03-11 12:01:43,233 7608 INFO ? odoo: addons paths: ['C:\\Odoo15\\server\\odoo\\addons', 'c:\\users\\pc\\appdata\\local\\openerp s.a\\odoo\\addons\\15.0', 'c:\\odoo15\\server\\odoo\\addons'] 
2026-03-11 12:01:43,233 7608 INFO ? odoo: database: openpg@localhost:5432 
2026-03-11 12:01:44,897 7608 INFO ? odoo.addons.base.models.ir_actions_report: Will use the Wkhtmltopdf binary at wkhtmltopdf.exe 
2026-03-11 12:01:47,741 7608 WARNING ? py.warnings: C:\Odoo15\python\Lib\site-packages\num2words\lang_PT_BR.py:142: SyntaxWarning: invalid escape sequence '\w'
  File "C:\Odoo15\server\odoo-bin", line 8, in <module>
    odoo.cli.main()
  File "C:\Odoo15\server\odoo\cli\command.py", line 61, in main
    o.run(args)
  File "C:\Odoo15\server\odoo\cli\server.py", line 184, in run
    main(args)
  File "C:\Odoo15\server\odoo\cli\server.py", line 178, in main
    rc = odoo.service.server.start(preload=preload, stop=stop)
  File "C:\Odoo15\server\odoo\service\server.py", line 1300, in start
    load_server_wide_modules()
  File "C:\Odoo15\server\odoo\service\server.py", line 1210, in load_server_wide_modules
    odoo.modules.module.load_openerp_module(m)
  File "C:\Odoo15\server\odoo\modules\module.py", line 407, in load_openerp_module
    __import__('odoo.addons.' + module_name)
  File "C:\Odoo15\server\odoo\addons\web\__init__.py", line 4, in <module>
    from . import controllers
  File "C:\Odoo15\server\odoo\addons\web\controllers\__init__.py", line 4, in <module>
    from . import main
  File "C:\Odoo15\server\odoo\addons\web\controllers\main.py", line 34, in <module>
    from odoo.addons.base.models.ir_qweb import render as qweb_render
  File "C:\Odoo15\server\odoo\addons\base\__init__.py", line 5, in <module>
    from . import models
  File "C:\Odoo15\server\odoo\addons\base\models\__init__.py", line 45, in <module>
    from . import res_currency
  File "C:\Odoo15\server\odoo\addons\base\models\res_currency.py", line 17, in <module>
    from num2words import num2words
  File "C:\Odoo15\python\Lib\site-packages\num2words\__init__.py", line 34, in <module>
    from . import lang_PT_BR
  File "C:\Odoo15\python\Lib\warnings.py", line 110, in _showwarnmsg
    sw(msg.message, msg.category, msg.filename, msg.lineno,
  File "C:\Odoo15\server\odoo\netsvc.py", line 272, in showwarning_with_traceback
    for frame in traceback.extract_stack():
 
2026-03-11 12:01:47,741 7608 WARNING ? py.warnings: C:\Odoo15\python\Lib\site-packages\num2words\lang_PT_BR.py:170: SyntaxWarning: invalid escape sequence '\s'
  File "C:\Odoo15\server\odoo-bin", line 8, in <module>
    odoo.cli.main()
  File "C:\Odoo15\server\odoo\cli\command.py", line 61, in main
    o.run(args)
  File "C:\Odoo15\server\odoo\cli\server.py", line 184, in run
    main(args)
  File "C:\Odoo15\server\odoo\cli\server.py", line 178, in main
    rc = odoo.service.server.start(preload=preload, stop=stop)
  File "C:\Odoo15\server\odoo\service\server.py", line 1300, in start
    load_server_wide_modules()
  File "C:\Odoo15\server\odoo\service\server.py", line 1210, in load_server_wide_modules
    odoo.modules.module.load_openerp_module(m)
  File "C:\Odoo15\server\odoo\modules\module.py", line 407, in load_openerp_module
    __import__('odoo.addons.' + module_name)
  File "C:\Odoo15\server\odoo\addons\web\__init__.py", line 4, in <module>
    from . import controllers
  File "C:\Odoo15\server\odoo\addons\web\controllers\__init__.py", line 4, in <module>
    from . import main
  File "C:\Odoo15\server\odoo\addons\web\controllers\main.py", line 34, in <module>
    from odoo.addons.base.models.ir_qweb import render as qweb_render
  File "C:\Odoo15\server\odoo\addons\base\__init__.py", line 5, in <module>
    from . import models
  File "C:\Odoo15\server\odoo\addons\base\models\__init__.py", line 45, in <module>
    from . import res_currency
  File "C:\Odoo15\server\odoo\addons\base\models\res_currency.py", line 17, in <module>
    from num2words import num2words
  File "C:\Odoo15\python\Lib\site-packages\num2words\__init__.py", line 34, in <module>
    from . import lang_PT_BR
  File "C:\Odoo15\python\Lib\warnings.py", line 110, in _showwarnmsg
    sw(msg.message, msg.category, msg.filename, msg.lineno,
  File "C:\Odoo15\server\odoo\netsvc.py", line 272, in showwarning_with_traceback
    for frame in traceback.extract_stack():
 
2026-03-11 12:01:48,358 7608 INFO ? odoo.service.server: Initiating shutdown 
2026-03-11 12:01:48,358 7608 INFO ? odoo.service.server: Hit CTRL-C again or send a second signal to force the shutdown. 
2026-03-11 12:01:50,321 18868 INFO ? odoo: Odoo version 15.0-20250101 
2026-03-11 12:01:50,321 18868 INFO ? odoo: Using configuration file at C:\Odoo15\server\odoo.conf 
2026-03-11 12:01:50,321 18868 INFO ? odoo: addons paths: ['C:\\Odoo15\\server\\odoo\\addons', 'c:\\users\\pc\\appdata\\local\\openerp s.a\\odoo\\addons\\15.0', 'c:\\odoo15\\server\\odoo\\addons'] 
2026-03-11 12:01:50,321 18868 INFO ? odoo: database: openpg@localhost:5432 
2026-03-11 12:01:50,462 18868 INFO ? odoo.addons.base.models.ir_actions_report: Will use the Wkhtmltopdf binary at C:\Odoo15\thirdparty\wkhtmltopdf.exe 
2026-03-11 12:01:50,653 18868 INFO ? odoo.service.server: HTTP service (werkzeug) running on Busayomi.promethean.io:8069 
2026-03-11 12:01:57,570 18868 INFO ? odoo.http: HTTP Configuring static files 
2026-03-11 12:01:57,648 18868 INFO ? odoo.http: Generating nondb routing 
2026-03-11 12:01:57,709 18868 INFO ? werkzeug: 127.0.0.1 - - [11/Mar/2026 12:01:57] "[33mGET /websocket?version=19.0-2 HTTP/1.1[0m" 404 - 1 0.027 0.100
2026-03-11 12:02:01,587 18868 INFO ? werkzeug: 127.0.0.1 - - [11/Mar/2026 12:02:01] "[33mGET /websocket?version=19.0-2 HTTP/1.1[0m" 404 - 1 0.005 0.062
2026-03-11 12:02:50,008 18868 INFO ? werkzeug: 127.0.0.1 - - [11/Mar/2026 12:02:50] "[33mGET /websocket?version=19.0-2 HTTP/1.1[0m" 404 - 1 0.000 0.056
2026-03-11 12:02:58,161 18868 INFO ? werkzeug: 127.0.0.1 - - [11/Mar/2026 12:02:58] "[33mGET /websocket?version=19.0-2 HTTP/1.1[0m" 404 - 1 0.004 0.059
2026-03-11 12:03:02,352 18868 INFO ? werkzeug: 127.0.0.1 - - [11/Mar/2026 12:03:02] "[33mGET /websocket?version=19.0-2 HTTP/1.1[0m" 404 - 1 0.000 0.054
2026-03-11 12:03:51,119 18868 INFO ? werkzeug: 127.0.0.1 - - [11/Mar/2026 12:03:51] "[33mGET /websocket?version=19.0-2 HTTP/1.1[0m" 404 - 1 0.000 0.061
2026-03-11 12:03:57,677 18868 INFO ? werkzeug: 127.0.0.1 - - [11/Mar/2026 12:03:57] "[32mGET / HTTP/1.1[0m" 303 - 1 0.000 0.060
2026-03-11 12:03:57,918 18868 INFO ? werkzeug: 127.0.0.1 - - [11/Mar/2026 12:03:57] "[32mGET /web HTTP/1.1[0m" 303 - 2 0.016 0.216
2026-03-11 12:03:58,572 18868 INFO ? werkzeug: 127.0.0.1 - - [11/Mar/2026 12:03:58] "[33mGET /websocket?version=19.0-2 HTTP/1.1[0m" 404 - 1 0.005 0.050
2026-03-11 12:03:59,383 18868 INFO ? odoo.sql_db: ConnectionPool(used=2/count=3/max=64): Closed 1 connections to 'user=openpg password=xxx dbname=Odoo15_practice host=localhost port=5432 sslmode=prefer' 
2026-03-11 12:03:59,486 18868 INFO ? werkzeug: 127.0.0.1 - - [11/Mar/2026 12:03:59] "GET /web/database/selector HTTP/1.1" 200 - 5 0.116 1.445
2026-03-11 12:03:59,854 18868 INFO ? werkzeug: 127.0.0.1 - - [11/Mar/2026 12:03:59] "GET /web/static/lib/fontawesome/css/font-awesome.css HTTP/1.1" 200 - - - -
2026-03-11 12:03:59,856 18868 INFO ? werkzeug: 127.0.0.1 - - [11/Mar/2026 12:03:59] "GET /web/static/lib/bootstrap/css/bootstrap.css HTTP/1.1" 200 - - - -
2026-03-11 12:03:59,869 18868 INFO ? werkzeug: 127.0.0.1 - - [11/Mar/2026 12:03:59] "GET /web/static/lib/bootstrap/js/index.js HTTP/1.1" 200 - - - -
2026-03-11 12:03:59,883 18868 INFO ? werkzeug: 127.0.0.1 - - [11/Mar/2026 12:03:59] "GET /web/static/lib/bootstrap/js/util.js HTTP/1.1" 200 - - - -
2026-03-11 12:03:59,915 18868 INFO ? werkzeug: 127.0.0.1 - - [11/Mar/2026 12:03:59] "GET /web/static/lib/jquery/jquery.js HTTP/1.1" 200 - - - -
2026-03-11 12:03:59,919 18868 INFO ? werkzeug: 127.0.0.1 - - [11/Mar/2026 12:03:59] "GET /web/static/lib/popper/popper.js HTTP/1.1" 200 - - - -
2026-03-11 12:04:00,222 18868 INFO ? werkzeug: 127.0.0.1 - - [11/Mar/2026 12:04:00] "GET /web/static/lib/bootstrap/js/alert.js HTTP/1.1" 200 - - - -
2026-03-11 12:04:00,228 18868 INFO ? werkzeug: 127.0.0.1 - - [11/Mar/2026 12:04:00] "GET /web/static/lib/bootstrap/js/button.js HTTP/1.1" 200 - - - -
2026-03-11 12:04:00,243 18868 INFO ? werkzeug: 127.0.0.1 - - [11/Mar/2026 12:04:00] "GET /web/static/lib/bootstrap/js/collapse.js HTTP/1.1" 200 - - - -
2026-03-11 12:04:00,254 18868 INFO ? werkzeug: 127.0.0.1 - - [11/Mar/2026 12:04:00] "GET /web/static/lib/bootstrap/js/carousel.js HTTP/1.1" 200 - - - -
2026-03-11 12:04:00,266 18868 INFO ? werkzeug: 127.0.0.1 - - [11/Mar/2026 12:04:00] "GET /web/static/lib/bootstrap/js/dropdown.js HTTP/1.1" 200 - - - -
2026-03-11 12:04:00,269 18868 INFO ? werkzeug: 127.0.0.1 - - [11/Mar/2026 12:04:00] "GET /web/static/lib/bootstrap/js/modal.js HTTP/1.1" 200 - - - -
2026-03-11 12:04:00,585 18868 INFO ? werkzeug: 127.0.0.1 - - [11/Mar/2026 12:04:00] "GET /web/static/lib/bootstrap/js/popover.js HTTP/1.1" 200 - - - -
2026-03-11 12:04:00,594 18868 INFO ? werkzeug: 127.0.0.1 - - [11/Mar/2026 12:04:00] "GET /web/static/img/logo2.png HTTP/1.1" 200 - - - -
2026-03-11 12:04:00,602 18868 INFO ? werkzeug: 127.0.0.1 - - [11/Mar/2026 12:04:00] "GET /web/static/lib/bootstrap/js/tab.js HTTP/1.1" 200 - - - -
2026-03-11 12:04:00,605 18868 INFO ? werkzeug: 127.0.0.1 - - [11/Mar/2026 12:04:00] "GET /web/static/src/public/database_manager.js HTTP/1.1" 200 - - - -
2026-03-11 12:04:00,608 18868 INFO ? werkzeug: 127.0.0.1 - - [11/Mar/2026 12:04:00] "GET /web/static/lib/bootstrap/js/scrollspy.js HTTP/1.1" 200 - - - -
2026-03-11 12:04:00,620 18868 INFO ? werkzeug: 127.0.0.1 - - [11/Mar/2026 12:04:00] "GET /web/static/lib/bootstrap/js/tooltip.js HTTP/1.1" 200 - - - -
2026-03-11 12:04:01,008 18868 INFO ? werkzeug: 127.0.0.1 - - [11/Mar/2026 12:04:01] "GET /web/static/lib/fontawesome/fonts/fontawesome-webfont.woff2?v=4.7.0 HTTP/1.1" 200 - - - -
2026-03-11 12:04:03,316 18868 INFO ? werkzeug: 127.0.0.1 - - [11/Mar/2026 12:04:03] "[33mGET /websocket?version=19.0-2 HTTP/1.1[0m" 404 - 1 0.004 0.062
2026-03-11 12:04:51,746 18868 INFO ? werkzeug: 127.0.0.1 - - [11/Mar/2026 12:04:51] "[33mGET /websocket?version=19.0-2 HTTP/1.1[0m" 404 - 1 0.004 0.059
2026-03-11 12:04:59,580 18868 INFO ? werkzeug: 127.0.0.1 - - [11/Mar/2026 12:04:59] "[33mGET /websocket?version=19.0-2 HTTP/1.1[0m" 404 - 1 0.011 0.066
2026-03-11 12:05:04,254 18868 INFO ? werkzeug: 127.0.0.1 - - [11/Mar/2026 12:05:04] "[33mGET /websocket?version=19.0-2 HTTP/1.1[0m" 404 - 1 0.013 0.051
2026-03-11 12:05:32,881 18868 INFO ? odoo.service.server: Initiating shutdown 
2026-03-11 12:05:32,881 18868 INFO ? odoo.service.server: Hit CTRL-C again or send a second signal to force the shutdown. 
2026-03-11 12:05:33,890 18868 INFO ? odoo.sql_db: ConnectionPool(used=0/count=0/max=64): Closed 3 connections  
2026-03-11 13:10:33,125 3412 INFO ? odoo: Odoo version 15.0-20250101 
2026-03-11 13:10:33,125 3412 INFO ? odoo: Using configuration file at C:\Odoo15\server\odoo.conf 
2026-03-11 13:10:33,125 3412 INFO ? odoo: addons paths: ['C:\\Odoo15\\server\\odoo\\addons', 'c:\\users\\pc\\appdata\\local\\openerp s.a\\odoo\\addons\\15.0', 'c:\\odoo15\\server\\odoo\\addons', 'c:\\odoo15\\custom_addons'] 
2026-03-11 13:10:33,125 3412 INFO ? odoo: database: odoo@localhost:5432 
2026-03-11 13:10:33,260 3412 INFO ? odoo.addons.base.models.ir_actions_report: Will use the Wkhtmltopdf binary at C:\Odoo15\thirdparty\wkhtmltopdf.exe 
2026-03-11 13:10:33,456 3412 INFO ? odoo.service.server: HTTP service (werkzeug) running on Busayomi.promethean.io:8070 
2026-03-11 13:10:50,837 3412 INFO ? odoo.http: HTTP Configuring static files 
2026-03-11 13:10:51,121 3412 ERROR dev_odoo19 odoo.sql_db: bad query: CREATE SEQUENCE base_registry_signaling INCREMENT BY 1 START WITH 1
ERROR: relation "base_registry_signaling" already exists
 
2026-03-11 13:10:51,121 3412 ERROR dev_odoo19 odoo.modules.registry: Failed to load registry 
Traceback (most recent call last):
  File "C:\Odoo15\server\odoo\modules\registry.py", line 61, in __new__
    return cls.registries[db_name]
           ~~~~~~~~~~~~~~^^^^^^^^^
  File "C:\Odoo15\server\odoo\tools\func.py", line 71, in wrapper
    return func(self, *args, **kwargs)
           ^^^^^^^^^^^^^^^^^^^^^^^^^^^
  File "C:\Odoo15\server\odoo\tools\lru.py", line 34, in __getitem__
    a = self.d[obj]
        ~~~~~~^^^^^
KeyError: 'dev_odoo19'

During handling of the above exception, another exception occurred:

Traceback (most recent call last):
  File "C:\Odoo15\server\odoo\modules\registry.py", line 85, in new
    registry.setup_signaling()
  File "C:\Odoo15\server\odoo\modules\registry.py", line 616, in setup_signaling
    cr.execute("CREATE SEQUENCE base_registry_signaling INCREMENT BY 1 START WITH 1")
  File "<decorator-gen-5>", line 2, in execute
  File "C:\Odoo15\server\odoo\sql_db.py", line 90, in check
    return f(self, *args, **kwargs)
           ^^^^^^^^^^^^^^^^^^^^^^^^
  File "C:\Odoo15\server\odoo\sql_db.py", line 311, in execute
    res = self._obj.execute(query, params)
          ^^^^^^^^^^^^^^^^^^^^^^^^^^^^^^^^
psycopg2.errors.DuplicateTable: relation "base_registry_signaling" already exists

2026-03-11 13:10:51,129 3412 INFO dev_odoo19 odoo.http: Generating nondb routing 
2026-03-11 13:10:51,155 3412 ERROR dev_odoo19 odoo.sql_db: bad query: CREATE SEQUENCE base_registry_signaling INCREMENT BY 1 START WITH 1
ERROR: relation "base_registry_signaling" already exists
 
2026-03-11 13:10:51,156 3412 ERROR dev_odoo19 odoo.modules.registry: Failed to load registry 
Traceback (most recent call last):
  File "C:\Odoo15\server\odoo\modules\registry.py", line 61, in __new__
    return cls.registries[db_name]
           ~~~~~~~~~~~~~~^^^^^^^^^
  File "C:\Odoo15\server\odoo\tools\func.py", line 71, in wrapper
    return func(self, *args, **kwargs)
           ^^^^^^^^^^^^^^^^^^^^^^^^^^^
  File "C:\Odoo15\server\odoo\tools\lru.py", line 34, in __getitem__
    a = self.d[obj]
        ~~~~~~^^^^^
KeyError: 'dev_odoo19'

During handling of the above exception, another exception occurred:

Traceback (most recent call last):
  File "C:\Odoo15\server\odoo\http.py", line 1530, in dispatch
    odoo.registry(db).check_signaling()
    ^^^^^^^^^^^^^^^^^
  File "C:\Odoo15\server\odoo\__init__.py", line 126, in registry
    return modules.registry.Registry(database_name)
           ^^^^^^^^^^^^^^^^^^^^^^^^^^^^^^^^^^^^^^^^
  File "C:\Odoo15\server\odoo\modules\registry.py", line 63, in __new__
    return cls.new(db_name)
           ^^^^^^^^^^^^^^^^
  File "C:\Odoo15\server\odoo\modules\registry.py", line 85, in new
    registry.setup_signaling()
  File "C:\Odoo15\server\odoo\modules\registry.py", line 616, in setup_signaling
    cr.execute("CREATE SEQUENCE base_registry_signaling INCREMENT BY 1 START WITH 1")
  File "<decorator-gen-5>", line 2, in execute
  File "C:\Odoo15\server\odoo\sql_db.py", line 90, in check
    return f(self, *args, **kwargs)
           ^^^^^^^^^^^^^^^^^^^^^^^^
  File "C:\Odoo15\server\odoo\sql_db.py", line 311, in execute
    res = self._obj.execute(query, params)
          ^^^^^^^^^^^^^^^^^^^^^^^^^^^^^^^^
psycopg2.errors.DuplicateTable: relation "base_registry_signaling" already exists


During handling of the above exception, another exception occurred:

Traceback (most recent call last):
  File "C:\Odoo15\server\odoo\modules\registry.py", line 61, in __new__
    return cls.registries[db_name]
           ~~~~~~~~~~~~~~^^^^^^^^^
  File "C:\Odoo15\server\odoo\tools\func.py", line 71, in wrapper
    return func(self, *args, **kwargs)
           ^^^^^^^^^^^^^^^^^^^^^^^^^^^
  File "C:\Odoo15\server\odoo\tools\lru.py", line 34, in __getitem__
    a = self.d[obj]
        ~~~~~~^^^^^
KeyError: 'dev_odoo19'

During handling of the above exception, another exception occurred:

Traceback (most recent call last):
  File "C:\Odoo15\server\odoo\modules\registry.py", line 85, in new
    registry.setup_signaling()
  File "C:\Odoo15\server\odoo\modules\registry.py", line 616, in setup_signaling
    cr.execute("CREATE SEQUENCE base_registry_signaling INCREMENT BY 1 START WITH 1")
  File "<decorator-gen-5>", line 2, in execute
  File "C:\Odoo15\server\odoo\sql_db.py", line 90, in check
    return f(self, *args, **kwargs)
           ^^^^^^^^^^^^^^^^^^^^^^^^
  File "C:\Odoo15\server\odoo\sql_db.py", line 311, in execute
    res = self._obj.execute(query, params)
          ^^^^^^^^^^^^^^^^^^^^^^^^^^^^^^^^
psycopg2.errors.DuplicateTable: relation "base_registry_signaling" already exists

2026-03-11 13:10:51,470 3412 INFO dev_odoo19 werkzeug: 127.0.0.1 - - [11/Mar/2026 13:10:51] "[35m[1mGET / HTTP/1.1[0m" 500 - 7 0.026 0.606
2026-03-11 13:10:51,492 3412 ERROR dev_odoo19 werkzeug: Error on request:
Traceback (most recent call last):
  File "C:\Odoo15\server\odoo\modules\registry.py", line 61, in __new__
    return cls.registries[db_name]
  File "C:\Odoo15\server\odoo\tools\func.py", line 71, in wrapper
    return func(self, *args, **kwargs)
  File "C:\Odoo15\server\odoo\tools\lru.py", line 34, in __getitem__
    a = self.d[obj]
KeyError: 'dev_odoo19'

During handling of the above exception, another exception occurred:

Traceback (most recent call last):
  File "C:\Odoo15\server\odoo\http.py", line 1530, in dispatch
    odoo.registry(db).check_signaling()
  File "C:\Odoo15\server\odoo\__init__.py", line 126, in registry
    return modules.registry.Registry(database_name)
  File "C:\Odoo15\server\odoo\modules\registry.py", line 63, in __new__
    return cls.new(db_name)
  File "C:\Odoo15\server\odoo\modules\registry.py", line 85, in new
    registry.setup_signaling()
  File "C:\Odoo15\server\odoo\modules\registry.py", line 616, in setup_signaling
    cr.execute("CREATE SEQUENCE base_registry_signaling INCREMENT BY 1 START WITH 1")
  File "<decorator-gen-5>", line 2, in execute
    
  File "C:\Odoo15\server\odoo\sql_db.py", line 90, in check
    return f(self, *args, **kwargs)
  File "C:\Odoo15\server\odoo\sql_db.py", line 311, in execute
    res = self._obj.execute(query, params)
psycopg2.errors.DuplicateTable: relation "base_registry_signaling" already exists

During handling of the above exception, another exception occurred:

Traceback (most recent call last):
  File "C:\Odoo15\server\odoo\modules\registry.py", line 61, in __new__
    return cls.registries[db_name]
  File "C:\Odoo15\server\odoo\tools\func.py", line 71, in wrapper
    return func(self, *args, **kwargs)
  File "C:\Odoo15\server\odoo\tools\lru.py", line 34, in __getitem__
    a = self.d[obj]
KeyError: 'dev_odoo19'

The above exception was the direct cause of the following exception:

Traceback (most recent call last):
  File "C:\Odoo15\server\odoo\http.py", line 1517, in _dispatch_nodb
    result = request.dispatch()
  File "C:\Odoo15\server\odoo\http.py", line 819, in dispatch
    r = self._call_function(**self.params)
  File "C:\Odoo15\server\odoo\http.py", line 368, in _call_function
    return checked_call(self.db, *args, **kwargs)
  File "C:\Odoo15\server\odoo\service\model.py", line 92, in wrapper
    if odoo.registry(dbname)._init and not odoo.tools.config['test_enable']:
  File "C:\Odoo15\server\odoo\__init__.py", line 126, in registry
    return modules.registry.Registry(database_name)
  File "C:\Odoo15\server\odoo\modules\registry.py", line 63, in __new__
    return cls.new(db_name)
  File "C:\Odoo15\server\odoo\modules\registry.py", line 85, in new
    registry.setup_signaling()
  File "C:\Odoo15\server\odoo\modules\registry.py", line 616, in setup_signaling
    cr.execute("CREATE SEQUENCE base_registry_signaling INCREMENT BY 1 START WITH 1")
  File "<decorator-gen-5>", line 2, in execute
    
  File "C:\Odoo15\server\odoo\sql_db.py", line 90, in check
    return f(self, *args, **kwargs)
  File "C:\Odoo15\server\odoo\sql_db.py", line 311, in execute
    res = self._obj.execute(query, params)
Exception

The above exception was the direct cause of the following exception:

Traceback (most recent call last):
  File "C:\Odoo15\python\Lib\site-packages\werkzeug\serving.py", line 319, in run_wsgi
    execute(self.server.app)
  File "C:\Odoo15\python\Lib\site-packages\werkzeug\serving.py", line 308, in execute
    application_iter = app(environ, start_response)
  File "C:\Odoo15\server\odoo\service\server.py", line 482, in app
    return self.app(e, s)
  File "C:\Odoo15\server\odoo\service\wsgi_server.py", line 112, in application
    return application_unproxied(environ, start_response)
  File "C:\Odoo15\server\odoo\service\wsgi_server.py", line 87, in application_unproxied
    result = odoo.http.root(environ, start_response)
  File "C:\Odoo15\server\odoo\http.py", line 1355, in __call__
    return self.dispatch(environ, start_response)
  File "C:\Odoo15\server\odoo\http.py", line 1321, in __call__
    return self.app(environ, start_wrapped)
  File "C:\Odoo15\python\Lib\site-packages\werkzeug\middleware\shared_data.py", line 287, in __call__
    return self.app(environ, start_response)
  File "C:\Odoo15\server\odoo\http.py", line 1546, in dispatch
    result = _dispatch_nodb()
  File "C:\Odoo15\server\odoo\http.py", line 1519, in _dispatch_nodb
    return request._handle_exception(e)
  File "C:\Odoo15\server\odoo\http.py", line 763, in _handle_exception
    return super(HttpRequest, self)._handle_exception(exception)
  File "C:\Odoo15\server\odoo\http.py", line 301, in _handle_exception
    raise exception.with_traceback(None) from new_cause
psycopg2.errors.DuplicateTable: relation "base_registry_signaling" already exists - - -
2026-03-11 13:10:51,685 3412 ERROR dev_odoo19 odoo.sql_db: bad query: CREATE SEQUENCE base_registry_signaling INCREMENT BY 1 START WITH 1
ERROR: relation "base_registry_signaling" already exists
 
2026-03-11 13:10:51,685 3412 ERROR dev_odoo19 odoo.modules.registry: Failed to load registry 
Traceback (most recent call last):
  File "C:\Odoo15\server\odoo\modules\registry.py", line 61, in __new__
    return cls.registries[db_name]
           ~~~~~~~~~~~~~~^^^^^^^^^
  File "C:\Odoo15\server\odoo\tools\func.py", line 71, in wrapper
    return func(self, *args, **kwargs)
           ^^^^^^^^^^^^^^^^^^^^^^^^^^^
  File "C:\Odoo15\server\odoo\tools\lru.py", line 34, in __getitem__
    a = self.d[obj]
        ~~~~~~^^^^^
KeyError: 'dev_odoo19'

During handling of the above exception, another exception occurred:

Traceback (most recent call last):
  File "C:\Odoo15\server\odoo\modules\registry.py", line 85, in new
    registry.setup_signaling()
  File "C:\Odoo15\server\odoo\modules\registry.py", line 616, in setup_signaling
    cr.execute("CREATE SEQUENCE base_registry_signaling INCREMENT BY 1 START WITH 1")
  File "<decorator-gen-5>", line 2, in execute
  File "C:\Odoo15\server\odoo\sql_db.py", line 90, in check
    return f(self, *args, **kwargs)
           ^^^^^^^^^^^^^^^^^^^^^^^^
  File "C:\Odoo15\server\odoo\sql_db.py", line 311, in execute
    res = self._obj.execute(query, params)
          ^^^^^^^^^^^^^^^^^^^^^^^^^^^^^^^^
psycopg2.errors.DuplicateTable: relation "base_registry_signaling" already exists

2026-03-11 13:10:51,688 3412 INFO dev_odoo19 werkzeug: 127.0.0.1 - - [11/Mar/2026 13:10:51] "[33mGET /favicon.ico HTTP/1.1[0m" 404 - 4 0.007 0.170
2026-03-11 13:13:35,843 3412 ERROR dev_odoo19 odoo.sql_db: bad query: CREATE SEQUENCE base_registry_signaling INCREMENT BY 1 START WITH 1
ERROR: relation "base_registry_signaling" already exists
 
2026-03-11 13:13:35,843 3412 ERROR dev_odoo19 odoo.modules.registry: Failed to load registry 
Traceback (most recent call last):
  File "C:\Odoo15\server\odoo\modules\registry.py", line 61, in __new__
    return cls.registries[db_name]
           ~~~~~~~~~~~~~~^^^^^^^^^
  File "C:\Odoo15\server\odoo\tools\func.py", line 71, in wrapper
    return func(self, *args, **kwargs)
           ^^^^^^^^^^^^^^^^^^^^^^^^^^^
  File "C:\Odoo15\server\odoo\tools\lru.py", line 34, in __getitem__
    a = self.d[obj]
        ~~~~~~^^^^^
KeyError: 'dev_odoo19'

During handling of the above exception, another exception occurred:

Traceback (most recent call last):
  File "C:\Odoo15\server\odoo\modules\registry.py", line 85, in new
    registry.setup_signaling()
  File "C:\Odoo15\server\odoo\modules\registry.py", line 616, in setup_signaling
    cr.execute("CREATE SEQUENCE base_registry_signaling INCREMENT BY 1 START WITH 1")
  File "<decorator-gen-5>", line 2, in execute
  File "C:\Odoo15\server\odoo\sql_db.py", line 90, in check
    return f(self, *args, **kwargs)
           ^^^^^^^^^^^^^^^^^^^^^^^^
  File "C:\Odoo15\server\odoo\sql_db.py", line 311, in execute
    res = self._obj.execute(query, params)
          ^^^^^^^^^^^^^^^^^^^^^^^^^^^^^^^^
psycopg2.errors.DuplicateTable: relation "base_registry_signaling" already exists

2026-03-11 13:13:35,846 3412 ERROR dev_odoo19 odoo.sql_db: bad query: CREATE SEQUENCE base_registry_signaling INCREMENT BY 1 START WITH 1
ERROR: relation "base_registry_signaling" already exists
 
2026-03-11 13:13:35,846 3412 ERROR dev_odoo19 odoo.modules.registry: Failed to load registry 
Traceback (most recent call last):
  File "C:\Odoo15\server\odoo\modules\registry.py", line 61, in __new__
    return cls.registries[db_name]
           ~~~~~~~~~~~~~~^^^^^^^^^
  File "C:\Odoo15\server\odoo\tools\func.py", line 71, in wrapper
    return func(self, *args, **kwargs)
           ^^^^^^^^^^^^^^^^^^^^^^^^^^^
  File "C:\Odoo15\server\odoo\tools\lru.py", line 34, in __getitem__
    a = self.d[obj]
        ~~~~~~^^^^^
KeyError: 'dev_odoo19'

During handling of the above exception, another exception occurred:

Traceback (most recent call last):
  File "C:\Odoo15\server\odoo\http.py", line 1530, in dispatch
    odoo.registry(db).check_signaling()
    ^^^^^^^^^^^^^^^^^
  File "C:\Odoo15\server\odoo\__init__.py", line 126, in registry
    return modules.registry.Registry(database_name)
           ^^^^^^^^^^^^^^^^^^^^^^^^^^^^^^^^^^^^^^^^
  File "C:\Odoo15\server\odoo\modules\registry.py", line 63, in __new__
    return cls.new(db_name)
           ^^^^^^^^^^^^^^^^
  File "C:\Odoo15\server\odoo\modules\registry.py", line 85, in new
    registry.setup_signaling()
  File "C:\Odoo15\server\odoo\modules\registry.py", line 616, in setup_signaling
    cr.execute("CREATE SEQUENCE base_registry_signaling INCREMENT BY 1 START WITH 1")
  File "<decorator-gen-5>", line 2, in execute
  File "C:\Odoo15\server\odoo\sql_db.py", line 90, in check
    return f(self, *args, **kwargs)
           ^^^^^^^^^^^^^^^^^^^^^^^^
  File "C:\Odoo15\server\odoo\sql_db.py", line 311, in execute
    res = self._obj.execute(query, params)
          ^^^^^^^^^^^^^^^^^^^^^^^^^^^^^^^^
psycopg2.errors.DuplicateTable: relation "base_registry_signaling" already exists


During handling of the above exception, another exception occurred:

Traceback (most recent call last):
  File "C:\Odoo15\server\odoo\modules\registry.py", line 61, in __new__
    return cls.registries[db_name]
           ~~~~~~~~~~~~~~^^^^^^^^^
  File "C:\Odoo15\server\odoo\tools\func.py", line 71, in wrapper
    return func(self, *args, **kwargs)
           ^^^^^^^^^^^^^^^^^^^^^^^^^^^
  File "C:\Odoo15\server\odoo\tools\lru.py", line 34, in __getitem__
    a = self.d[obj]
        ~~~~~~^^^^^
KeyError: 'dev_odoo19'

During handling of the above exception, another exception occurred:

Traceback (most recent call last):
  File "C:\Odoo15\server\odoo\modules\registry.py", line 85, in new
    registry.setup_signaling()
  File "C:\Odoo15\server\odoo\modules\registry.py", line 616, in setup_signaling
    cr.execute("CREATE SEQUENCE base_registry_signaling INCREMENT BY 1 START WITH 1")
  File "<decorator-gen-5>", line 2, in execute
  File "C:\Odoo15\server\odoo\sql_db.py", line 90, in check
    return f(self, *args, **kwargs)
           ^^^^^^^^^^^^^^^^^^^^^^^^
  File "C:\Odoo15\server\odoo\sql_db.py", line 311, in execute
    res = self._obj.execute(query, params)
          ^^^^^^^^^^^^^^^^^^^^^^^^^^^^^^^^
psycopg2.errors.DuplicateTable: relation "base_registry_signaling" already exists

2026-03-11 13:13:35,856 3412 INFO dev_odoo19 werkzeug: 127.0.0.1 - - [11/Mar/2026 13:13:35] "[35m[1mGET / HTTP/1.1[0m" 500 - 7 0.008 0.085
2026-03-11 13:13:35,869 3412 ERROR dev_odoo19 werkzeug: Error on request:
Traceback (most recent call last):
  File "C:\Odoo15\server\odoo\modules\registry.py", line 61, in __new__
    return cls.registries[db_name]
  File "C:\Odoo15\server\odoo\tools\func.py", line 71, in wrapper
    return func(self, *args, **kwargs)
  File "C:\Odoo15\server\odoo\tools\lru.py", line 34, in __getitem__
    a = self.d[obj]
KeyError: 'dev_odoo19'

During handling of the above exception, another exception occurred:

Traceback (most recent call last):
  File "C:\Odoo15\server\odoo\http.py", line 1530, in dispatch
    odoo.registry(db).check_signaling()
  File "C:\Odoo15\server\odoo\__init__.py", line 126, in registry
    return modules.registry.Registry(database_name)
  File "C:\Odoo15\server\odoo\modules\registry.py", line 63, in __new__
    return cls.new(db_name)
  File "C:\Odoo15\server\odoo\modules\registry.py", line 85, in new
    registry.setup_signaling()
  File "C:\Odoo15\server\odoo\modules\registry.py", line 616, in setup_signaling
    cr.execute("CREATE SEQUENCE base_registry_signaling INCREMENT BY 1 START WITH 1")
  File "<decorator-gen-5>", line 2, in execute
    
  File "C:\Odoo15\server\odoo\sql_db.py", line 90, in check
    return f(self, *args, **kwargs)
  File "C:\Odoo15\server\odoo\sql_db.py", line 311, in execute
    res = self._obj.execute(query, params)
psycopg2.errors.DuplicateTable: relation "base_registry_signaling" already exists

During handling of the above exception, another exception occurred:

Traceback (most recent call last):
  File "C:\Odoo15\server\odoo\modules\registry.py", line 61, in __new__
    return cls.registries[db_name]
  File "C:\Odoo15\server\odoo\tools\func.py", line 71, in wrapper
    return func(self, *args, **kwargs)
  File "C:\Odoo15\server\odoo\tools\lru.py", line 34, in __getitem__
    a = self.d[obj]
KeyError: 'dev_odoo19'

The above exception was the direct cause of the following exception:

Traceback (most recent call last):
  File "C:\Odoo15\server\odoo\http.py", line 1517, in _dispatch_nodb
    result = request.dispatch()
  File "C:\Odoo15\server\odoo\http.py", line 819, in dispatch
    r = self._call_function(**self.params)
  File "C:\Odoo15\server\odoo\http.py", line 368, in _call_function
    return checked_call(self.db, *args, **kwargs)
  File "C:\Odoo15\server\odoo\service\model.py", line 92, in wrapper
    if odoo.registry(dbname)._init and not odoo.tools.config['test_enable']:
  File "C:\Odoo15\server\odoo\__init__.py", line 126, in registry
    return modules.registry.Registry(database_name)
  File "C:\Odoo15\server\odoo\modules\registry.py", line 63, in __new__
    return cls.new(db_name)
  File "C:\Odoo15\server\odoo\modules\registry.py", line 85, in new
    registry.setup_signaling()
  File "C:\Odoo15\server\odoo\modules\registry.py", line 616, in setup_signaling
    cr.execute("CREATE SEQUENCE base_registry_signaling INCREMENT BY 1 START WITH 1")
  File "<decorator-gen-5>", line 2, in execute
    
  File "C:\Odoo15\server\odoo\sql_db.py", line 90, in check
    return f(self, *args, **kwargs)
  File "C:\Odoo15\server\odoo\sql_db.py", line 311, in execute
    res = self._obj.execute(query, params)
Exception

The above exception was the direct cause of the following exception:

Traceback (most recent call last):
  File "C:\Odoo15\python\Lib\site-packages\werkzeug\serving.py", line 319, in run_wsgi
    execute(self.server.app)
  File "C:\Odoo15\python\Lib\site-packages\werkzeug\serving.py", line 308, in execute
    application_iter = app(environ, start_response)
  File "C:\Odoo15\server\odoo\service\server.py", line 482, in app
    return self.app(e, s)
  File "C:\Odoo15\server\odoo\service\wsgi_server.py", line 112, in application
    return application_unproxied(environ, start_response)
  File "C:\Odoo15\server\odoo\service\wsgi_server.py", line 87, in application_unproxied
    result = odoo.http.root(environ, start_response)
  File "C:\Odoo15\server\odoo\http.py", line 1355, in __call__
    return self.dispatch(environ, start_response)
  File "C:\Odoo15\server\odoo\http.py", line 1321, in __call__
    return self.app(environ, start_wrapped)
  File "C:\Odoo15\python\Lib\site-packages\werkzeug\middleware\shared_data.py", line 287, in __call__
    return self.app(environ, start_response)
  File "C:\Odoo15\server\odoo\http.py", line 1546, in dispatch
    result = _dispatch_nodb()
  File "C:\Odoo15\server\odoo\http.py", line 1519, in _dispatch_nodb
    return request._handle_exception(e)
  File "C:\Odoo15\server\odoo\http.py", line 763, in _handle_exception
    return super(HttpRequest, self)._handle_exception(exception)
  File "C:\Odoo15\server\odoo\http.py", line 301, in _handle_exception
    raise exception.with_traceback(None) from new_cause
psycopg2.errors.DuplicateTable: relation "base_registry_signaling" already exists - - -
2026-03-11 13:13:38,088 3412 ERROR dev_odoo19 odoo.sql_db: bad query: CREATE SEQUENCE base_registry_signaling INCREMENT BY 1 START WITH 1
ERROR: relation "base_registry_signaling" already exists
 
2026-03-11 13:13:38,088 3412 ERROR dev_odoo19 odoo.modules.registry: Failed to load registry 
Traceback (most recent call last):
  File "C:\Odoo15\server\odoo\modules\registry.py", line 61, in __new__
    return cls.registries[db_name]
           ~~~~~~~~~~~~~~^^^^^^^^^
  File "C:\Odoo15\server\odoo\tools\func.py", line 71, in wrapper
    return func(self, *args, **kwargs)
           ^^^^^^^^^^^^^^^^^^^^^^^^^^^
  File "C:\Odoo15\server\odoo\tools\lru.py", line 34, in __getitem__
    a = self.d[obj]
        ~~~~~~^^^^^
KeyError: 'dev_odoo19'

During handling of the above exception, another exception occurred:

Traceback (most recent call last):
  File "C:\Odoo15\server\odoo\modules\registry.py", line 85, in new
    registry.setup_signaling()
  File "C:\Odoo15\server\odoo\modules\registry.py", line 616, in setup_signaling
    cr.execute("CREATE SEQUENCE base_registry_signaling INCREMENT BY 1 START WITH 1")
  File "<decorator-gen-5>", line 2, in execute
  File "C:\Odoo15\server\odoo\sql_db.py", line 90, in check
    return f(self, *args, **kwargs)
           ^^^^^^^^^^^^^^^^^^^^^^^^
  File "C:\Odoo15\server\odoo\sql_db.py", line 311, in execute
    res = self._obj.execute(query, params)
          ^^^^^^^^^^^^^^^^^^^^^^^^^^^^^^^^
psycopg2.errors.DuplicateTable: relation "base_registry_signaling" already exists

2026-03-11 13:13:38,088 3412 ERROR dev_odoo19 odoo.sql_db: bad query: CREATE SEQUENCE base_registry_signaling INCREMENT BY 1 START WITH 1
ERROR: relation "base_registry_signaling" already exists
 
2026-03-11 13:13:38,088 3412 ERROR dev_odoo19 odoo.modules.registry: Failed to load registry 
Traceback (most recent call last):
  File "C:\Odoo15\server\odoo\modules\registry.py", line 61, in __new__
    return cls.registries[db_name]
           ~~~~~~~~~~~~~~^^^^^^^^^
  File "C:\Odoo15\server\odoo\tools\func.py", line 71, in wrapper
    return func(self, *args, **kwargs)
           ^^^^^^^^^^^^^^^^^^^^^^^^^^^
  File "C:\Odoo15\server\odoo\tools\lru.py", line 34, in __getitem__
    a = self.d[obj]
        ~~~~~~^^^^^
KeyError: 'dev_odoo19'

During handling of the above exception, another exception occurred:

Traceback (most recent call last):
  File "C:\Odoo15\server\odoo\http.py", line 1530, in dispatch
    odoo.registry(db).check_signaling()
    ^^^^^^^^^^^^^^^^^
  File "C:\Odoo15\server\odoo\__init__.py", line 126, in registry
    return modules.registry.Registry(database_name)
           ^^^^^^^^^^^^^^^^^^^^^^^^^^^^^^^^^^^^^^^^
  File "C:\Odoo15\server\odoo\modules\registry.py", line 63, in __new__
    return cls.new(db_name)
           ^^^^^^^^^^^^^^^^
  File "C:\Odoo15\server\odoo\modules\registry.py", line 85, in new
    registry.setup_signaling()
  File "C:\Odoo15\server\odoo\modules\registry.py", line 616, in setup_signaling
    cr.execute("CREATE SEQUENCE base_registry_signaling INCREMENT BY 1 START WITH 1")
  File "<decorator-gen-5>", line 2, in execute
  File "C:\Odoo15\server\odoo\sql_db.py", line 90, in check
    return f(self, *args, **kwargs)
           ^^^^^^^^^^^^^^^^^^^^^^^^
  File "C:\Odoo15\server\odoo\sql_db.py", line 311, in execute
    res = self._obj.execute(query, params)
          ^^^^^^^^^^^^^^^^^^^^^^^^^^^^^^^^
psycopg2.errors.DuplicateTable: relation "base_registry_signaling" already exists


During handling of the above exception, another exception occurred:

Traceback (most recent call last):
  File "C:\Odoo15\server\odoo\modules\registry.py", line 61, in __new__
    return cls.registries[db_name]
           ~~~~~~~~~~~~~~^^^^^^^^^
  File "C:\Odoo15\server\odoo\tools\func.py", line 71, in wrapper
    return func(self, *args, **kwargs)
           ^^^^^^^^^^^^^^^^^^^^^^^^^^^
  File "C:\Odoo15\server\odoo\tools\lru.py", line 34, in __getitem__
    a = self.d[obj]
        ~~~~~~^^^^^
KeyError: 'dev_odoo19'

During handling of the above exception, another exception occurred:

Traceback (most recent call last):
  File "C:\Odoo15\server\odoo\modules\registry.py", line 85, in new
    registry.setup_signaling()
  File "C:\Odoo15\server\odoo\modules\registry.py", line 616, in setup_signaling
    cr.execute("CREATE SEQUENCE base_registry_signaling INCREMENT BY 1 START WITH 1")
  File "<decorator-gen-5>", line 2, in execute
  File "C:\Odoo15\server\odoo\sql_db.py", line 90, in check
    return f(self, *args, **kwargs)
           ^^^^^^^^^^^^^^^^^^^^^^^^
  File "C:\Odoo15\server\odoo\sql_db.py", line 311, in execute
    res = self._obj.execute(query, params)
          ^^^^^^^^^^^^^^^^^^^^^^^^^^^^^^^^
psycopg2.errors.DuplicateTable: relation "base_registry_signaling" already exists

2026-03-11 13:13:38,088 3412 INFO dev_odoo19 werkzeug: 127.0.0.1 - - [11/Mar/2026 13:13:38] "[35m[1mGET / HTTP/1.1[0m" 500 - 7 0.007 0.048
2026-03-11 13:13:38,115 3412 ERROR dev_odoo19 werkzeug: Error on request:
Traceback (most recent call last):
  File "C:\Odoo15\server\odoo\modules\registry.py", line 61, in __new__
    return cls.registries[db_name]
  File "C:\Odoo15\server\odoo\tools\func.py", line 71, in wrapper
    return func(self, *args, **kwargs)
  File "C:\Odoo15\server\odoo\tools\lru.py", line 34, in __getitem__
    a = self.d[obj]
KeyError: 'dev_odoo19'

During handling of the above exception, another exception occurred:

Traceback (most recent call last):
  File "C:\Odoo15\server\odoo\http.py", line 1530, in dispatch
    odoo.registry(db).check_signaling()
  File "C:\Odoo15\server\odoo\__init__.py", line 126, in registry
    return modules.registry.Registry(database_name)
  File "C:\Odoo15\server\odoo\modules\registry.py", line 63, in __new__
    return cls.new(db_name)
  File "C:\Odoo15\server\odoo\modules\registry.py", line 85, in new
    registry.setup_signaling()
  File "C:\Odoo15\server\odoo\modules\registry.py", line 616, in setup_signaling
    cr.execute("CREATE SEQUENCE base_registry_signaling INCREMENT BY 1 START WITH 1")
  File "<decorator-gen-5>", line 2, in execute
    
  File "C:\Odoo15\server\odoo\sql_db.py", line 90, in check
    return f(self, *args, **kwargs)
  File "C:\Odoo15\server\odoo\sql_db.py", line 311, in execute
    res = self._obj.execute(query, params)
psycopg2.errors.DuplicateTable: relation "base_registry_signaling" already exists

During handling of the above exception, another exception occurred:

Traceback (most recent call last):
  File "C:\Odoo15\server\odoo\modules\registry.py", line 61, in __new__
    return cls.registries[db_name]
  File "C:\Odoo15\server\odoo\tools\func.py", line 71, in wrapper
    return func(self, *args, **kwargs)
  File "C:\Odoo15\server\odoo\tools\lru.py", line 34, in __getitem__
    a = self.d[obj]
KeyError: 'dev_odoo19'

The above exception was the direct cause of the following exception:

Traceback (most recent call last):
  File "C:\Odoo15\server\odoo\http.py", line 1517, in _dispatch_nodb
    result = request.dispatch()
  File "C:\Odoo15\server\odoo\http.py", line 819, in dispatch
    r = self._call_function(**self.params)
  File "C:\Odoo15\server\odoo\http.py", line 368, in _call_function
    return checked_call(self.db, *args, **kwargs)
  File "C:\Odoo15\server\odoo\service\model.py", line 92, in wrapper
    if odoo.registry(dbname)._init and not odoo.tools.config['test_enable']:
  File "C:\Odoo15\server\odoo\__init__.py", line 126, in registry
    return modules.registry.Registry(database_name)
  File "C:\Odoo15\server\odoo\modules\registry.py", line 63, in __new__
    return cls.new(db_name)
  File "C:\Odoo15\server\odoo\modules\registry.py", line 85, in new
    registry.setup_signaling()
  File "C:\Odoo15\server\odoo\modules\registry.py", line 616, in setup_signaling
    cr.execute("CREATE SEQUENCE base_registry_signaling INCREMENT BY 1 START WITH 1")
  File "<decorator-gen-5>", line 2, in execute
    
  File "C:\Odoo15\server\odoo\sql_db.py", line 90, in check
    return f(self, *args, **kwargs)
  File "C:\Odoo15\server\odoo\sql_db.py", line 311, in execute
    res = self._obj.execute(query, params)
Exception

The above exception was the direct cause of the following exception:

Traceback (most recent call last):
  File "C:\Odoo15\python\Lib\site-packages\werkzeug\serving.py", line 319, in run_wsgi
    execute(self.server.app)
  File "C:\Odoo15\python\Lib\site-packages\werkzeug\serving.py", line 308, in execute
    application_iter = app(environ, start_response)
  File "C:\Odoo15\server\odoo\service\server.py", line 482, in app
    return self.app(e, s)
  File "C:\Odoo15\server\odoo\service\wsgi_server.py", line 112, in application
    return application_unproxied(environ, start_response)
  File "C:\Odoo15\server\odoo\service\wsgi_server.py", line 87, in application_unproxied
    result = odoo.http.root(environ, start_response)
  File "C:\Odoo15\server\odoo\http.py", line 1355, in __call__
    return self.dispatch(environ, start_response)
  File "C:\Odoo15\server\odoo\http.py", line 1321, in __call__
    return self.app(environ, start_wrapped)
  File "C:\Odoo15\python\Lib\site-packages\werkzeug\middleware\shared_data.py", line 287, in __call__
    return self.app(environ, start_response)
  File "C:\Odoo15\server\odoo\http.py", line 1546, in dispatch
    result = _dispatch_nodb()
  File "C:\Odoo15\server\odoo\http.py", line 1519, in _dispatch_nodb
    return request._handle_exception(e)
  File "C:\Odoo15\server\odoo\http.py", line 763, in _handle_exception
    return super(HttpRequest, self)._handle_exception(exception)
  File "C:\Odoo15\server\odoo\http.py", line 301, in _handle_exception
    raise exception.with_traceback(None) from new_cause
psycopg2.errors.DuplicateTable: relation "base_registry_signaling" already exists - - -
2026-03-11 13:13:39,112 3412 ERROR dev_odoo19 odoo.sql_db: bad query: CREATE SEQUENCE base_registry_signaling INCREMENT BY 1 START WITH 1
ERROR: relation "base_registry_signaling" already exists
 
2026-03-11 13:13:39,112 3412 ERROR dev_odoo19 odoo.modules.registry: Failed to load registry 
Traceback (most recent call last):
  File "C:\Odoo15\server\odoo\modules\registry.py", line 61, in __new__
    return cls.registries[db_name]
           ~~~~~~~~~~~~~~^^^^^^^^^
  File "C:\Odoo15\server\odoo\tools\func.py", line 71, in wrapper
    return func(self, *args, **kwargs)
           ^^^^^^^^^^^^^^^^^^^^^^^^^^^
  File "C:\Odoo15\server\odoo\tools\lru.py", line 34, in __getitem__
    a = self.d[obj]
        ~~~~~~^^^^^
KeyError: 'dev_odoo19'

During handling of the above exception, another exception occurred:

Traceback (most recent call last):
  File "C:\Odoo15\server\odoo\modules\registry.py", line 85, in new
    registry.setup_signaling()
  File "C:\Odoo15\server\odoo\modules\registry.py", line 616, in setup_signaling
    cr.execute("CREATE SEQUENCE base_registry_signaling INCREMENT BY 1 START WITH 1")
  File "<decorator-gen-5>", line 2, in execute
  File "C:\Odoo15\server\odoo\sql_db.py", line 90, in check
    return f(self, *args, **kwargs)
           ^^^^^^^^^^^^^^^^^^^^^^^^
  File "C:\Odoo15\server\odoo\sql_db.py", line 311, in execute
    res = self._obj.execute(query, params)
          ^^^^^^^^^^^^^^^^^^^^^^^^^^^^^^^^
psycopg2.errors.DuplicateTable: relation "base_registry_signaling" already exists

2026-03-11 13:13:39,116 3412 ERROR dev_odoo19 odoo.sql_db: bad query: CREATE SEQUENCE base_registry_signaling INCREMENT BY 1 START WITH 1
ERROR: relation "base_registry_signaling" already exists
 
2026-03-11 13:13:39,116 3412 ERROR dev_odoo19 odoo.modules.registry: Failed to load registry 
Traceback (most recent call last):
  File "C:\Odoo15\server\odoo\modules\registry.py", line 61, in __new__
    return cls.registries[db_name]
           ~~~~~~~~~~~~~~^^^^^^^^^
  File "C:\Odoo15\server\odoo\tools\func.py", line 71, in wrapper
    return func(self, *args, **kwargs)
           ^^^^^^^^^^^^^^^^^^^^^^^^^^^
  File "C:\Odoo15\server\odoo\tools\lru.py", line 34, in __getitem__
    a = self.d[obj]
        ~~~~~~^^^^^
KeyError: 'dev_odoo19'

During handling of the above exception, another exception occurred:

Traceback (most recent call last):
  File "C:\Odoo15\server\odoo\http.py", line 1530, in dispatch
    odoo.registry(db).check_signaling()
    ^^^^^^^^^^^^^^^^^
  File "C:\Odoo15\server\odoo\__init__.py", line 126, in registry
    return modules.registry.Registry(database_name)
           ^^^^^^^^^^^^^^^^^^^^^^^^^^^^^^^^^^^^^^^^
  File "C:\Odoo15\server\odoo\modules\registry.py", line 63, in __new__
    return cls.new(db_name)
           ^^^^^^^^^^^^^^^^
  File "C:\Odoo15\server\odoo\modules\registry.py", line 85, in new
    registry.setup_signaling()
  File "C:\Odoo15\server\odoo\modules\registry.py", line 616, in setup_signaling
    cr.execute("CREATE SEQUENCE base_registry_signaling INCREMENT BY 1 START WITH 1")
  File "<decorator-gen-5>", line 2, in execute
  File "C:\Odoo15\server\odoo\sql_db.py", line 90, in check
    return f(self, *args, **kwargs)
           ^^^^^^^^^^^^^^^^^^^^^^^^
  File "C:\Odoo15\server\odoo\sql_db.py", line 311, in execute
    res = self._obj.execute(query, params)
          ^^^^^^^^^^^^^^^^^^^^^^^^^^^^^^^^
psycopg2.errors.DuplicateTable: relation "base_registry_signaling" already exists


During handling of the above exception, another exception occurred:

Traceback (most recent call last):
  File "C:\Odoo15\server\odoo\modules\registry.py", line 61, in __new__
    return cls.registries[db_name]
           ~~~~~~~~~~~~~~^^^^^^^^^
  File "C:\Odoo15\server\odoo\tools\func.py", line 71, in wrapper
    return func(self, *args, **kwargs)
           ^^^^^^^^^^^^^^^^^^^^^^^^^^^
  File "C:\Odoo15\server\odoo\tools\lru.py", line 34, in __getitem__
    a = self.d[obj]
        ~~~~~~^^^^^
KeyError: 'dev_odoo19'

During handling of the above exception, another exception occurred:

Traceback (most recent call last):
  File "C:\Odoo15\server\odoo\modules\registry.py", line 85, in new
    registry.setup_signaling()
  File "C:\Odoo15\server\odoo\modules\registry.py", line 616, in setup_signaling
    cr.execute("CREATE SEQUENCE base_registry_signaling INCREMENT BY 1 START WITH 1")
  File "<decorator-gen-5>", line 2, in execute
  File "C:\Odoo15\server\odoo\sql_db.py", line 90, in check
    return f(self, *args, **kwargs)
           ^^^^^^^^^^^^^^^^^^^^^^^^
  File "C:\Odoo15\server\odoo\sql_db.py", line 311, in execute
    res = self._obj.execute(query, params)
          ^^^^^^^^^^^^^^^^^^^^^^^^^^^^^^^^
psycopg2.errors.DuplicateTable: relation "base_registry_signaling" already exists

2026-03-11 13:13:39,120 3412 INFO dev_odoo19 werkzeug: 127.0.0.1 - - [11/Mar/2026 13:13:39] "[35m[1mGET / HTTP/1.1[0m" 500 - 7 0.011 0.054
2026-03-11 13:13:39,135 3412 ERROR dev_odoo19 werkzeug: Error on request:
Traceback (most recent call last):
  File "C:\Odoo15\server\odoo\modules\registry.py", line 61, in __new__
    return cls.registries[db_name]
  File "C:\Odoo15\server\odoo\tools\func.py", line 71, in wrapper
    return func(self, *args, **kwargs)
  File "C:\Odoo15\server\odoo\tools\lru.py", line 34, in __getitem__
    a = self.d[obj]
KeyError: 'dev_odoo19'

During handling of the above exception, another exception occurred:

Traceback (most recent call last):
  File "C:\Odoo15\server\odoo\http.py", line 1530, in dispatch
    odoo.registry(db).check_signaling()
  File "C:\Odoo15\server\odoo\__init__.py", line 126, in registry
    return modules.registry.Registry(database_name)
  File "C:\Odoo15\server\odoo\modules\registry.py", line 63, in __new__
    return cls.new(db_name)
  File "C:\Odoo15\server\odoo\modules\registry.py", line 85, in new
    registry.setup_signaling()
  File "C:\Odoo15\server\odoo\modules\registry.py", line 616, in setup_signaling
    cr.execute("CREATE SEQUENCE base_registry_signaling INCREMENT BY 1 START WITH 1")
  File "<decorator-gen-5>", line 2, in execute
    
  File "C:\Odoo15\server\odoo\sql_db.py", line 90, in check
    return f(self, *args, **kwargs)
  File "C:\Odoo15\server\odoo\sql_db.py", line 311, in execute
    res = self._obj.execute(query, params)
psycopg2.errors.DuplicateTable: relation "base_registry_signaling" already exists

During handling of the above exception, another exception occurred:

Traceback (most recent call last):
  File "C:\Odoo15\server\odoo\modules\registry.py", line 61, in __new__
    return cls.registries[db_name]
  File "C:\Odoo15\server\odoo\tools\func.py", line 71, in wrapper
    return func(self, *args, **kwargs)
  File "C:\Odoo15\server\odoo\tools\lru.py", line 34, in __getitem__
    a = self.d[obj]
KeyError: 'dev_odoo19'

The above exception was the direct cause of the following exception:

Traceback (most recent call last):
  File "C:\Odoo15\server\odoo\http.py", line 1517, in _dispatch_nodb
    result = request.dispatch()
  File "C:\Odoo15\server\odoo\http.py", line 819, in dispatch
    r = self._call_function(**self.params)
  File "C:\Odoo15\server\odoo\http.py", line 368, in _call_function
    return checked_call(self.db, *args, **kwargs)
  File "C:\Odoo15\server\odoo\service\model.py", line 92, in wrapper
    if odoo.registry(dbname)._init and not odoo.tools.config['test_enable']:
  File "C:\Odoo15\server\odoo\__init__.py", line 126, in registry
    return modules.registry.Registry(database_name)
  File "C:\Odoo15\server\odoo\modules\registry.py", line 63, in __new__
    return cls.new(db_name)
  File "C:\Odoo15\server\odoo\modules\registry.py", line 85, in new
    registry.setup_signaling()
  File "C:\Odoo15\server\odoo\modules\registry.py", line 616, in setup_signaling
    cr.execute("CREATE SEQUENCE base_registry_signaling INCREMENT BY 1 START WITH 1")
  File "<decorator-gen-5>", line 2, in execute
    
  File "C:\Odoo15\server\odoo\sql_db.py", line 90, in check
    return f(self, *args, **kwargs)
  File "C:\Odoo15\server\odoo\sql_db.py", line 311, in execute
    res = self._obj.execute(query, params)
Exception

The above exception was the direct cause of the following exception:

Traceback (most recent call last):
  File "C:\Odoo15\python\Lib\site-packages\werkzeug\serving.py", line 319, in run_wsgi
    execute(self.server.app)
  File "C:\Odoo15\python\Lib\site-packages\werkzeug\serving.py", line 308, in execute
    application_iter = app(environ, start_response)
  File "C:\Odoo15\server\odoo\service\server.py", line 482, in app
    return self.app(e, s)
  File "C:\Odoo15\server\odoo\service\wsgi_server.py", line 112, in application
    return application_unproxied(environ, start_response)
  File "C:\Odoo15\server\odoo\service\wsgi_server.py", line 87, in application_unproxied
    result = odoo.http.root(environ, start_response)
  File "C:\Odoo15\server\odoo\http.py", line 1355, in __call__
    return self.dispatch(environ, start_response)
  File "C:\Odoo15\server\odoo\http.py", line 1321, in __call__
    return self.app(environ, start_wrapped)
  File "C:\Odoo15\python\Lib\site-packages\werkzeug\middleware\shared_data.py", line 287, in __call__
    return self.app(environ, start_response)
  File "C:\Odoo15\server\odoo\http.py", line 1546, in dispatch
    result = _dispatch_nodb()
  File "C:\Odoo15\server\odoo\http.py", line 1519, in _dispatch_nodb
    return request._handle_exception(e)
  File "C:\Odoo15\server\odoo\http.py", line 763, in _handle_exception
    return super(HttpRequest, self)._handle_exception(exception)
  File "C:\Odoo15\server\odoo\http.py", line 301, in _handle_exception
    raise exception.with_traceback(None) from new_cause
psycopg2.errors.DuplicateTable: relation "base_registry_signaling" already exists - - -
2026-03-11 13:13:39,440 3412 ERROR dev_odoo19 odoo.sql_db: bad query: CREATE SEQUENCE base_registry_signaling INCREMENT BY 1 START WITH 1
ERROR: relation "base_registry_signaling" already exists
 
2026-03-11 13:13:39,441 3412 ERROR dev_odoo19 odoo.modules.registry: Failed to load registry 
Traceback (most recent call last):
  File "C:\Odoo15\server\odoo\modules\registry.py", line 61, in __new__
    return cls.registries[db_name]
           ~~~~~~~~~~~~~~^^^^^^^^^
  File "C:\Odoo15\server\odoo\tools\func.py", line 71, in wrapper
    return func(self, *args, **kwargs)
           ^^^^^^^^^^^^^^^^^^^^^^^^^^^
  File "C:\Odoo15\server\odoo\tools\lru.py", line 34, in __getitem__
    a = self.d[obj]
        ~~~~~~^^^^^
KeyError: 'dev_odoo19'

During handling of the above exception, another exception occurred:

Traceback (most recent call last):
  File "C:\Odoo15\server\odoo\modules\registry.py", line 85, in new
    registry.setup_signaling()
  File "C:\Odoo15\server\odoo\modules\registry.py", line 616, in setup_signaling
    cr.execute("CREATE SEQUENCE base_registry_signaling INCREMENT BY 1 START WITH 1")
  File "<decorator-gen-5>", line 2, in execute
  File "C:\Odoo15\server\odoo\sql_db.py", line 90, in check
    return f(self, *args, **kwargs)
           ^^^^^^^^^^^^^^^^^^^^^^^^
  File "C:\Odoo15\server\odoo\sql_db.py", line 311, in execute
    res = self._obj.execute(query, params)
          ^^^^^^^^^^^^^^^^^^^^^^^^^^^^^^^^
psycopg2.errors.DuplicateTable: relation "base_registry_signaling" already exists

2026-03-11 13:13:39,443 3412 ERROR dev_odoo19 odoo.sql_db: bad query: CREATE SEQUENCE base_registry_signaling INCREMENT BY 1 START WITH 1
ERROR: relation "base_registry_signaling" already exists
 
2026-03-11 13:13:39,443 3412 ERROR dev_odoo19 odoo.modules.registry: Failed to load registry 
Traceback (most recent call last):
  File "C:\Odoo15\server\odoo\modules\registry.py", line 61, in __new__
    return cls.registries[db_name]
           ~~~~~~~~~~~~~~^^^^^^^^^
  File "C:\Odoo15\server\odoo\tools\func.py", line 71, in wrapper
    return func(self, *args, **kwargs)
           ^^^^^^^^^^^^^^^^^^^^^^^^^^^
  File "C:\Odoo15\server\odoo\tools\lru.py", line 34, in __getitem__
    a = self.d[obj]
        ~~~~~~^^^^^
KeyError: 'dev_odoo19'

During handling of the above exception, another exception occurred:

Traceback (most recent call last):
  File "C:\Odoo15\server\odoo\http.py", line 1530, in dispatch
    odoo.registry(db).check_signaling()
    ^^^^^^^^^^^^^^^^^
  File "C:\Odoo15\server\odoo\__init__.py", line 126, in registry
    return modules.registry.Registry(database_name)
           ^^^^^^^^^^^^^^^^^^^^^^^^^^^^^^^^^^^^^^^^
  File "C:\Odoo15\server\odoo\modules\registry.py", line 63, in __new__
    return cls.new(db_name)
           ^^^^^^^^^^^^^^^^
  File "C:\Odoo15\server\odoo\modules\registry.py", line 85, in new
    registry.setup_signaling()
  File "C:\Odoo15\server\odoo\modules\registry.py", line 616, in setup_signaling
    cr.execute("CREATE SEQUENCE base_registry_signaling INCREMENT BY 1 START WITH 1")
  File "<decorator-gen-5>", line 2, in execute
  File "C:\Odoo15\server\odoo\sql_db.py", line 90, in check
    return f(self, *args, **kwargs)
           ^^^^^^^^^^^^^^^^^^^^^^^^
  File "C:\Odoo15\server\odoo\sql_db.py", line 311, in execute
    res = self._obj.execute(query, params)
          ^^^^^^^^^^^^^^^^^^^^^^^^^^^^^^^^
psycopg2.errors.DuplicateTable: relation "base_registry_signaling" already exists


During handling of the above exception, another exception occurred:

Traceback (most recent call last):
  File "C:\Odoo15\server\odoo\modules\registry.py", line 61, in __new__
    return cls.registries[db_name]
           ~~~~~~~~~~~~~~^^^^^^^^^
  File "C:\Odoo15\server\odoo\tools\func.py", line 71, in wrapper
    return func(self, *args, **kwargs)
           ^^^^^^^^^^^^^^^^^^^^^^^^^^^
  File "C:\Odoo15\server\odoo\tools\lru.py", line 34, in __getitem__
    a = self.d[obj]
        ~~~~~~^^^^^
KeyError: 'dev_odoo19'

During handling of the above exception, another exception occurred:

Traceback (most recent call last):
  File "C:\Odoo15\server\odoo\modules\registry.py", line 85, in new
    registry.setup_signaling()
  File "C:\Odoo15\server\odoo\modules\registry.py", line 616, in setup_signaling
    cr.execute("CREATE SEQUENCE base_registry_signaling INCREMENT BY 1 START WITH 1")
  File "<decorator-gen-5>", line 2, in execute
  File "C:\Odoo15\server\odoo\sql_db.py", line 90, in check
    return f(self, *args, **kwargs)
           ^^^^^^^^^^^^^^^^^^^^^^^^
  File "C:\Odoo15\server\odoo\sql_db.py", line 311, in execute
    res = self._obj.execute(query, params)
          ^^^^^^^^^^^^^^^^^^^^^^^^^^^^^^^^
psycopg2.errors.DuplicateTable: relation "base_registry_signaling" already exists

2026-03-11 13:13:39,453 3412 INFO dev_odoo19 werkzeug: 127.0.0.1 - - [11/Mar/2026 13:13:39] "[35m[1mGET / HTTP/1.1[0m" 500 - 7 0.006 0.074
2026-03-11 13:13:39,463 3412 ERROR dev_odoo19 werkzeug: Error on request:
Traceback (most recent call last):
  File "C:\Odoo15\server\odoo\modules\registry.py", line 61, in __new__
    return cls.registries[db_name]
  File "C:\Odoo15\server\odoo\tools\func.py", line 71, in wrapper
    return func(self, *args, **kwargs)
  File "C:\Odoo15\server\odoo\tools\lru.py", line 34, in __getitem__
    a = self.d[obj]
KeyError: 'dev_odoo19'

During handling of the above exception, another exception occurred:

Traceback (most recent call last):
  File "C:\Odoo15\server\odoo\http.py", line 1530, in dispatch
    odoo.registry(db).check_signaling()
  File "C:\Odoo15\server\odoo\__init__.py", line 126, in registry
    return modules.registry.Registry(database_name)
  File "C:\Odoo15\server\odoo\modules\registry.py", line 63, in __new__
    return cls.new(db_name)
  File "C:\Odoo15\server\odoo\modules\registry.py", line 85, in new
    registry.setup_signaling()
  File "C:\Odoo15\server\odoo\modules\registry.py", line 616, in setup_signaling
    cr.execute("CREATE SEQUENCE base_registry_signaling INCREMENT BY 1 START WITH 1")
  File "<decorator-gen-5>", line 2, in execute
    
  File "C:\Odoo15\server\odoo\sql_db.py", line 90, in check
    return f(self, *args, **kwargs)
  File "C:\Odoo15\server\odoo\sql_db.py", line 311, in execute
    res = self._obj.execute(query, params)
psycopg2.errors.DuplicateTable: relation "base_registry_signaling" already exists

During handling of the above exception, another exception occurred:

Traceback (most recent call last):
  File "C:\Odoo15\server\odoo\modules\registry.py", line 61, in __new__
    return cls.registries[db_name]
  File "C:\Odoo15\server\odoo\tools\func.py", line 71, in wrapper
    return func(self, *args, **kwargs)
  File "C:\Odoo15\server\odoo\tools\lru.py", line 34, in __getitem__
    a = self.d[obj]
KeyError: 'dev_odoo19'

The above exception was the direct cause of the following exception:

Traceback (most recent call last):
  File "C:\Odoo15\server\odoo\http.py", line 1517, in _dispatch_nodb
    result = request.dispatch()
  File "C:\Odoo15\server\odoo\http.py", line 819, in dispatch
    r = self._call_function(**self.params)
  File "C:\Odoo15\server\odoo\http.py", line 368, in _call_function
    return checked_call(self.db, *args, **kwargs)
  File "C:\Odoo15\server\odoo\service\model.py", line 92, in wrapper
    if odoo.registry(dbname)._init and not odoo.tools.config['test_enable']:
  File "C:\Odoo15\server\odoo\__init__.py", line 126, in registry
    return modules.registry.Registry(database_name)
  File "C:\Odoo15\server\odoo\modules\registry.py", line 63, in __new__
    return cls.new(db_name)
  File "C:\Odoo15\server\odoo\modules\registry.py", line 85, in new
    registry.setup_signaling()
  File "C:\Odoo15\server\odoo\modules\registry.py", line 616, in setup_signaling
    cr.execute("CREATE SEQUENCE base_registry_signaling INCREMENT BY 1 START WITH 1")
  File "<decorator-gen-5>", line 2, in execute
    
  File "C:\Odoo15\server\odoo\sql_db.py", line 90, in check
    return f(self, *args, **kwargs)
  File "C:\Odoo15\server\odoo\sql_db.py", line 311, in execute
    res = self._obj.execute(query, params)
Exception

The above exception was the direct cause of the following exception:

Traceback (most recent call last):
  File "C:\Odoo15\python\Lib\site-packages\werkzeug\serving.py", line 319, in run_wsgi
    execute(self.server.app)
  File "C:\Odoo15\python\Lib\site-packages\werkzeug\serving.py", line 308, in execute
    application_iter = app(environ, start_response)
  File "C:\Odoo15\server\odoo\service\server.py", line 482, in app
    return self.app(e, s)
  File "C:\Odoo15\server\odoo\service\wsgi_server.py", line 112, in application
    return application_unproxied(environ, start_response)
  File "C:\Odoo15\server\odoo\service\wsgi_server.py", line 87, in application_unproxied
    result = odoo.http.root(environ, start_response)
  File "C:\Odoo15\server\odoo\http.py", line 1355, in __call__
    return self.dispatch(environ, start_response)
  File "C:\Odoo15\server\odoo\http.py", line 1321, in __call__
    return self.app(environ, start_wrapped)
  File "C:\Odoo15\python\Lib\site-packages\werkzeug\middleware\shared_data.py", line 287, in __call__
    return self.app(environ, start_response)
  File "C:\Odoo15\server\odoo\http.py", line 1546, in dispatch
    result = _dispatch_nodb()
  File "C:\Odoo15\server\odoo\http.py", line 1519, in _dispatch_nodb
    return request._handle_exception(e)
  File "C:\Odoo15\server\odoo\http.py", line 763, in _handle_exception
    return super(HttpRequest, self)._handle_exception(exception)
  File "C:\Odoo15\server\odoo\http.py", line 301, in _handle_exception
    raise exception.with_traceback(None) from new_cause
psycopg2.errors.DuplicateTable: relation "base_registry_signaling" already exists - - -
2026-03-11 13:13:39,620 3412 ERROR dev_odoo19 odoo.sql_db: bad query: CREATE SEQUENCE base_registry_signaling INCREMENT BY 1 START WITH 1
ERROR: relation "base_registry_signaling" already exists
 
2026-03-11 13:13:39,622 3412 ERROR dev_odoo19 odoo.modules.registry: Failed to load registry 
Traceback (most recent call last):
  File "C:\Odoo15\server\odoo\modules\registry.py", line 61, in __new__
    return cls.registries[db_name]
           ~~~~~~~~~~~~~~^^^^^^^^^
  File "C:\Odoo15\server\odoo\tools\func.py", line 71, in wrapper
    return func(self, *args, **kwargs)
           ^^^^^^^^^^^^^^^^^^^^^^^^^^^
  File "C:\Odoo15\server\odoo\tools\lru.py", line 34, in __getitem__
    a = self.d[obj]
        ~~~~~~^^^^^
KeyError: 'dev_odoo19'

During handling of the above exception, another exception occurred:

Traceback (most recent call last):
  File "C:\Odoo15\server\odoo\modules\registry.py", line 85, in new
    registry.setup_signaling()
  File "C:\Odoo15\server\odoo\modules\registry.py", line 616, in setup_signaling
    cr.execute("CREATE SEQUENCE base_registry_signaling INCREMENT BY 1 START WITH 1")
  File "<decorator-gen-5>", line 2, in execute
  File "C:\Odoo15\server\odoo\sql_db.py", line 90, in check
    return f(self, *args, **kwargs)
           ^^^^^^^^^^^^^^^^^^^^^^^^
  File "C:\Odoo15\server\odoo\sql_db.py", line 311, in execute
    res = self._obj.execute(query, params)
          ^^^^^^^^^^^^^^^^^^^^^^^^^^^^^^^^
psycopg2.errors.DuplicateTable: relation "base_registry_signaling" already exists

2026-03-11 13:13:39,623 3412 ERROR dev_odoo19 odoo.sql_db: bad query: CREATE SEQUENCE base_registry_signaling INCREMENT BY 1 START WITH 1
ERROR: relation "base_registry_signaling" already exists
 
2026-03-11 13:13:39,623 3412 ERROR dev_odoo19 odoo.modules.registry: Failed to load registry 
Traceback (most recent call last):
  File "C:\Odoo15\server\odoo\modules\registry.py", line 61, in __new__
    return cls.registries[db_name]
           ~~~~~~~~~~~~~~^^^^^^^^^
  File "C:\Odoo15\server\odoo\tools\func.py", line 71, in wrapper
    return func(self, *args, **kwargs)
           ^^^^^^^^^^^^^^^^^^^^^^^^^^^
  File "C:\Odoo15\server\odoo\tools\lru.py", line 34, in __getitem__
    a = self.d[obj]
        ~~~~~~^^^^^
KeyError: 'dev_odoo19'

During handling of the above exception, another exception occurred:

Traceback (most recent call last):
  File "C:\Odoo15\server\odoo\http.py", line 1530, in dispatch
    odoo.registry(db).check_signaling()
    ^^^^^^^^^^^^^^^^^
  File "C:\Odoo15\server\odoo\__init__.py", line 126, in registry
    return modules.registry.Registry(database_name)
           ^^^^^^^^^^^^^^^^^^^^^^^^^^^^^^^^^^^^^^^^
  File "C:\Odoo15\server\odoo\modules\registry.py", line 63, in __new__
    return cls.new(db_name)
           ^^^^^^^^^^^^^^^^
  File "C:\Odoo15\server\odoo\modules\registry.py", line 85, in new
    registry.setup_signaling()
  File "C:\Odoo15\server\odoo\modules\registry.py", line 616, in setup_signaling
    cr.execute("CREATE SEQUENCE base_registry_signaling INCREMENT BY 1 START WITH 1")
  File "<decorator-gen-5>", line 2, in execute
  File "C:\Odoo15\server\odoo\sql_db.py", line 90, in check
    return f(self, *args, **kwargs)
           ^^^^^^^^^^^^^^^^^^^^^^^^
  File "C:\Odoo15\server\odoo\sql_db.py", line 311, in execute
    res = self._obj.execute(query, params)
          ^^^^^^^^^^^^^^^^^^^^^^^^^^^^^^^^
psycopg2.errors.DuplicateTable: relation "base_registry_signaling" already exists


During handling of the above exception, another exception occurred:

Traceback (most recent call last):
  File "C:\Odoo15\server\odoo\modules\registry.py", line 61, in __new__
    return cls.registries[db_name]
           ~~~~~~~~~~~~~~^^^^^^^^^
  File "C:\Odoo15\server\odoo\tools\func.py", line 71, in wrapper
    return func(self, *args, **kwargs)
           ^^^^^^^^^^^^^^^^^^^^^^^^^^^
  File "C:\Odoo15\server\odoo\tools\lru.py", line 34, in __getitem__
    a = self.d[obj]
        ~~~~~~^^^^^
KeyError: 'dev_odoo19'

During handling of the above exception, another exception occurred:

Traceback (most recent call last):
  File "C:\Odoo15\server\odoo\modules\registry.py", line 85, in new
    registry.setup_signaling()
  File "C:\Odoo15\server\odoo\modules\registry.py", line 616, in setup_signaling
    cr.execute("CREATE SEQUENCE base_registry_signaling INCREMENT BY 1 START WITH 1")
  File "<decorator-gen-5>", line 2, in execute
  File "C:\Odoo15\server\odoo\sql_db.py", line 90, in check
    return f(self, *args, **kwargs)
           ^^^^^^^^^^^^^^^^^^^^^^^^
  File "C:\Odoo15\server\odoo\sql_db.py", line 311, in execute
    res = self._obj.execute(query, params)
          ^^^^^^^^^^^^^^^^^^^^^^^^^^^^^^^^
psycopg2.errors.DuplicateTable: relation "base_registry_signaling" already exists

2026-03-11 13:13:39,635 3412 INFO dev_odoo19 werkzeug: 127.0.0.1 - - [11/Mar/2026 13:13:39] "[35m[1mGET / HTTP/1.1[0m" 500 - 7 0.016 0.045
2026-03-11 13:13:39,642 3412 ERROR dev_odoo19 werkzeug: Error on request:
Traceback (most recent call last):
  File "C:\Odoo15\server\odoo\modules\registry.py", line 61, in __new__
    return cls.registries[db_name]
  File "C:\Odoo15\server\odoo\tools\func.py", line 71, in wrapper
    return func(self, *args, **kwargs)
  File "C:\Odoo15\server\odoo\tools\lru.py", line 34, in __getitem__
    a = self.d[obj]
KeyError: 'dev_odoo19'

During handling of the above exception, another exception occurred:

Traceback (most recent call last):
  File "C:\Odoo15\server\odoo\http.py", line 1530, in dispatch
    odoo.registry(db).check_signaling()
  File "C:\Odoo15\server\odoo\__init__.py", line 126, in registry
    return modules.registry.Registry(database_name)
  File "C:\Odoo15\server\odoo\modules\registry.py", line 63, in __new__
    return cls.new(db_name)
  File "C:\Odoo15\server\odoo\modules\registry.py", line 85, in new
    registry.setup_signaling()
  File "C:\Odoo15\server\odoo\modules\registry.py", line 616, in setup_signaling
    cr.execute("CREATE SEQUENCE base_registry_signaling INCREMENT BY 1 START WITH 1")
  File "<decorator-gen-5>", line 2, in execute
    
  File "C:\Odoo15\server\odoo\sql_db.py", line 90, in check
    return f(self, *args, **kwargs)
  File "C:\Odoo15\server\odoo\sql_db.py", line 311, in execute
    res = self._obj.execute(query, params)
psycopg2.errors.DuplicateTable: relation "base_registry_signaling" already exists

During handling of the above exception, another exception occurred:

Traceback (most recent call last):
  File "C:\Odoo15\server\odoo\modules\registry.py", line 61, in __new__
    return cls.registries[db_name]
  File "C:\Odoo15\server\odoo\tools\func.py", line 71, in wrapper
    return func(self, *args, **kwargs)
  File "C:\Odoo15\server\odoo\tools\lru.py", line 34, in __getitem__
    a = self.d[obj]
KeyError: 'dev_odoo19'

The above exception was the direct cause of the following exception:

Traceback (most recent call last):
  File "C:\Odoo15\server\odoo\http.py", line 1517, in _dispatch_nodb
    result = request.dispatch()
  File "C:\Odoo15\server\odoo\http.py", line 819, in dispatch
    r = self._call_function(**self.params)
  File "C:\Odoo15\server\odoo\http.py", line 368, in _call_function
    return checked_call(self.db, *args, **kwargs)
  File "C:\Odoo15\server\odoo\service\model.py", line 92, in wrapper
    if odoo.registry(dbname)._init and not odoo.tools.config['test_enable']:
  File "C:\Odoo15\server\odoo\__init__.py", line 126, in registry
    return modules.registry.Registry(database_name)
  File "C:\Odoo15\server\odoo\modules\registry.py", line 63, in __new__
    return cls.new(db_name)
  File "C:\Odoo15\server\odoo\modules\registry.py", line 85, in new
    registry.setup_signaling()
  File "C:\Odoo15\server\odoo\modules\registry.py", line 616, in setup_signaling
    cr.execute("CREATE SEQUENCE base_registry_signaling INCREMENT BY 1 START WITH 1")
  File "<decorator-gen-5>", line 2, in execute
    
  File "C:\Odoo15\server\odoo\sql_db.py", line 90, in check
    return f(self, *args, **kwargs)
  File "C:\Odoo15\server\odoo\sql_db.py", line 311, in execute
    res = self._obj.execute(query, params)
Exception

The above exception was the direct cause of the following exception:

Traceback (most recent call last):
  File "C:\Odoo15\python\Lib\site-packages\werkzeug\serving.py", line 319, in run_wsgi
    execute(self.server.app)
  File "C:\Odoo15\python\Lib\site-packages\werkzeug\serving.py", line 308, in execute
    application_iter = app(environ, start_response)
  File "C:\Odoo15\server\odoo\service\server.py", line 482, in app
    return self.app(e, s)
  File "C:\Odoo15\server\odoo\service\wsgi_server.py", line 112, in application
    return application_unproxied(environ, start_response)
  File "C:\Odoo15\server\odoo\service\wsgi_server.py", line 87, in application_unproxied
    result = odoo.http.root(environ, start_response)
  File "C:\Odoo15\server\odoo\http.py", line 1355, in __call__
    return self.dispatch(environ, start_response)
  File "C:\Odoo15\server\odoo\http.py", line 1321, in __call__
    return self.app(environ, start_wrapped)
  File "C:\Odoo15\python\Lib\site-packages\werkzeug\middleware\shared_data.py", line 287, in __call__
    return self.app(environ, start_response)
  File "C:\Odoo15\server\odoo\http.py", line 1546, in dispatch
    result = _dispatch_nodb()
  File "C:\Odoo15\server\odoo\http.py", line 1519, in _dispatch_nodb
    return request._handle_exception(e)
  File "C:\Odoo15\server\odoo\http.py", line 763, in _handle_exception
    return super(HttpRequest, self)._handle_exception(exception)
  File "C:\Odoo15\server\odoo\http.py", line 301, in _handle_exception
    raise exception.with_traceback(None) from new_cause
psycopg2.errors.DuplicateTable: relation "base_registry_signaling" already exists - - -
2026-03-11 13:13:39,962 3412 ERROR dev_odoo19 odoo.sql_db: bad query: CREATE SEQUENCE base_registry_signaling INCREMENT BY 1 START WITH 1
ERROR: relation "base_registry_signaling" already exists
 
2026-03-11 13:13:39,962 3412 ERROR dev_odoo19 odoo.modules.registry: Failed to load registry 
Traceback (most recent call last):
  File "C:\Odoo15\server\odoo\modules\registry.py", line 61, in __new__
    return cls.registries[db_name]
           ~~~~~~~~~~~~~~^^^^^^^^^
  File "C:\Odoo15\server\odoo\tools\func.py", line 71, in wrapper
    return func(self, *args, **kwargs)
           ^^^^^^^^^^^^^^^^^^^^^^^^^^^
  File "C:\Odoo15\server\odoo\tools\lru.py", line 34, in __getitem__
    a = self.d[obj]
        ~~~~~~^^^^^
KeyError: 'dev_odoo19'

During handling of the above exception, another exception occurred:

Traceback (most recent call last):
  File "C:\Odoo15\server\odoo\modules\registry.py", line 85, in new
    registry.setup_signaling()
  File "C:\Odoo15\server\odoo\modules\registry.py", line 616, in setup_signaling
    cr.execute("CREATE SEQUENCE base_registry_signaling INCREMENT BY 1 START WITH 1")
  File "<decorator-gen-5>", line 2, in execute
  File "C:\Odoo15\server\odoo\sql_db.py", line 90, in check
    return f(self, *args, **kwargs)
           ^^^^^^^^^^^^^^^^^^^^^^^^
  File "C:\Odoo15\server\odoo\sql_db.py", line 311, in execute
    res = self._obj.execute(query, params)
          ^^^^^^^^^^^^^^^^^^^^^^^^^^^^^^^^
psycopg2.errors.DuplicateTable: relation "base_registry_signaling" already exists

2026-03-11 13:13:39,965 3412 ERROR dev_odoo19 odoo.sql_db: bad query: CREATE SEQUENCE base_registry_signaling INCREMENT BY 1 START WITH 1
ERROR: relation "base_registry_signaling" already exists
 
2026-03-11 13:13:39,965 3412 ERROR dev_odoo19 odoo.modules.registry: Failed to load registry 
Traceback (most recent call last):
  File "C:\Odoo15\server\odoo\modules\registry.py", line 61, in __new__
    return cls.registries[db_name]
           ~~~~~~~~~~~~~~^^^^^^^^^
  File "C:\Odoo15\server\odoo\tools\func.py", line 71, in wrapper
    return func(self, *args, **kwargs)
           ^^^^^^^^^^^^^^^^^^^^^^^^^^^
  File "C:\Odoo15\server\odoo\tools\lru.py", line 34, in __getitem__
    a = self.d[obj]
        ~~~~~~^^^^^
KeyError: 'dev_odoo19'

During handling of the above exception, another exception occurred:

Traceback (most recent call last):
  File "C:\Odoo15\server\odoo\http.py", line 1530, in dispatch
    odoo.registry(db).check_signaling()
    ^^^^^^^^^^^^^^^^^
  File "C:\Odoo15\server\odoo\__init__.py", line 126, in registry
    return modules.registry.Registry(database_name)
           ^^^^^^^^^^^^^^^^^^^^^^^^^^^^^^^^^^^^^^^^
  File "C:\Odoo15\server\odoo\modules\registry.py", line 63, in __new__
    return cls.new(db_name)
           ^^^^^^^^^^^^^^^^
  File "C:\Odoo15\server\odoo\modules\registry.py", line 85, in new
    registry.setup_signaling()
  File "C:\Odoo15\server\odoo\modules\registry.py", line 616, in setup_signaling
    cr.execute("CREATE SEQUENCE base_registry_signaling INCREMENT BY 1 START WITH 1")
  File "<decorator-gen-5>", line 2, in execute
  File "C:\Odoo15\server\odoo\sql_db.py", line 90, in check
    return f(self, *args, **kwargs)
           ^^^^^^^^^^^^^^^^^^^^^^^^
  File "C:\Odoo15\server\odoo\sql_db.py", line 311, in execute
    res = self._obj.execute(query, params)
          ^^^^^^^^^^^^^^^^^^^^^^^^^^^^^^^^
psycopg2.errors.DuplicateTable: relation "base_registry_signaling" already exists


During handling of the above exception, another exception occurred:

Traceback (most recent call last):
  File "C:\Odoo15\server\odoo\modules\registry.py", line 61, in __new__
    return cls.registries[db_name]
           ~~~~~~~~~~~~~~^^^^^^^^^
  File "C:\Odoo15\server\odoo\tools\func.py", line 71, in wrapper
    return func(self, *args, **kwargs)
           ^^^^^^^^^^^^^^^^^^^^^^^^^^^
  File "C:\Odoo15\server\odoo\tools\lru.py", line 34, in __getitem__
    a = self.d[obj]
        ~~~~~~^^^^^
KeyError: 'dev_odoo19'

During handling of the above exception, another exception occurred:

Traceback (most recent call last):
  File "C:\Odoo15\server\odoo\modules\registry.py", line 85, in new
    registry.setup_signaling()
  File "C:\Odoo15\server\odoo\modules\registry.py", line 616, in setup_signaling
    cr.execute("CREATE SEQUENCE base_registry_signaling INCREMENT BY 1 START WITH 1")
  File "<decorator-gen-5>", line 2, in execute
  File "C:\Odoo15\server\odoo\sql_db.py", line 90, in check
    return f(self, *args, **kwargs)
           ^^^^^^^^^^^^^^^^^^^^^^^^
  File "C:\Odoo15\server\odoo\sql_db.py", line 311, in execute
    res = self._obj.execute(query, params)
          ^^^^^^^^^^^^^^^^^^^^^^^^^^^^^^^^
psycopg2.errors.DuplicateTable: relation "base_registry_signaling" already exists

2026-03-11 13:13:39,966 3412 INFO dev_odoo19 werkzeug: 127.0.0.1 - - [11/Mar/2026 13:13:39] "[35m[1mGET / HTTP/1.1[0m" 500 - 7 0.003 0.078
2026-03-11 13:13:39,986 3412 ERROR dev_odoo19 werkzeug: Error on request:
Traceback (most recent call last):
  File "C:\Odoo15\server\odoo\modules\registry.py", line 61, in __new__
    return cls.registries[db_name]
  File "C:\Odoo15\server\odoo\tools\func.py", line 71, in wrapper
    return func(self, *args, **kwargs)
  File "C:\Odoo15\server\odoo\tools\lru.py", line 34, in __getitem__
    a = self.d[obj]
KeyError: 'dev_odoo19'

During handling of the above exception, another exception occurred:

Traceback (most recent call last):
  File "C:\Odoo15\server\odoo\http.py", line 1530, in dispatch
    odoo.registry(db).check_signaling()
  File "C:\Odoo15\server\odoo\__init__.py", line 126, in registry
    return modules.registry.Registry(database_name)
  File "C:\Odoo15\server\odoo\modules\registry.py", line 63, in __new__
    return cls.new(db_name)
  File "C:\Odoo15\server\odoo\modules\registry.py", line 85, in new
    registry.setup_signaling()
  File "C:\Odoo15\server\odoo\modules\registry.py", line 616, in setup_signaling
    cr.execute("CREATE SEQUENCE base_registry_signaling INCREMENT BY 1 START WITH 1")
  File "<decorator-gen-5>", line 2, in execute
    
  File "C:\Odoo15\server\odoo\sql_db.py", line 90, in check
    return f(self, *args, **kwargs)
  File "C:\Odoo15\server\odoo\sql_db.py", line 311, in execute
    res = self._obj.execute(query, params)
psycopg2.errors.DuplicateTable: relation "base_registry_signaling" already exists

During handling of the above exception, another exception occurred:

Traceback (most recent call last):
  File "C:\Odoo15\server\odoo\modules\registry.py", line 61, in __new__
    return cls.registries[db_name]
  File "C:\Odoo15\server\odoo\tools\func.py", line 71, in wrapper
    return func(self, *args, **kwargs)
  File "C:\Odoo15\server\odoo\tools\lru.py", line 34, in __getitem__
    a = self.d[obj]
KeyError: 'dev_odoo19'

The above exception was the direct cause of the following exception:

Traceback (most recent call last):
  File "C:\Odoo15\server\odoo\http.py", line 1517, in _dispatch_nodb
    result = request.dispatch()
  File "C:\Odoo15\server\odoo\http.py", line 819, in dispatch
    r = self._call_function(**self.params)
  File "C:\Odoo15\server\odoo\http.py", line 368, in _call_function
    return checked_call(self.db, *args, **kwargs)
  File "C:\Odoo15\server\odoo\service\model.py", line 92, in wrapper
    if odoo.registry(dbname)._init and not odoo.tools.config['test_enable']:
  File "C:\Odoo15\server\odoo\__init__.py", line 126, in registry
    return modules.registry.Registry(database_name)
  File "C:\Odoo15\server\odoo\modules\registry.py", line 63, in __new__
    return cls.new(db_name)
  File "C:\Odoo15\server\odoo\modules\registry.py", line 85, in new
    registry.setup_signaling()
  File "C:\Odoo15\server\odoo\modules\registry.py", line 616, in setup_signaling
    cr.execute("CREATE SEQUENCE base_registry_signaling INCREMENT BY 1 START WITH 1")
  File "<decorator-gen-5>", line 2, in execute
    
  File "C:\Odoo15\server\odoo\sql_db.py", line 90, in check
    return f(self, *args, **kwargs)
  File "C:\Odoo15\server\odoo\sql_db.py", line 311, in execute
    res = self._obj.execute(query, params)
Exception

The above exception was the direct cause of the following exception:

Traceback (most recent call last):
  File "C:\Odoo15\python\Lib\site-packages\werkzeug\serving.py", line 319, in run_wsgi
    execute(self.server.app)
  File "C:\Odoo15\python\Lib\site-packages\werkzeug\serving.py", line 308, in execute
    application_iter = app(environ, start_response)
  File "C:\Odoo15\server\odoo\service\server.py", line 482, in app
    return self.app(e, s)
  File "C:\Odoo15\server\odoo\service\wsgi_server.py", line 112, in application
    return application_unproxied(environ, start_response)
  File "C:\Odoo15\server\odoo\service\wsgi_server.py", line 87, in application_unproxied
    result = odoo.http.root(environ, start_response)
  File "C:\Odoo15\server\odoo\http.py", line 1355, in __call__
    return self.dispatch(environ, start_response)
  File "C:\Odoo15\server\odoo\http.py", line 1321, in __call__
    return self.app(environ, start_wrapped)
  File "C:\Odoo15\python\Lib\site-packages\werkzeug\middleware\shared_data.py", line 287, in __call__
    return self.app(environ, start_response)
  File "C:\Odoo15\server\odoo\http.py", line 1546, in dispatch
    result = _dispatch_nodb()
  File "C:\Odoo15\server\odoo\http.py", line 1519, in _dispatch_nodb
    return request._handle_exception(e)
  File "C:\Odoo15\server\odoo\http.py", line 763, in _handle_exception
    return super(HttpRequest, self)._handle_exception(exception)
  File "C:\Odoo15\server\odoo\http.py", line 301, in _handle_exception
    raise exception.with_traceback(None) from new_cause
psycopg2.errors.DuplicateTable: relation "base_registry_signaling" already exists - - -
2026-03-11 13:13:41,280 3412 ERROR dev_odoo19 odoo.sql_db: bad query: CREATE SEQUENCE base_registry_signaling INCREMENT BY 1 START WITH 1
ERROR: relation "base_registry_signaling" already exists
 
2026-03-11 13:13:41,280 3412 ERROR dev_odoo19 odoo.modules.registry: Failed to load registry 
Traceback (most recent call last):
  File "C:\Odoo15\server\odoo\modules\registry.py", line 61, in __new__
    return cls.registries[db_name]
           ~~~~~~~~~~~~~~^^^^^^^^^
  File "C:\Odoo15\server\odoo\tools\func.py", line 71, in wrapper
    return func(self, *args, **kwargs)
           ^^^^^^^^^^^^^^^^^^^^^^^^^^^
  File "C:\Odoo15\server\odoo\tools\lru.py", line 34, in __getitem__
    a = self.d[obj]
        ~~~~~~^^^^^
KeyError: 'dev_odoo19'

During handling of the above exception, another exception occurred:

Traceback (most recent call last):
  File "C:\Odoo15\server\odoo\modules\registry.py", line 85, in new
    registry.setup_signaling()
  File "C:\Odoo15\server\odoo\modules\registry.py", line 616, in setup_signaling
    cr.execute("CREATE SEQUENCE base_registry_signaling INCREMENT BY 1 START WITH 1")
  File "<decorator-gen-5>", line 2, in execute
  File "C:\Odoo15\server\odoo\sql_db.py", line 90, in check
    return f(self, *args, **kwargs)
           ^^^^^^^^^^^^^^^^^^^^^^^^
  File "C:\Odoo15\server\odoo\sql_db.py", line 311, in execute
    res = self._obj.execute(query, params)
          ^^^^^^^^^^^^^^^^^^^^^^^^^^^^^^^^
psycopg2.errors.DuplicateTable: relation "base_registry_signaling" already exists

2026-03-11 13:13:41,280 3412 ERROR dev_odoo19 odoo.sql_db: bad query: CREATE SEQUENCE base_registry_signaling INCREMENT BY 1 START WITH 1
ERROR: relation "base_registry_signaling" already exists
 
2026-03-11 13:13:41,280 3412 ERROR dev_odoo19 odoo.modules.registry: Failed to load registry 
Traceback (most recent call last):
  File "C:\Odoo15\server\odoo\modules\registry.py", line 61, in __new__
    return cls.registries[db_name]
           ~~~~~~~~~~~~~~^^^^^^^^^
  File "C:\Odoo15\server\odoo\tools\func.py", line 71, in wrapper
    return func(self, *args, **kwargs)
           ^^^^^^^^^^^^^^^^^^^^^^^^^^^
  File "C:\Odoo15\server\odoo\tools\lru.py", line 34, in __getitem__
    a = self.d[obj]
        ~~~~~~^^^^^
KeyError: 'dev_odoo19'

During handling of the above exception, another exception occurred:

Traceback (most recent call last):
  File "C:\Odoo15\server\odoo\http.py", line 1530, in dispatch
    odoo.registry(db).check_signaling()
    ^^^^^^^^^^^^^^^^^
  File "C:\Odoo15\server\odoo\__init__.py", line 126, in registry
    return modules.registry.Registry(database_name)
           ^^^^^^^^^^^^^^^^^^^^^^^^^^^^^^^^^^^^^^^^
  File "C:\Odoo15\server\odoo\modules\registry.py", line 63, in __new__
    return cls.new(db_name)
           ^^^^^^^^^^^^^^^^
  File "C:\Odoo15\server\odoo\modules\registry.py", line 85, in new
    registry.setup_signaling()
  File "C:\Odoo15\server\odoo\modules\registry.py", line 616, in setup_signaling
    cr.execute("CREATE SEQUENCE base_registry_signaling INCREMENT BY 1 START WITH 1")
  File "<decorator-gen-5>", line 2, in execute
  File "C:\Odoo15\server\odoo\sql_db.py", line 90, in check
    return f(self, *args, **kwargs)
           ^^^^^^^^^^^^^^^^^^^^^^^^
  File "C:\Odoo15\server\odoo\sql_db.py", line 311, in execute
    res = self._obj.execute(query, params)
          ^^^^^^^^^^^^^^^^^^^^^^^^^^^^^^^^
psycopg2.errors.DuplicateTable: relation "base_registry_signaling" already exists


During handling of the above exception, another exception occurred:

Traceback (most recent call last):
  File "C:\Odoo15\server\odoo\modules\registry.py", line 61, in __new__
    return cls.registries[db_name]
           ~~~~~~~~~~~~~~^^^^^^^^^
  File "C:\Odoo15\server\odoo\tools\func.py", line 71, in wrapper
    return func(self, *args, **kwargs)
           ^^^^^^^^^^^^^^^^^^^^^^^^^^^
  File "C:\Odoo15\server\odoo\tools\lru.py", line 34, in __getitem__
    a = self.d[obj]
        ~~~~~~^^^^^
KeyError: 'dev_odoo19'

During handling of the above exception, another exception occurred:

Traceback (most recent call last):
  File "C:\Odoo15\server\odoo\modules\registry.py", line 85, in new
    registry.setup_signaling()
  File "C:\Odoo15\server\odoo\modules\registry.py", line 616, in setup_signaling
    cr.execute("CREATE SEQUENCE base_registry_signaling INCREMENT BY 1 START WITH 1")
  File "<decorator-gen-5>", line 2, in execute
  File "C:\Odoo15\server\odoo\sql_db.py", line 90, in check
    return f(self, *args, **kwargs)
           ^^^^^^^^^^^^^^^^^^^^^^^^
  File "C:\Odoo15\server\odoo\sql_db.py", line 311, in execute
    res = self._obj.execute(query, params)
          ^^^^^^^^^^^^^^^^^^^^^^^^^^^^^^^^
psycopg2.errors.DuplicateTable: relation "base_registry_signaling" already exists

2026-03-11 13:13:41,291 3412 INFO dev_odoo19 werkzeug: 127.0.0.1 - - [11/Mar/2026 13:13:41] "[35m[1mGET / HTTP/1.1[0m" 500 - 7 0.015 0.055
2026-03-11 13:13:41,299 3412 ERROR dev_odoo19 werkzeug: Error on request:
Traceback (most recent call last):
  File "C:\Odoo15\server\odoo\modules\registry.py", line 61, in __new__
    return cls.registries[db_name]
  File "C:\Odoo15\server\odoo\tools\func.py", line 71, in wrapper
    return func(self, *args, **kwargs)
  File "C:\Odoo15\server\odoo\tools\lru.py", line 34, in __getitem__
    a = self.d[obj]
KeyError: 'dev_odoo19'

During handling of the above exception, another exception occurred:

Traceback (most recent call last):
  File "C:\Odoo15\server\odoo\http.py", line 1530, in dispatch
    odoo.registry(db).check_signaling()
  File "C:\Odoo15\server\odoo\__init__.py", line 126, in registry
    return modules.registry.Registry(database_name)
  File "C:\Odoo15\server\odoo\modules\registry.py", line 63, in __new__
    return cls.new(db_name)
  File "C:\Odoo15\server\odoo\modules\registry.py", line 85, in new
    registry.setup_signaling()
  File "C:\Odoo15\server\odoo\modules\registry.py", line 616, in setup_signaling
    cr.execute("CREATE SEQUENCE base_registry_signaling INCREMENT BY 1 START WITH 1")
  File "<decorator-gen-5>", line 2, in execute
    
  File "C:\Odoo15\server\odoo\sql_db.py", line 90, in check
    return f(self, *args, **kwargs)
  File "C:\Odoo15\server\odoo\sql_db.py", line 311, in execute
    res = self._obj.execute(query, params)
psycopg2.errors.DuplicateTable: relation "base_registry_signaling" already exists

During handling of the above exception, another exception occurred:

Traceback (most recent call last):
  File "C:\Odoo15\server\odoo\modules\registry.py", line 61, in __new__
    return cls.registries[db_name]
  File "C:\Odoo15\server\odoo\tools\func.py", line 71, in wrapper
    return func(self, *args, **kwargs)
  File "C:\Odoo15\server\odoo\tools\lru.py", line 34, in __getitem__
    a = self.d[obj]
KeyError: 'dev_odoo19'

The above exception was the direct cause of the following exception:

Traceback (most recent call last):
  File "C:\Odoo15\server\odoo\http.py", line 1517, in _dispatch_nodb
    result = request.dispatch()
  File "C:\Odoo15\server\odoo\http.py", line 819, in dispatch
    r = self._call_function(**self.params)
  File "C:\Odoo15\server\odoo\http.py", line 368, in _call_function
    return checked_call(self.db, *args, **kwargs)
  File "C:\Odoo15\server\odoo\service\model.py", line 92, in wrapper
    if odoo.registry(dbname)._init and not odoo.tools.config['test_enable']:
  File "C:\Odoo15\server\odoo\__init__.py", line 126, in registry
    return modules.registry.Registry(database_name)
  File "C:\Odoo15\server\odoo\modules\registry.py", line 63, in __new__
    return cls.new(db_name)
  File "C:\Odoo15\server\odoo\modules\registry.py", line 85, in new
    registry.setup_signaling()
  File "C:\Odoo15\server\odoo\modules\registry.py", line 616, in setup_signaling
    cr.execute("CREATE SEQUENCE base_registry_signaling INCREMENT BY 1 START WITH 1")
  File "<decorator-gen-5>", line 2, in execute
    
  File "C:\Odoo15\server\odoo\sql_db.py", line 90, in check
    return f(self, *args, **kwargs)
  File "C:\Odoo15\server\odoo\sql_db.py", line 311, in execute
    res = self._obj.execute(query, params)
Exception

The above exception was the direct cause of the following exception:

Traceback (most recent call last):
  File "C:\Odoo15\python\Lib\site-packages\werkzeug\serving.py", line 319, in run_wsgi
    execute(self.server.app)
  File "C:\Odoo15\python\Lib\site-packages\werkzeug\serving.py", line 308, in execute
    application_iter = app(environ, start_response)
  File "C:\Odoo15\server\odoo\service\server.py", line 482, in app
    return self.app(e, s)
  File "C:\Odoo15\server\odoo\service\wsgi_server.py", line 112, in application
    return application_unproxied(environ, start_response)
  File "C:\Odoo15\server\odoo\service\wsgi_server.py", line 87, in application_unproxied
    result = odoo.http.root(environ, start_response)
  File "C:\Odoo15\server\odoo\http.py", line 1355, in __call__
    return self.dispatch(environ, start_response)
  File "C:\Odoo15\server\odoo\http.py", line 1321, in __call__
    return self.app(environ, start_wrapped)
  File "C:\Odoo15\python\Lib\site-packages\werkzeug\middleware\shared_data.py", line 287, in __call__
    return self.app(environ, start_response)
  File "C:\Odoo15\server\odoo\http.py", line 1546, in dispatch
    result = _dispatch_nodb()
  File "C:\Odoo15\server\odoo\http.py", line 1519, in _dispatch_nodb
    return request._handle_exception(e)
  File "C:\Odoo15\server\odoo\http.py", line 763, in _handle_exception
    return super(HttpRequest, self)._handle_exception(exception)
  File "C:\Odoo15\server\odoo\http.py", line 301, in _handle_exception
    raise exception.with_traceback(None) from new_cause
psycopg2.errors.DuplicateTable: relation "base_registry_signaling" already exists - - -
2026-03-11 13:13:52,607 3412 INFO ? odoo.service.server: Initiating shutdown 
2026-03-11 13:13:52,607 3412 INFO ? odoo.service.server: Hit CTRL-C again or send a second signal to force the shutdown. 
2026-03-11 13:13:53,651 3412 INFO ? odoo.sql_db: ConnectionPool(used=0/count=0/max=64): Closed 3 connections  
2026-03-11 13:14:00,838 21636 INFO ? odoo: Odoo version 15.0-20250101 
2026-03-11 13:14:00,838 21636 INFO ? odoo: Using configuration file at C:\Odoo15\server\odoo.conf 
2026-03-11 13:14:00,838 21636 INFO ? odoo: addons paths: ['C:\\Odoo15\\server\\odoo\\addons', 'c:\\users\\pc\\appdata\\local\\openerp s.a\\odoo\\addons\\15.0', 'c:\\odoo15\\server\\odoo\\addons', 'c:\\odoo15\\custom_addons'] 
2026-03-11 13:14:00,838 21636 INFO ? odoo: database: odoo@localhost:5432 
2026-03-11 13:14:00,950 21636 INFO ? odoo.addons.base.models.ir_actions_report: Will use the Wkhtmltopdf binary at C:\Odoo15\thirdparty\wkhtmltopdf.exe 
2026-03-11 13:14:01,143 21636 INFO ? odoo.service.server: HTTP service (werkzeug) running on Busayomi.promethean.io:8070 
2026-03-11 13:14:11,840 21636 INFO ? odoo.http: HTTP Configuring static files 
2026-03-11 13:14:12,123 21636 ERROR dev_odoo19 odoo.sql_db: bad query: CREATE SEQUENCE base_registry_signaling INCREMENT BY 1 START WITH 1
ERROR: relation "base_registry_signaling" already exists
 
2026-03-11 13:14:12,124 21636 ERROR dev_odoo19 odoo.modules.registry: Failed to load registry 
Traceback (most recent call last):
  File "C:\Odoo15\server\odoo\modules\registry.py", line 61, in __new__
    return cls.registries[db_name]
           ~~~~~~~~~~~~~~^^^^^^^^^
  File "C:\Odoo15\server\odoo\tools\func.py", line 71, in wrapper
    return func(self, *args, **kwargs)
           ^^^^^^^^^^^^^^^^^^^^^^^^^^^
  File "C:\Odoo15\server\odoo\tools\lru.py", line 34, in __getitem__
    a = self.d[obj]
        ~~~~~~^^^^^
KeyError: 'dev_odoo19'

During handling of the above exception, another exception occurred:

Traceback (most recent call last):
  File "C:\Odoo15\server\odoo\modules\registry.py", line 85, in new
    registry.setup_signaling()
  File "C:\Odoo15\server\odoo\modules\registry.py", line 616, in setup_signaling
    cr.execute("CREATE SEQUENCE base_registry_signaling INCREMENT BY 1 START WITH 1")
  File "<decorator-gen-5>", line 2, in execute
  File "C:\Odoo15\server\odoo\sql_db.py", line 90, in check
    return f(self, *args, **kwargs)
           ^^^^^^^^^^^^^^^^^^^^^^^^
  File "C:\Odoo15\server\odoo\sql_db.py", line 311, in execute
    res = self._obj.execute(query, params)
          ^^^^^^^^^^^^^^^^^^^^^^^^^^^^^^^^
psycopg2.errors.DuplicateTable: relation "base_registry_signaling" already exists

2026-03-11 13:14:12,125 21636 INFO dev_odoo19 odoo.http: Generating nondb routing 
2026-03-11 13:14:12,149 21636 ERROR dev_odoo19 odoo.sql_db: bad query: CREATE SEQUENCE base_registry_signaling INCREMENT BY 1 START WITH 1
ERROR: relation "base_registry_signaling" already exists
 
2026-03-11 13:14:12,149 21636 ERROR dev_odoo19 odoo.modules.registry: Failed to load registry 
Traceback (most recent call last):
  File "C:\Odoo15\server\odoo\modules\registry.py", line 61, in __new__
    return cls.registries[db_name]
           ~~~~~~~~~~~~~~^^^^^^^^^
  File "C:\Odoo15\server\odoo\tools\func.py", line 71, in wrapper
    return func(self, *args, **kwargs)
           ^^^^^^^^^^^^^^^^^^^^^^^^^^^
  File "C:\Odoo15\server\odoo\tools\lru.py", line 34, in __getitem__
    a = self.d[obj]
        ~~~~~~^^^^^
KeyError: 'dev_odoo19'

During handling of the above exception, another exception occurred:

Traceback (most recent call last):
  File "C:\Odoo15\server\odoo\http.py", line 1530, in dispatch
    odoo.registry(db).check_signaling()
    ^^^^^^^^^^^^^^^^^
  File "C:\Odoo15\server\odoo\__init__.py", line 126, in registry
    return modules.registry.Registry(database_name)
           ^^^^^^^^^^^^^^^^^^^^^^^^^^^^^^^^^^^^^^^^
  File "C:\Odoo15\server\odoo\modules\registry.py", line 63, in __new__
    return cls.new(db_name)
           ^^^^^^^^^^^^^^^^
  File "C:\Odoo15\server\odoo\modules\registry.py", line 85, in new
    registry.setup_signaling()
  File "C:\Odoo15\server\odoo\modules\registry.py", line 616, in setup_signaling
    cr.execute("CREATE SEQUENCE base_registry_signaling INCREMENT BY 1 START WITH 1")
  File "<decorator-gen-5>", line 2, in execute
  File "C:\Odoo15\server\odoo\sql_db.py", line 90, in check
    return f(self, *args, **kwargs)
           ^^^^^^^^^^^^^^^^^^^^^^^^
  File "C:\Odoo15\server\odoo\sql_db.py", line 311, in execute
    res = self._obj.execute(query, params)
          ^^^^^^^^^^^^^^^^^^^^^^^^^^^^^^^^
psycopg2.errors.DuplicateTable: relation "base_registry_signaling" already exists


During handling of the above exception, another exception occurred:

Traceback (most recent call last):
  File "C:\Odoo15\server\odoo\modules\registry.py", line 61, in __new__
    return cls.registries[db_name]
           ~~~~~~~~~~~~~~^^^^^^^^^
  File "C:\Odoo15\server\odoo\tools\func.py", line 71, in wrapper
    return func(self, *args, **kwargs)
           ^^^^^^^^^^^^^^^^^^^^^^^^^^^
  File "C:\Odoo15\server\odoo\tools\lru.py", line 34, in __getitem__
    a = self.d[obj]
        ~~~~~~^^^^^
KeyError: 'dev_odoo19'

During handling of the above exception, another exception occurred:

Traceback (most recent call last):
  File "C:\Odoo15\server\odoo\modules\registry.py", line 85, in new
    registry.setup_signaling()
  File "C:\Odoo15\server\odoo\modules\registry.py", line 616, in setup_signaling
    cr.execute("CREATE SEQUENCE base_registry_signaling INCREMENT BY 1 START WITH 1")
  File "<decorator-gen-5>", line 2, in execute
  File "C:\Odoo15\server\odoo\sql_db.py", line 90, in check
    return f(self, *args, **kwargs)
           ^^^^^^^^^^^^^^^^^^^^^^^^
  File "C:\Odoo15\server\odoo\sql_db.py", line 311, in execute
    res = self._obj.execute(query, params)
          ^^^^^^^^^^^^^^^^^^^^^^^^^^^^^^^^
psycopg2.errors.DuplicateTable: relation "base_registry_signaling" already exists

2026-03-11 13:14:12,400 21636 INFO dev_odoo19 werkzeug: 127.0.0.1 - - [11/Mar/2026 13:14:12] "[35m[1mGET / HTTP/1.1[0m" 500 - 7 0.015 0.481
2026-03-11 13:14:12,417 21636 ERROR dev_odoo19 werkzeug: Error on request:
Traceback (most recent call last):
  File "C:\Odoo15\server\odoo\modules\registry.py", line 61, in __new__
    return cls.registries[db_name]
  File "C:\Odoo15\server\odoo\tools\func.py", line 71, in wrapper
    return func(self, *args, **kwargs)
  File "C:\Odoo15\server\odoo\tools\lru.py", line 34, in __getitem__
    a = self.d[obj]
KeyError: 'dev_odoo19'

During handling of the above exception, another exception occurred:

Traceback (most recent call last):
  File "C:\Odoo15\server\odoo\http.py", line 1530, in dispatch
    odoo.registry(db).check_signaling()
  File "C:\Odoo15\server\odoo\__init__.py", line 126, in registry
    return modules.registry.Registry(database_name)
  File "C:\Odoo15\server\odoo\modules\registry.py", line 63, in __new__
    return cls.new(db_name)
  File "C:\Odoo15\server\odoo\modules\registry.py", line 85, in new
    registry.setup_signaling()
  File "C:\Odoo15\server\odoo\modules\registry.py", line 616, in setup_signaling
    cr.execute("CREATE SEQUENCE base_registry_signaling INCREMENT BY 1 START WITH 1")
  File "<decorator-gen-5>", line 2, in execute
    
  File "C:\Odoo15\server\odoo\sql_db.py", line 90, in check
    return f(self, *args, **kwargs)
  File "C:\Odoo15\server\odoo\sql_db.py", line 311, in execute
    res = self._obj.execute(query, params)
psycopg2.errors.DuplicateTable: relation "base_registry_signaling" already exists

During handling of the above exception, another exception occurred:

Traceback (most recent call last):
  File "C:\Odoo15\server\odoo\modules\registry.py", line 61, in __new__
    return cls.registries[db_name]
  File "C:\Odoo15\server\odoo\tools\func.py", line 71, in wrapper
    return func(self, *args, **kwargs)
  File "C:\Odoo15\server\odoo\tools\lru.py", line 34, in __getitem__
    a = self.d[obj]
KeyError: 'dev_odoo19'

The above exception was the direct cause of the following exception:

Traceback (most recent call last):
  File "C:\Odoo15\server\odoo\http.py", line 1517, in _dispatch_nodb
    result = request.dispatch()
  File "C:\Odoo15\server\odoo\http.py", line 819, in dispatch
    r = self._call_function(**self.params)
  File "C:\Odoo15\server\odoo\http.py", line 368, in _call_function
    return checked_call(self.db, *args, **kwargs)
  File "C:\Odoo15\server\odoo\service\model.py", line 92, in wrapper
    if odoo.registry(dbname)._init and not odoo.tools.config['test_enable']:
  File "C:\Odoo15\server\odoo\__init__.py", line 126, in registry
    return modules.registry.Registry(database_name)
  File "C:\Odoo15\server\odoo\modules\registry.py", line 63, in __new__
    return cls.new(db_name)
  File "C:\Odoo15\server\odoo\modules\registry.py", line 85, in new
    registry.setup_signaling()
  File "C:\Odoo15\server\odoo\modules\registry.py", line 616, in setup_signaling
    cr.execute("CREATE SEQUENCE base_registry_signaling INCREMENT BY 1 START WITH 1")
  File "<decorator-gen-5>", line 2, in execute
    
  File "C:\Odoo15\server\odoo\sql_db.py", line 90, in check
    return f(self, *args, **kwargs)
  File "C:\Odoo15\server\odoo\sql_db.py", line 311, in execute
    res = self._obj.execute(query, params)
Exception

The above exception was the direct cause of the following exception:

Traceback (most recent call last):
  File "C:\Odoo15\python\Lib\site-packages\werkzeug\serving.py", line 319, in run_wsgi
    execute(self.server.app)
  File "C:\Odoo15\python\Lib\site-packages\werkzeug\serving.py", line 308, in execute
    application_iter = app(environ, start_response)
  File "C:\Odoo15\server\odoo\service\server.py", line 482, in app
    return self.app(e, s)
  File "C:\Odoo15\server\odoo\service\wsgi_server.py", line 112, in application
    return application_unproxied(environ, start_response)
  File "C:\Odoo15\server\odoo\service\wsgi_server.py", line 87, in application_unproxied
    result = odoo.http.root(environ, start_response)
  File "C:\Odoo15\server\odoo\http.py", line 1355, in __call__
    return self.dispatch(environ, start_response)
  File "C:\Odoo15\server\odoo\http.py", line 1321, in __call__
    return self.app(environ, start_wrapped)
  File "C:\Odoo15\python\Lib\site-packages\werkzeug\middleware\shared_data.py", line 287, in __call__
    return self.app(environ, start_response)
  File "C:\Odoo15\server\odoo\http.py", line 1546, in dispatch
    result = _dispatch_nodb()
  File "C:\Odoo15\server\odoo\http.py", line 1519, in _dispatch_nodb
    return request._handle_exception(e)
  File "C:\Odoo15\server\odoo\http.py", line 763, in _handle_exception
    return super(HttpRequest, self)._handle_exception(exception)
  File "C:\Odoo15\server\odoo\http.py", line 301, in _handle_exception
    raise exception.with_traceback(None) from new_cause
psycopg2.errors.DuplicateTable: relation "base_registry_signaling" already exists - - -
2026-03-11 13:37:12,705 21636 INFO ? odoo.service.server: Initiating shutdown 
2026-03-11 13:37:12,705 21636 INFO ? odoo.service.server: Hit CTRL-C again or send a second signal to force the shutdown. 
2026-03-11 13:37:12,996 21636 INFO ? odoo.sql_db: ConnectionPool(used=0/count=0/max=64): Closed 3 connections  
2026-03-11 13:37:24,006 19320 INFO ? odoo: Odoo version 15.0-20250101 
2026-03-11 13:37:24,006 19320 INFO ? odoo: Using configuration file at C:\Odoo15\server\odoo.conf 
2026-03-11 13:37:24,006 19320 INFO ? odoo: addons paths: ['C:\\Odoo15\\server\\odoo\\addons', 'c:\\users\\pc\\appdata\\local\\openerp s.a\\odoo\\addons\\15.0', 'c:\\odoo15\\server\\odoo\\addons', 'c:\\odoo15\\custom_addons'] 
2026-03-11 13:37:24,006 19320 INFO ? odoo: database: odoo15@localhost:5432 
2026-03-11 13:37:24,139 19320 INFO ? odoo.addons.base.models.ir_actions_report: Will use the Wkhtmltopdf binary at C:\Odoo15\thirdparty\wkhtmltopdf.exe 
2026-03-11 13:37:24,329 19320 INFO ? odoo.service.server: HTTP service (werkzeug) running on Busayomi.promethean.io:8070 
2026-03-11 13:37:34,427 19320 INFO ? odoo.http: HTTP Configuring static files 
2026-03-11 13:37:34,484 19320 INFO ? odoo.http: Generating nondb routing 
2026-03-11 13:37:34,561 19320 INFO ? werkzeug: 127.0.0.1 - - [11/Mar/2026 13:37:34] "[32mGET / HTTP/1.1[0m" 303 - 1 0.005 0.120
2026-03-11 13:37:34,667 19320 INFO ? werkzeug: 127.0.0.1 - - [11/Mar/2026 13:37:34] "[32mGET /web HTTP/1.1[0m" 303 - 2 0.010 0.091
2026-03-11 13:37:35,389 19320 INFO ? werkzeug: 127.0.0.1 - - [11/Mar/2026 13:37:35] "GET /web/database/selector HTTP/1.1" 200 - 2 0.007 0.712
2026-03-11 13:37:35,718 19320 INFO ? werkzeug: 127.0.0.1 - - [11/Mar/2026 13:37:35] "GET /web/static/lib/fontawesome/css/font-awesome.css HTTP/1.1" 200 - - - -
2026-03-11 13:37:35,718 19320 INFO ? werkzeug: 127.0.0.1 - - [11/Mar/2026 13:37:35] "GET /web/static/lib/bootstrap/css/bootstrap.css HTTP/1.1" 200 - - - -
2026-03-11 13:37:35,723 19320 INFO ? werkzeug: 127.0.0.1 - - [11/Mar/2026 13:37:35] "GET /web/static/lib/jquery/jquery.js HTTP/1.1" 200 - - - -
2026-03-11 13:37:35,723 19320 INFO ? werkzeug: 127.0.0.1 - - [11/Mar/2026 13:37:35] "GET /web/static/lib/popper/popper.js HTTP/1.1" 200 - - - -
2026-03-11 13:37:35,723 19320 INFO ? werkzeug: 127.0.0.1 - - [11/Mar/2026 13:37:35] "GET /web/static/lib/bootstrap/js/index.js HTTP/1.1" 200 - - - -
2026-03-11 13:37:35,725 19320 INFO ? werkzeug: 127.0.0.1 - - [11/Mar/2026 13:37:35] "GET /web/static/lib/bootstrap/js/util.js HTTP/1.1" 200 - - - -
2026-03-11 13:37:36,059 19320 INFO ? werkzeug: 127.0.0.1 - - [11/Mar/2026 13:37:36] "GET /web/static/lib/bootstrap/js/collapse.js HTTP/1.1" 200 - - - -
2026-03-11 13:37:36,060 19320 INFO ? werkzeug: 127.0.0.1 - - [11/Mar/2026 13:37:36] "GET /web/static/lib/bootstrap/js/modal.js HTTP/1.1" 200 - - - -
2026-03-11 13:37:36,060 19320 INFO ? werkzeug: 127.0.0.1 - - [11/Mar/2026 13:37:36] "GET /web/static/lib/bootstrap/js/alert.js HTTP/1.1" 200 - - - -
2026-03-11 13:37:36,061 19320 INFO ? werkzeug: 127.0.0.1 - - [11/Mar/2026 13:37:36] "GET /web/static/lib/bootstrap/js/dropdown.js HTTP/1.1" 200 - - - -
2026-03-11 13:37:36,062 19320 INFO ? werkzeug: 127.0.0.1 - - [11/Mar/2026 13:37:36] "GET /web/static/lib/bootstrap/js/carousel.js HTTP/1.1" 200 - - - -
2026-03-11 13:37:36,064 19320 INFO ? werkzeug: 127.0.0.1 - - [11/Mar/2026 13:37:36] "GET /web/static/lib/bootstrap/js/button.js HTTP/1.1" 200 - - - -
2026-03-11 13:37:36,386 19320 INFO ? werkzeug: 127.0.0.1 - - [11/Mar/2026 13:37:36] "GET /web/static/lib/bootstrap/js/tooltip.js HTTP/1.1" 200 - - - -
2026-03-11 13:37:36,392 19320 INFO ? werkzeug: 127.0.0.1 - - [11/Mar/2026 13:37:36] "GET /web/static/lib/bootstrap/js/popover.js HTTP/1.1" 200 - - - -
2026-03-11 13:37:36,395 19320 INFO ? werkzeug: 127.0.0.1 - - [11/Mar/2026 13:37:36] "GET /web/static/lib/bootstrap/js/tab.js HTTP/1.1" 200 - - - -
2026-03-11 13:37:36,398 19320 INFO ? werkzeug: 127.0.0.1 - - [11/Mar/2026 13:37:36] "GET /web/static/lib/bootstrap/js/scrollspy.js HTTP/1.1" 200 - - - -
2026-03-11 13:37:36,399 19320 INFO ? werkzeug: 127.0.0.1 - - [11/Mar/2026 13:37:36] "GET /web/static/src/public/database_manager.js HTTP/1.1" 200 - - - -
2026-03-11 13:37:36,401 19320 INFO ? werkzeug: 127.0.0.1 - - [11/Mar/2026 13:37:36] "GET /web/static/img/logo2.png HTTP/1.1" 200 - - - -
2026-03-11 13:37:36,951 19320 INFO ? werkzeug: 127.0.0.1 - - [11/Mar/2026 13:37:36] "GET /web/static/lib/fontawesome/fonts/fontawesome-webfont.woff2?v=4.7.0 HTTP/1.1" 200 - - - -
2026-03-11 13:37:37,206 19320 INFO ? werkzeug: 127.0.0.1 - - [11/Mar/2026 13:37:37] "GET /web/static/img/favicon.ico HTTP/1.1" 200 - - - -
2026-03-11 13:39:58,747 19320 INFO None odoo.service.db: Create database `odoo15`. 
2026-03-11 13:40:00,941 19320 INFO odoo15 odoo.modules.loading: loading 1 modules... 
2026-03-11 13:40:00,941 19320 INFO odoo15 odoo.modules.loading: Loading module base (1/1) 
2026-03-11 13:40:00,964 19320 INFO odoo15 odoo.modules.registry: module base: creating or updating database tables 
2026-03-11 13:40:01,863 19320 INFO odoo15 odoo.models: Storing computed values of ir.module.module.menus_by_module 
2026-03-11 13:40:01,863 19320 INFO odoo15 odoo.models: Storing computed values of ir.module.module.reports_by_module 
2026-03-11 13:40:01,863 19320 INFO odoo15 odoo.models: Storing computed values of ir.module.module.views_by_module 
2026-03-11 13:40:01,864 19320 INFO odoo15 odoo.models: Storing computed values of res.partner.display_name 
2026-03-11 13:40:01,864 19320 INFO odoo15 odoo.models: Storing computed values of res.partner.partner_share 
2026-03-11 13:40:01,864 19320 INFO odoo15 odoo.models: Storing computed values of res.partner.commercial_partner_id 
2026-03-11 13:40:01,864 19320 INFO odoo15 odoo.models: Storing computed values of res.partner.commercial_company_name 
2026-03-11 13:40:01,865 19320 INFO odoo15 odoo.models: Storing computed values of res.currency.decimal_places 
2026-03-11 13:40:01,868 19320 INFO odoo15 odoo.models: Storing computed values of res.company.logo_web 
2026-03-11 13:40:01,869 19320 INFO odoo15 odoo.models: Storing computed values of res.company.company_registry 
2026-03-11 13:40:01,871 19320 INFO odoo15 odoo.models: Storing computed values of res.users.share 
2026-03-11 13:40:03,468 19320 INFO odoo15 odoo.modules.loading: loading base/data/res_bank.xml 
2026-03-11 13:40:03,517 19320 INFO odoo15 odoo.modules.loading: loading base/data/res.lang.csv 
2026-03-11 13:40:03,604 19320 INFO odoo15 odoo.modules.loading: loading base/data/res_lang_data.xml 
2026-03-11 13:40:03,637 19320 INFO odoo15 odoo.modules.loading: loading base/data/res_partner_data.xml 
2026-03-11 13:40:03,698 19320 INFO odoo15 odoo.modules.loading: loading base/data/res_currency_data.xml 
2026-03-11 13:40:03,998 19320 INFO odoo15 odoo.modules.loading: loading base/data/res_company_data.xml 
2026-03-11 13:40:04,017 19320 INFO odoo15 odoo.modules.loading: loading base/data/res_users_data.xml 
2026-03-11 13:40:05,369 19320 INFO odoo15 odoo.modules.loading: loading base/data/report_paperformat_data.xml 
2026-03-11 13:40:05,396 19320 INFO odoo15 odoo.modules.loading: loading base/data/res_country_data.xml 
2026-03-11 13:40:05,775 19320 INFO odoo15 odoo.modules.loading: loading base/data/ir_demo_data.xml 
2026-03-11 13:40:05,793 19320 INFO odoo15 odoo.modules.loading: loading base/data/ir_config_parameter_data.xml 
2026-03-11 13:40:05,799 19320 INFO odoo15 odoo.modules.loading: loading base/security/base_groups.xml 
2026-03-11 13:40:05,927 19320 INFO odoo15 odoo.modules.loading: loading base/security/base_security.xml 
2026-03-11 13:40:06,117 19320 INFO odoo15 odoo.modules.loading: loading base/views/base_menus.xml 
2026-03-11 13:40:06,235 19320 INFO odoo15 odoo.modules.loading: loading base/views/decimal_precision_views.xml 
2026-03-11 13:40:06,275 19320 INFO odoo15 odoo.modules.loading: loading base/views/res_config_views.xml 
2026-03-11 13:40:06,293 19320 INFO odoo15 odoo.modules.loading: loading base/data/res.country.state.csv 
2026-03-11 13:40:07,045 19320 INFO odoo15 odoo.modules.loading: loading base/views/ir_actions_views.xml 
2026-03-11 13:40:07,192 19320 INFO odoo15 odoo.modules.loading: loading base/views/ir_asset_views.xml 
2026-03-11 13:40:07,215 19320 INFO odoo15 odoo.modules.loading: loading base/views/ir_config_parameter_views.xml 
2026-03-11 13:40:07,251 19320 INFO odoo15 odoo.modules.loading: loading base/views/ir_cron_views.xml 
2026-03-11 13:40:07,306 19320 INFO odoo15 odoo.modules.loading: loading base/views/ir_cron_trigger_views.xml 
2026-03-11 13:40:07,332 19320 INFO odoo15 odoo.modules.loading: loading base/views/ir_filters_views.xml 
2026-03-11 13:40:07,359 19320 INFO odoo15 odoo.modules.loading: loading base/views/ir_mail_server_views.xml 
2026-03-11 13:40:07,387 19320 INFO odoo15 odoo.modules.loading: loading base/views/ir_model_views.xml 
2026-03-11 13:40:07,504 19320 INFO odoo15 odoo.modules.loading: loading base/views/ir_attachment_views.xml 
2026-03-11 13:40:07,536 19320 INFO odoo15 odoo.modules.loading: loading base/views/ir_rule_views.xml 
2026-03-11 13:40:07,563 19320 INFO odoo15 odoo.modules.loading: loading base/views/ir_sequence_views.xml 
2026-03-11 13:40:07,599 19320 INFO odoo15 odoo.modules.loading: loading base/views/ir_translation_views.xml 
2026-03-11 13:40:07,638 19320 INFO odoo15 odoo.modules.loading: loading base/views/ir_ui_menu_views.xml 
2026-03-11 13:40:07,673 19320 INFO odoo15 odoo.modules.loading: loading base/views/ir_ui_view_views.xml 
2026-03-11 13:40:07,719 19320 INFO odoo15 odoo.modules.loading: loading base/views/ir_default_views.xml 
2026-03-11 13:40:07,748 19320 INFO odoo15 odoo.modules.loading: loading base/data/ir_cron_data.xml 
2026-03-11 13:40:07,765 19320 INFO odoo15 odoo.modules.loading: loading base/report/ir_model_report.xml 
2026-03-11 13:40:07,775 19320 INFO odoo15 odoo.modules.loading: loading base/report/ir_model_templates.xml 
2026-03-11 13:40:07,788 19320 INFO odoo15 odoo.modules.loading: loading base/views/ir_logging_views.xml 
2026-03-11 13:40:07,799 19320 INFO odoo15 odoo.modules.loading: loading base/views/ir_qweb_widget_templates.xml 
2026-03-11 13:40:07,813 19320 INFO odoo15 odoo.modules.loading: loading base/views/ir_module_views.xml 
2026-03-11 13:40:07,888 19320 INFO odoo15 odoo.modules.loading: loading base/data/ir_module_category_data.xml 
2026-03-11 13:40:07,943 19320 INFO odoo15 odoo.modules.loading: loading base/data/ir_module_module.xml 
2026-03-11 13:40:08,004 19320 INFO odoo15 odoo.modules.loading: loading base/report/ir_module_reports.xml 
2026-03-11 13:40:08,004 19320 INFO odoo15 odoo.modules.loading: loading base/report/ir_module_report_templates.xml 
2026-03-11 13:40:08,027 19320 INFO odoo15 odoo.modules.loading: loading base/wizard/base_module_update_views.xml 
2026-03-11 13:40:08,047 19320 INFO odoo15 odoo.modules.loading: loading base/wizard/base_language_install_views.xml 
2026-03-11 13:40:08,060 19320 INFO odoo15 odoo.modules.loading: loading base/wizard/base_import_language_views.xml 
2026-03-11 13:40:08,079 19320 INFO odoo15 odoo.modules.loading: loading base/wizard/base_module_upgrade_views.xml 
2026-03-11 13:40:08,099 19320 INFO odoo15 odoo.modules.loading: loading base/wizard/base_module_uninstall_views.xml 
2026-03-11 13:40:08,113 19320 INFO odoo15 odoo.modules.loading: loading base/wizard/base_export_language_views.xml 
2026-03-11 13:40:08,129 19320 INFO odoo15 odoo.modules.loading: loading base/wizard/base_update_translations_views.xml 
2026-03-11 13:40:08,160 19320 INFO odoo15 odoo.modules.loading: loading base/wizard/base_partner_merge_views.xml 
2026-03-11 13:40:08,176 19320 INFO odoo15 odoo.modules.loading: loading base/data/ir_actions_data.xml 
2026-03-11 13:40:08,192 19320 INFO odoo15 odoo.modules.loading: loading base/data/ir_demo_failure_data.xml 
2026-03-11 13:40:08,208 19320 INFO odoo15 odoo.modules.loading: loading base/views/ir_profile_views.xml 
2026-03-11 13:40:08,241 19320 INFO odoo15 odoo.modules.loading: loading base/views/res_company_views.xml 
2026-03-11 13:40:08,274 19320 INFO odoo15 odoo.modules.loading: loading base/views/res_lang_views.xml 
2026-03-11 13:40:08,303 19320 INFO odoo15 odoo.modules.loading: loading base/views/res_partner_views.xml 
2026-03-11 13:40:08,415 19320 INFO odoo15 odoo.modules.loading: loading base/views/res_bank_views.xml 
2026-03-11 13:40:08,453 19320 INFO odoo15 odoo.modules.loading: loading base/views/res_country_views.xml 
2026-03-11 13:40:08,494 19320 INFO odoo15 odoo.modules.loading: loading base/views/res_currency_views.xml 
2026-03-11 13:40:08,534 19320 INFO odoo15 odoo.modules.loading: loading base/views/res_users_views.xml 
2026-03-11 13:40:08,643 19320 INFO odoo15 odoo.modules.loading: loading base/views/ir_property_views.xml 
2026-03-11 13:40:08,672 19320 INFO odoo15 odoo.modules.loading: loading base/views/res_config_settings_views.xml 
2026-03-11 13:40:08,688 19320 INFO odoo15 odoo.modules.loading: loading base/views/report_paperformat_views.xml 
2026-03-11 13:40:08,725 19320 INFO odoo15 odoo.modules.loading: loading base/views/onboarding_views.xml 
2026-03-11 13:40:08,758 19320 INFO odoo15 odoo.modules.loading: loading base/security/ir.model.access.csv 
2026-03-11 13:40:08,914 19320 INFO odoo15 odoo.modules.loading: Module base: loading demo 
2026-03-11 13:40:08,914 19320 INFO odoo15 odoo.modules.loading: loading base/data/res_company_demo.xml 
2026-03-11 13:40:08,928 19320 INFO odoo15 odoo.modules.loading: loading base/data/res_users_demo.xml 
2026-03-11 13:40:10,379 19320 INFO odoo15 odoo.modules.loading: loading base/data/res_partner_bank_demo.xml 
2026-03-11 13:40:10,392 19320 INFO odoo15 odoo.modules.loading: loading base/data/res_currency_rate_demo.xml 
2026-03-11 13:40:10,695 19320 INFO odoo15 odoo.modules.loading: loading base/data/res_bank_demo.xml 
2026-03-11 13:40:10,709 19320 INFO odoo15 odoo.modules.loading: loading base/data/res_partner_demo.xml 
2026-03-11 13:40:10,963 19320 INFO odoo15 odoo.modules.loading: loading base/data/res_partner_image_demo.xml 
2026-03-11 13:40:11,788 19320 INFO odoo15 odoo.modules.loading: Module base loaded in 10.85s, 11016 queries 
2026-03-11 13:40:11,788 19320 INFO odoo15 odoo.modules.loading: 1 modules loaded in 10.85s, 11016 queries (+0 extra) 
2026-03-11 13:40:11,844 19320 INFO odoo15 odoo.modules.loading: updating modules list 
2026-03-11 13:40:11,844 19320 INFO odoo15 odoo.addons.base.models.ir_module: ALLOW access to module.update_list on [] to user __system__ #1 via 127.0.0.1 
2026-03-11 13:40:12,625 19320 INFO odoo15 odoo.modules.loading: loading 7 modules... 
2026-03-11 13:40:12,625 19320 INFO odoo15 odoo.modules.loading: Loading module web (2/7) 
2026-03-11 13:40:12,657 19320 INFO odoo15 odoo.modules.registry: module web: creating or updating database tables 
2026-03-11 13:40:13,137 19320 INFO odoo15 odoo.modules.loading: loading web/security/ir.model.access.csv 
2026-03-11 13:40:13,168 19320 INFO odoo15 odoo.modules.loading: loading web/views/webclient_templates.xml 
2026-03-11 13:40:13,264 19320 INFO odoo15 odoo.modules.loading: loading web/views/report_templates.xml 
2026-03-11 13:40:13,359 19320 INFO odoo15 odoo.modules.loading: loading web/views/base_document_layout_views.xml 
2026-03-11 13:40:13,401 19320 INFO odoo15 odoo.modules.loading: loading web/views/speedscope_template.xml 
2026-03-11 13:40:13,423 19320 INFO odoo15 odoo.modules.loading: loading web/views/lazy_assets.xml 
2026-03-11 13:40:13,446 19320 INFO odoo15 odoo.modules.loading: loading web/data/report_layout.xml 
2026-03-11 13:40:13,503 19320 INFO odoo15 odoo.modules.loading: Module web: loading demo 
2026-03-11 13:40:13,510 19320 INFO odoo15 odoo.modules.loading: Module web loaded in 0.88s, 888 queries 
2026-03-11 13:40:13,510 19320 INFO odoo15 odoo.modules.loading: Loading module auth_totp (3/7) 
2026-03-11 13:40:13,818 19320 INFO odoo15 odoo.modules.registry: module auth_totp: creating or updating database tables 
2026-03-11 13:40:13,893 19320 INFO odoo15 odoo.modules.loading: loading auth_totp/security/security.xml 
2026-03-11 13:40:13,937 19320 INFO odoo15 odoo.modules.loading: loading auth_totp/security/ir.model.access.csv 
2026-03-11 13:40:13,951 19320 INFO odoo15 odoo.modules.loading: loading auth_totp/data/ir_action_data.xml 
2026-03-11 13:40:13,970 19320 INFO odoo15 odoo.modules.loading: loading auth_totp/views/res_users_views.xml 
2026-03-11 13:40:14,007 19320 INFO odoo15 odoo.modules.loading: loading auth_totp/views/templates.xml 
2026-03-11 13:40:14,011 19320 INFO odoo15 odoo.modules.loading: loading auth_totp/wizard/auth_totp_wizard_views.xml 
2026-03-11 13:40:14,041 19320 INFO odoo15 odoo.modules.loading: Module auth_totp: loading demo 
2026-03-11 13:40:14,053 19320 INFO odoo15 odoo.modules.loading: Module auth_totp loaded in 0.54s, 192 queries 
2026-03-11 13:40:14,053 19320 INFO odoo15 odoo.modules.loading: Loading module base_import (4/7) 
2026-03-11 13:40:14,202 19320 INFO odoo15 odoo.modules.registry: module base_import: creating or updating database tables 
2026-03-11 13:40:14,949 19320 INFO odoo15 odoo.modules.loading: loading base_import/security/ir.model.access.csv 
2026-03-11 13:40:15,009 19320 INFO odoo15 odoo.modules.loading: Module base_import: loading demo 
2026-03-11 13:40:15,022 19320 INFO odoo15 odoo.modules.loading: Module base_import loaded in 0.97s, 922 queries 
2026-03-11 13:40:15,022 19320 INFO odoo15 odoo.modules.loading: Loading module web_editor (5/7) 
2026-03-11 13:40:15,551 19320 INFO odoo15 odoo.modules.registry: module web_editor: creating or updating database tables 
2026-03-11 13:40:15,653 19320 INFO odoo15 odoo.modules.loading: loading web_editor/security/ir.model.access.csv 
2026-03-11 13:40:15,678 19320 INFO odoo15 odoo.modules.loading: loading web_editor/data/editor_assets.xml 
2026-03-11 13:40:15,678 19320 INFO odoo15 odoo.modules.loading: loading web_editor/views/editor.xml 
2026-03-11 13:40:15,726 19320 INFO odoo15 odoo.modules.loading: loading web_editor/views/snippets.xml 
2026-03-11 13:40:15,759 19320 INFO odoo15 odoo.modules.loading: Module web_editor: loading demo 
2026-03-11 13:40:15,775 19320 INFO odoo15 odoo.modules.loading: Module web_editor loaded in 0.75s, 246 queries 
2026-03-11 13:40:15,775 19320 INFO odoo15 odoo.modules.loading: Loading module web_kanban_gauge (6/7) 
2026-03-11 13:40:15,823 19320 INFO odoo15 odoo.modules.loading: Module web_kanban_gauge: loading demo 
2026-03-11 13:40:15,837 19320 INFO odoo15 odoo.modules.loading: Module web_kanban_gauge loaded in 0.06s, 20 queries 
2026-03-11 13:40:15,837 19320 INFO odoo15 odoo.modules.loading: Loading module web_tour (7/7) 
2026-03-11 13:40:15,936 19320 INFO odoo15 odoo.modules.registry: module web_tour: creating or updating database tables 
2026-03-11 13:40:15,976 19320 INFO odoo15 odoo.modules.loading: loading web_tour/security/ir.model.access.csv 
2026-03-11 13:40:15,993 19320 INFO odoo15 odoo.modules.loading: loading web_tour/security/ir.rule.csv 
2026-03-11 13:40:16,009 19320 INFO odoo15 odoo.modules.loading: loading web_tour/views/tour_views.xml 
2026-03-11 13:40:16,036 19320 INFO odoo15 odoo.modules.loading: Module web_tour: loading demo 
2026-03-11 13:40:16,049 19320 INFO odoo15 odoo.modules.loading: Module web_tour loaded in 0.21s, 118 queries 
2026-03-11 13:40:16,052 19320 INFO odoo15 odoo.modules.loading: 7 modules loaded in 3.43s, 2386 queries (+0 extra) 
2026-03-11 13:40:16,219 19320 INFO odoo15 odoo.modules.loading: Modules loaded. 
2026-03-11 13:40:16,224 19320 INFO odoo15 odoo.modules.registry: Registry loaded in 15.303s 
2026-03-11 13:40:17,575 19320 INFO odoo15 odoo.addons.base.models.res_users: Login successful for db:odoo15 login:admin from 127.0.0.1 
2026-03-11 13:40:17,586 19320 INFO odoo15 odoo.modules.registry: Registry changed, signaling through the database 
2026-03-11 13:40:17,632 19320 INFO odoo15 werkzeug: 127.0.0.1 - - [11/Mar/2026 13:40:17] "[32mPOST /web/database/create HTTP/1.1[0m" 303 - 18024 8.141 13.397
2026-03-11 13:40:17,643 19320 INFO odoo15 odoo.addons.base.models.ir_http: Generating routing map for key None 
2026-03-11 13:40:24,493 19320 INFO odoo15 odoo.addons.base.models.ir_cron: Starting job `Base: Auto-vacuum internal data`. 
2026-03-11 13:40:34,060 19320 INFO odoo15 werkzeug: 127.0.0.1 - - [11/Mar/2026 13:40:34] "GET /web HTTP/1.1" 200 - 177 0.069 16.357
2026-03-11 13:40:34,080 19320 INFO odoo15 odoo.addons.base.models.ir_attachment: filestore gc 55 checked, 0 removed 
2026-03-11 13:40:34,096 19320 INFO odoo15 werkzeug: 127.0.0.1 - - [11/Mar/2026 13:40:34] "GET /web/assets/188-67db921/web.assets_common.min.css HTTP/1.1" 200 - 2 0.000 0.026
2026-03-11 13:40:34,118 19320 INFO odoo15 odoo.addons.base.models.res_users: GC'd 0 user log entries 
2026-03-11 13:40:34,137 19320 INFO odoo15 odoo.addons.auth_totp.models.auth_totp: GC'd 0 totp devices entries 
2026-03-11 13:40:34,145 19320 INFO odoo15 odoo.addons.base.models.ir_cron: Job `Base: Auto-vacuum internal data` done. 
2026-03-11 13:40:34,503 19320 INFO odoo15 werkzeug: 127.0.0.1 - - [11/Mar/2026 13:40:34] "GET /web/webclient/load_menus/1f5717edb4e7bec8acddc90b224f148fb9c759c1c5c867ed74b93ffc796e8f1b HTTP/1.1" 200 - 1 0.001 0.116
2026-03-11 13:40:34,503 19320 INFO odoo15 werkzeug: 127.0.0.1 - - [11/Mar/2026 13:40:34] "GET /web/assets/189-707e961/web.assets_backend.min.css HTTP/1.1" 200 - 2 0.003 0.118
2026-03-11 13:40:34,515 19320 INFO odoo15 werkzeug: 127.0.0.1 - - [11/Mar/2026 13:40:34] "GET /web/webclient/qweb/028f439985f711e043e598482fd310b5f02c5290d0b3b43e9ad820773df582aa?bundle=web.assets_qweb HTTP/1.1" 200 - 2 0.004 0.127
2026-03-11 13:40:34,529 19320 INFO odoo15 werkzeug: 127.0.0.1 - - [11/Mar/2026 13:40:34] "GET /web/webclient/translations/5227498d9df4b403b0244c75aac21e0c091e50ce?lang=en_US HTTP/1.1" 200 - 5 0.025 0.114
2026-03-11 13:40:34,812 19320 INFO odoo15 werkzeug: 127.0.0.1 - - [11/Mar/2026 13:40:34] "GET /web/assets/191-707e961/web.assets_backend.min.js HTTP/1.1" 200 - 2 0.004 0.397
2026-03-11 13:40:34,844 19320 INFO odoo15 werkzeug: 127.0.0.1 - - [11/Mar/2026 13:40:34] "GET /web/assets/192-6c3a7aa/web.assets_backend_prod_only.min.js HTTP/1.1" 200 - 2 0.005 0.027
2026-03-11 13:40:35,725 19320 INFO odoo15 werkzeug: 127.0.0.1 - - [11/Mar/2026 13:40:35] "GET /web/assets/190-67db921/web.assets_common.min.js HTTP/1.1" 200 - 2 0.001 1.338
2026-03-11 13:40:36,261 19320 INFO odoo15 werkzeug: 127.0.0.1 - - [11/Mar/2026 13:40:36] "GET /web/webclient/locale/en_US HTTP/1.1" 200 - 1 0.001 0.002
2026-03-11 13:40:43,296 19320 INFO odoo15 werkzeug: 127.0.0.1 - - [11/Mar/2026 13:40:43] "POST /web/action/load HTTP/1.1" 200 - 28 0.051 0.007
2026-03-11 13:40:43,608 19320 INFO odoo15 werkzeug: 127.0.0.1 - - [11/Mar/2026 13:40:43] "GET /web/image/res.company/1/favicon HTTP/1.1" 200 - 11 0.043 0.015
2026-03-11 13:40:43,642 19320 INFO odoo15 werkzeug: 127.0.0.1 - - [11/Mar/2026 13:40:43] "GET /web/image?model=res.users&field=avatar_128&id=2 HTTP/1.1" 200 - 17 0.024 0.008
2026-03-11 13:40:43,670 19320 INFO odoo15 werkzeug: 127.0.0.1 - - [11/Mar/2026 13:40:43] "POST /web/dataset/call_kw/ir.module.module/load_views HTTP/1.1" 200 - 58 0.088 0.029
2026-03-11 13:40:44,060 19320 INFO odoo15 werkzeug: 127.0.0.1 - - [11/Mar/2026 13:40:44] "POST /web/dataset/call_kw/ir.module.module/search_panel_select_range HTTP/1.1" 200 - 42 0.023 0.049
2026-03-11 13:40:44,284 19320 INFO odoo15 werkzeug: 127.0.0.1 - - [11/Mar/2026 13:40:44] "POST /web/dataset/search_read HTTP/1.1" 200 - 3 0.024 0.012
2026-03-11 13:40:44,380 19320 INFO ? werkzeug: 127.0.0.1 - - [11/Mar/2026 13:40:44] "GET /sale_management/static/description/icon.png HTTP/1.1" 200 - - - -
2026-03-11 13:40:44,671 19320 INFO ? werkzeug: 127.0.0.1 - - [11/Mar/2026 13:40:44] "GET /point_of_sale/static/description/icon.png HTTP/1.1" 200 - - - -
2026-03-11 13:40:44,671 19320 INFO ? werkzeug: 127.0.0.1 - - [11/Mar/2026 13:40:44] "GET /hr_holidays/static/description/icon.png HTTP/1.1" 200 - - - -
2026-03-11 13:40:44,672 19320 INFO ? werkzeug: 127.0.0.1 - - [11/Mar/2026 13:40:44] "GET /hr_recruitment/static/description/icon.png HTTP/1.1" 200 - - - -
2026-03-11 13:40:44,673 19320 INFO ? werkzeug: 127.0.0.1 - - [11/Mar/2026 13:40:44] "GET /base/static/img/icons/industry_fsm.png HTTP/1.1" 200 - - - -
2026-03-11 13:40:44,673 19320 INFO ? werkzeug: 127.0.0.1 - - [11/Mar/2026 13:40:44] "GET /base/static/img/icons/web_studio.png HTTP/1.1" 200 - - - -
2026-03-11 13:40:44,698 19320 INFO ? werkzeug: 127.0.0.1 - - [11/Mar/2026 13:40:44] "GET /mass_mailing/static/description/icon.png HTTP/1.1" 200 - - - -
2026-03-11 13:40:44,989 19320 INFO ? werkzeug: 127.0.0.1 - - [11/Mar/2026 13:40:44] "GET /mrp/static/description/icon.png HTTP/1.1" 200 - - - -
2026-03-11 13:40:44,989 19320 INFO ? werkzeug: 127.0.0.1 - - [11/Mar/2026 13:40:44] "GET /purchase/static/description/icon.png HTTP/1.1" 200 - - - -
2026-03-11 13:40:44,989 19320 INFO ? werkzeug: 127.0.0.1 - - [11/Mar/2026 13:40:44] "GET /hr/static/description/icon.png HTTP/1.1" 200 - - - -
2026-03-11 13:40:44,990 19320 INFO ? werkzeug: 127.0.0.1 - - [11/Mar/2026 13:40:44] "GET /base/static/img/icons/timesheet_grid.png HTTP/1.1" 200 - - - -
2026-03-11 13:40:44,990 19320 INFO ? werkzeug: 127.0.0.1 - - [11/Mar/2026 13:40:44] "GET /project/static/description/icon.png HTTP/1.1" 200 - - - -
2026-03-11 13:40:45,018 19320 INFO ? werkzeug: 127.0.0.1 - - [11/Mar/2026 13:40:45] "GET /website_sale/static/description/icon.png HTTP/1.1" 200 - - - -
2026-03-11 13:40:45,309 19320 INFO ? werkzeug: 127.0.0.1 - - [11/Mar/2026 13:40:45] "GET /crm/static/description/icon.png HTTP/1.1" 200 - - - -
2026-03-11 13:40:45,310 19320 INFO ? werkzeug: 127.0.0.1 - - [11/Mar/2026 13:40:45] "GET /base/static/img/icons/mrp_workorder.png HTTP/1.1" 200 - - - -
2026-03-11 13:40:45,310 19320 INFO ? werkzeug: 127.0.0.1 - - [11/Mar/2026 13:40:45] "GET /hr_expense/static/description/icon.png HTTP/1.1" 200 - - - -
2026-03-11 13:40:45,310 19320 INFO ? werkzeug: 127.0.0.1 - - [11/Mar/2026 13:40:45] "GET /website/static/description/icon.png HTTP/1.1" 200 - - - -
2026-03-11 13:40:45,311 19320 INFO ? werkzeug: 127.0.0.1 - - [11/Mar/2026 13:40:45] "GET /account/static/description/icon.png HTTP/1.1" 200 - - - -
2026-03-11 13:40:45,331 19320 INFO ? werkzeug: 127.0.0.1 - - [11/Mar/2026 13:40:45] "GET /stock/static/description/icon.png HTTP/1.1" 200 - - - -
2026-03-11 13:40:45,655 19320 INFO ? werkzeug: 127.0.0.1 - - [11/Mar/2026 13:40:45] "GET /base/static/img/icons/sign.png HTTP/1.1" 200 - - - -
2026-03-11 13:40:45,661 19320 INFO ? werkzeug: 127.0.0.1 - - [11/Mar/2026 13:40:45] "GET /maintenance/static/description/icon.png HTTP/1.1" 200 - - - -
2026-03-11 13:40:45,661 19320 INFO ? werkzeug: 127.0.0.1 - - [11/Mar/2026 13:40:45] "GET /base/static/img/icons/helpdesk.png HTTP/1.1" 200 - - - -
2026-03-11 13:40:45,662 19320 INFO ? werkzeug: 127.0.0.1 - - [11/Mar/2026 13:40:45] "GET /base/static/img/icons/account_accountant.png HTTP/1.1" 200 - - - -
2026-03-11 13:40:45,665 19320 INFO ? werkzeug: 127.0.0.1 - - [11/Mar/2026 13:40:45] "GET /base/static/img/icons/sale_subscription.png HTTP/1.1" 200 - - - -
2026-03-11 13:40:45,666 19320 INFO ? werkzeug: 127.0.0.1 - - [11/Mar/2026 13:40:45] "GET /base/static/img/icons/quality_control.png HTTP/1.1" 200 - - - -
2026-03-11 13:40:45,975 19320 INFO ? werkzeug: 127.0.0.1 - - [11/Mar/2026 13:40:45] "GET /base/static/img/icons/planning.png HTTP/1.1" 200 - - - -
2026-03-11 13:40:45,975 19320 INFO ? werkzeug: 127.0.0.1 - - [11/Mar/2026 13:40:45] "GET /mail/static/description/icon.png HTTP/1.1" 200 - - - -
2026-03-11 13:40:45,975 19320 INFO ? werkzeug: 127.0.0.1 - - [11/Mar/2026 13:40:45] "GET /website_slides/static/description/icon.png HTTP/1.1" 200 - - - -
2026-03-11 13:40:45,980 19320 INFO ? werkzeug: 127.0.0.1 - - [11/Mar/2026 13:40:45] "GET /website_event/static/description/icon.png HTTP/1.1" 200 - - - -
2026-03-11 13:40:45,985 19320 INFO ? werkzeug: 127.0.0.1 - - [11/Mar/2026 13:40:45] "GET /contacts/static/description/icon.png HTTP/1.1" 200 - - - -
2026-03-11 13:40:45,988 19320 INFO ? werkzeug: 127.0.0.1 - - [11/Mar/2026 13:40:45] "GET /base/static/img/icons/mrp_plm.png HTTP/1.1" 200 - - - -
2026-03-11 13:40:46,290 19320 INFO ? werkzeug: 127.0.0.1 - - [11/Mar/2026 13:40:46] "GET /calendar/static/description/icon.png HTTP/1.1" 200 - - - -
2026-03-11 13:40:46,300 19320 INFO ? werkzeug: 127.0.0.1 - - [11/Mar/2026 13:40:46] "GET /base/static/img/icons/hr_appraisal.png HTTP/1.1" 200 - - - -
2026-03-11 13:40:46,300 19320 INFO ? werkzeug: 127.0.0.1 - - [11/Mar/2026 13:40:46] "GET /fleet/static/description/icon.png HTTP/1.1" 200 - - - -
2026-03-11 13:40:46,301 19320 INFO ? werkzeug: 127.0.0.1 - - [11/Mar/2026 13:40:46] "GET /base/static/img/icons/marketing_automation.png HTTP/1.1" 200 - - - -
2026-03-11 13:40:46,303 19320 INFO ? werkzeug: 127.0.0.1 - - [11/Mar/2026 13:40:46] "GET /website_blog/static/description/icon.png HTTP/1.1" 200 - - - -
2026-03-11 13:40:46,303 19320 INFO ? werkzeug: 127.0.0.1 - - [11/Mar/2026 13:40:46] "GET /im_livechat/static/description/icon.png HTTP/1.1" 200 - - - -
2026-03-11 13:40:46,608 19320 INFO ? werkzeug: 127.0.0.1 - - [11/Mar/2026 13:40:46] "GET /base/static/img/icons/appointment.png HTTP/1.1" 200 - - - -
2026-03-11 13:40:46,652 19320 INFO ? werkzeug: 127.0.0.1 - - [11/Mar/2026 13:40:46] "GET /repair/static/description/icon.png HTTP/1.1" 200 - - - -
2026-03-11 13:40:46,652 19320 INFO ? werkzeug: 127.0.0.1 - - [11/Mar/2026 13:40:46] "GET /board/static/description/icon.png HTTP/1.1" 200 - - - -
2026-03-11 13:40:46,652 19320 INFO ? werkzeug: 127.0.0.1 - - [11/Mar/2026 13:40:46] "GET /survey/static/description/icon.png HTTP/1.1" 200 - - - -
2026-03-11 13:40:46,652 19320 INFO ? werkzeug: 127.0.0.1 - - [11/Mar/2026 13:40:46] "GET /base/static/img/icons/web_mobile.png HTTP/1.1" 200 - - - -
2026-03-11 13:40:46,652 19320 INFO ? werkzeug: 127.0.0.1 - - [11/Mar/2026 13:40:46] "GET /hr_attendance/static/description/icon.png HTTP/1.1" 200 - - - -
2026-03-11 13:40:46,922 19320 INFO ? werkzeug: 127.0.0.1 - - [11/Mar/2026 13:40:46] "GET /base/static/img/icons/stock_barcode.png HTTP/1.1" 200 - - - -
2026-03-11 13:40:46,975 19320 INFO ? werkzeug: 127.0.0.1 - - [11/Mar/2026 13:40:46] "GET /website_forum/static/description/icon.png HTTP/1.1" 200 - - - -
2026-03-11 13:40:46,975 19320 INFO ? werkzeug: 127.0.0.1 - - [11/Mar/2026 13:40:46] "GET /note/static/description/icon.png HTTP/1.1" 200 - - - -
2026-03-11 13:40:46,976 19320 INFO ? werkzeug: 127.0.0.1 - - [11/Mar/2026 13:40:46] "GET /hr_skills/static/description/icon.png HTTP/1.1" 200 - - - -
2026-03-11 13:40:46,976 19320 INFO ? werkzeug: 127.0.0.1 - - [11/Mar/2026 13:40:46] "GET /lunch/static/description/icon.png HTTP/1.1" 200 - - - -
2026-03-11 13:40:46,978 19320 INFO ? werkzeug: 127.0.0.1 - - [11/Mar/2026 13:40:46] "GET /base/static/img/icons/sale_ebay.png HTTP/1.1" 200 - - - -
2026-03-11 13:40:47,260 19320 INFO ? werkzeug: 127.0.0.1 - - [11/Mar/2026 13:40:47] "GET /base/static/img/icons/voip.png HTTP/1.1" 200 - - - -
2026-03-11 13:40:47,307 19320 INFO ? werkzeug: 127.0.0.1 - - [11/Mar/2026 13:40:47] "GET /website_hr_recruitment/static/description/icon.png HTTP/1.1" 200 - - - -
2026-03-11 13:40:47,310 19320 INFO ? werkzeug: 127.0.0.1 - - [11/Mar/2026 13:40:47] "GET /payment_sips/static/description/icon.png HTTP/1.1" 200 - - - -
2026-03-11 13:40:47,311 19320 INFO ? werkzeug: 127.0.0.1 - - [11/Mar/2026 13:40:47] "GET /payment_mollie/static/description/icon.png HTTP/1.1" 200 - - - -
2026-03-11 13:40:47,311 19320 INFO ? werkzeug: 127.0.0.1 - - [11/Mar/2026 13:40:47] "GET /payment_authorize/static/description/icon.png HTTP/1.1" 200 - - - -
2026-03-11 13:40:47,311 19320 INFO ? werkzeug: 127.0.0.1 - - [11/Mar/2026 13:40:47] "GET /payment_buckaroo/static/description/icon.png HTTP/1.1" 200 - - - -
2026-03-11 13:40:47,590 19320 INFO ? werkzeug: 127.0.0.1 - - [11/Mar/2026 13:40:47] "GET /payment_alipay/static/description/icon.png HTTP/1.1" 200 - - - -
2026-03-11 13:40:47,629 19320 INFO ? werkzeug: 127.0.0.1 - - [11/Mar/2026 13:40:47] "GET /payment_payumoney/static/description/icon.png HTTP/1.1" 200 - - - -
2026-03-11 13:40:47,631 19320 INFO ? werkzeug: 127.0.0.1 - - [11/Mar/2026 13:40:47] "GET /payment_payulatam/static/description/icon.png HTTP/1.1" 200 - - - -
2026-03-11 13:40:47,633 19320 INFO ? werkzeug: 127.0.0.1 - - [11/Mar/2026 13:40:47] "GET /hr_contract/static/description/icon.png HTTP/1.1" 200 - - - -
2026-03-11 13:40:47,633 19320 INFO ? werkzeug: 127.0.0.1 - - [11/Mar/2026 13:40:47] "GET /payment_ogone/static/description/icon.png HTTP/1.1" 200 - - - -
2026-03-11 13:40:47,633 19320 INFO ? werkzeug: 127.0.0.1 - - [11/Mar/2026 13:40:47] "GET /payment_paypal/static/description/icon.png HTTP/1.1" 200 - - - -
2026-03-11 13:40:47,929 19320 INFO ? werkzeug: 127.0.0.1 - - [11/Mar/2026 13:40:47] "GET /payment_adyen/static/description/icon.png HTTP/1.1" 200 - - - -
2026-03-11 13:40:47,949 19320 INFO ? werkzeug: 127.0.0.1 - - [11/Mar/2026 13:40:47] "GET /payment_stripe/static/description/icon.png HTTP/1.1" 200 - - - -
2026-03-11 13:40:47,949 19320 INFO ? werkzeug: 127.0.0.1 - - [11/Mar/2026 13:40:47] "GET /mass_mailing_sms/static/description/icon.png HTTP/1.1" 200 - - - -
2026-03-11 13:41:01,974 19320 INFO odoo15 werkzeug: 127.0.0.1 - - [11/Mar/2026 13:41:01] "POST /web/dataset/call_kw/ir.module.module/search_panel_select_range HTTP/1.1" 200 - 37 0.050 0.022
2026-03-11 13:41:02,174 19320 INFO odoo15 werkzeug: 127.0.0.1 - - [11/Mar/2026 13:41:02] "POST /web/dataset/search_read HTTP/1.1" 200 - 3 0.008 0.009
2026-03-11 13:41:04,067 19320 INFO odoo15 werkzeug: 127.0.0.1 - - [11/Mar/2026 13:41:04] "POST /web/dataset/call_kw/ir.module.module/search_panel_select_range HTTP/1.1" 200 - 37 0.042 0.012
2026-03-11 13:41:04,393 19320 INFO odoo15 werkzeug: 127.0.0.1 - - [11/Mar/2026 13:41:04] "POST /web/dataset/search_read HTTP/1.1" 200 - 3 0.004 0.003
2026-03-11 13:41:04,655 19320 INFO ? werkzeug: 127.0.0.1 - - [11/Mar/2026 13:41:04] "GET /base/static/description/icon.png HTTP/1.1" 200 - - - -
2026-03-11 13:41:04,716 19320 INFO ? werkzeug: 127.0.0.1 - - [11/Mar/2026 13:41:04] "GET /website_form_project/static/description/icon.png HTTP/1.1" 200 - - - -
2026-03-11 13:41:05,991 19320 INFO odoo15 odoo.addons.base.models.ir_module: ALLOW access to module.button_immediate_install on ['Project'] to user admin #2 via 127.0.0.1 
2026-03-11 13:41:05,991 19320 INFO odoo15 odoo.addons.base.models.ir_module: User #2 triggered module installation 
2026-03-11 13:41:06,000 19320 INFO odoo15 odoo.addons.base.models.ir_module: ALLOW access to module.button_install on ['Project'] to user admin #2 via 127.0.0.1 
2026-03-11 13:41:06,109 19320 INFO odoo15 odoo.modules.loading: loading 1 modules... 
2026-03-11 13:41:06,114 19320 INFO odoo15 odoo.modules.loading: 1 modules loaded in 0.00s, 0 queries (+0 extra) 
2026-03-11 13:41:06,128 19320 INFO odoo15 odoo.modules.loading: updating modules list 
2026-03-11 13:41:06,128 19320 INFO odoo15 odoo.addons.base.models.ir_module: ALLOW access to module.update_list on [] to user __system__ #1 via 127.0.0.1 
2026-03-11 13:41:06,878 19320 INFO odoo15 odoo.modules.loading: loading 7 modules... 
2026-03-11 13:41:06,886 19320 INFO odoo15 odoo.modules.loading: 7 modules loaded in 0.01s, 0 queries (+0 extra) 
2026-03-11 13:41:06,902 19320 INFO odoo15 odoo.modules.loading: loading 31 modules... 
2026-03-11 13:41:06,903 19320 INFO odoo15 odoo.modules.loading: Loading module uom (2/31) 
2026-03-11 13:41:06,967 19320 INFO odoo15 odoo.modules.registry: module uom: creating or updating database tables 
2026-03-11 13:41:07,062 19320 INFO odoo15 odoo.modules.loading: loading uom/data/uom_data.xml 
2026-03-11 13:41:07,138 19320 INFO odoo15 odoo.modules.loading: loading uom/security/uom_security.xml 
2026-03-11 13:41:07,165 19320 INFO odoo15 odoo.modules.loading: loading uom/security/ir.model.access.csv 
2026-03-11 13:41:07,180 19320 INFO odoo15 odoo.modules.loading: loading uom/views/uom_uom_views.xml 
2026-03-11 13:41:07,217 19320 INFO odoo15 odoo.modules.loading: Module uom: loading demo 
2026-03-11 13:41:07,226 19320 INFO odoo15 odoo.modules.loading: Module uom loaded in 0.32s, 302 queries 
2026-03-11 13:41:07,226 19320 INFO odoo15 odoo.modules.loading: Loading module base_setup (6/31) 
2026-03-11 13:41:07,331 19320 INFO odoo15 odoo.modules.registry: module base_setup: creating or updating database tables 
2026-03-11 13:41:07,384 19320 INFO odoo15 odoo.modules.loading: loading base_setup/data/base_setup_data.xml 
2026-03-11 13:41:07,398 19320 INFO odoo15 odoo.modules.loading: loading base_setup/views/res_config_settings_views.xml 
2026-03-11 13:41:07,443 19320 INFO odoo15 odoo.modules.loading: loading base_setup/views/res_partner_views.xml 
2026-03-11 13:41:07,456 19320 INFO odoo15 odoo.modules.loading: Module base_setup: loading demo 
2026-03-11 13:41:07,465 19320 INFO odoo15 odoo.modules.loading: Module base_setup loaded in 0.24s, 171 queries 
2026-03-11 13:41:07,465 19320 INFO odoo15 odoo.modules.loading: Loading module bus (7/31) 
2026-03-11 13:41:07,492 19320 INFO odoo15 odoo.modules.registry: module bus: creating or updating database tables 
2026-03-11 13:41:07,563 19320 INFO odoo15 odoo.modules.loading: loading bus/security/ir.model.access.csv 
2026-03-11 13:41:07,576 19320 INFO odoo15 odoo.modules.loading: Module bus: loading demo 
2026-03-11 13:41:07,580 19320 INFO odoo15 odoo.modules.loading: Module bus loaded in 0.12s, 104 queries 
2026-03-11 13:41:07,580 19320 INFO odoo15 odoo.modules.loading: Loading module http_routing (8/31) 
2026-03-11 13:41:07,613 19320 INFO odoo15 odoo.modules.registry: module http_routing: creating or updating database tables 
2026-03-11 13:41:07,638 19320 INFO odoo15 odoo.modules.loading: loading http_routing/views/http_routing_template.xml 
2026-03-11 13:41:07,693 19320 INFO odoo15 odoo.modules.loading: loading http_routing/views/res_lang_views.xml 
2026-03-11 13:41:07,713 19320 INFO odoo15 odoo.modules.loading: Module http_routing: loading demo 
2026-03-11 13:41:07,729 19320 INFO odoo15 odoo.modules.loading: Module http_routing loaded in 0.15s, 106 queries 
2026-03-11 13:41:07,729 19320 INFO odoo15 odoo.modules.loading: Loading module resource (9/31) 
2026-03-11 13:41:08,076 19320 INFO odoo15 odoo.modules.registry: module resource: creating or updating database tables 
2026-03-11 13:41:08,257 19320 INFO odoo15 odoo.modules.loading: loading resource/data/resource_data.xml 
2026-03-11 13:41:08,305 19320 INFO odoo15 odoo.modules.loading: loading resource/security/ir.model.access.csv 
2026-03-11 13:41:08,330 19320 INFO odoo15 odoo.modules.loading: loading resource/security/resource_security.xml 
2026-03-11 13:41:08,359 19320 INFO odoo15 odoo.modules.loading: loading resource/views/resource_views.xml 
2026-03-11 13:41:08,440 19320 INFO odoo15 odoo.modules.loading: Module resource: loading demo 
2026-03-11 13:41:08,449 19320 INFO odoo15 odoo.modules.loading: Module resource loaded in 0.72s, 516 queries 
2026-03-11 13:41:08,449 19320 INFO odoo15 odoo.modules.loading: Loading module iap (13/31) 
2026-03-11 13:41:08,573 19320 INFO odoo15 odoo.modules.registry: module iap: creating or updating database tables 
2026-03-11 13:41:08,625 19320 INFO odoo15 odoo.modules.loading: loading iap/security/ir.model.access.csv 
2026-03-11 13:41:08,635 19320 INFO odoo15 odoo.modules.loading: loading iap/security/ir_rule.xml 
2026-03-11 13:41:08,652 19320 INFO odoo15 odoo.modules.loading: loading iap/views/iap_views.xml 
2026-03-11 13:41:08,679 19320 INFO odoo15 odoo.modules.loading: loading iap/views/res_config_settings.xml 
2026-03-11 13:41:08,707 19320 INFO odoo15 odoo.modules.loading: Module iap: loading demo 
2026-03-11 13:41:08,720 19320 INFO odoo15 odoo.modules.loading: Module iap loaded in 0.27s, 158 queries 
2026-03-11 13:41:08,720 19320 INFO odoo15 odoo.modules.loading: Loading module mail (14/31) 
2026-03-11 13:41:09,284 19320 INFO ? werkzeug: 127.0.0.1 - - [11/Mar/2026 13:41:09] "GET /web/static/img/spin.png HTTP/1.1" 200 - - - -
2026-03-11 13:41:09,926 19320 INFO odoo15 odoo.modules.registry: module mail: creating or updating database tables 
2026-03-11 13:41:10,859 19320 INFO odoo15 odoo.models: Storing computed values of res.partner.email_normalized 
2026-03-11 13:41:11,559 19320 INFO odoo15 odoo.modules.loading: loading mail/data/mail_groups.xml 
2026-03-11 13:41:11,604 19320 INFO odoo15 odoo.modules.loading: loading mail/wizard/mail_blacklist_remove_views.xml 
2026-03-11 13:41:11,610 19320 INFO odoo15 odoo.modules.loading: loading mail/wizard/mail_compose_message_views.xml 
2026-03-11 13:41:11,642 19320 INFO odoo15 odoo.modules.loading: loading mail/wizard/mail_resend_cancel_views.xml 
2026-03-11 13:41:11,663 19320 INFO odoo15 odoo.modules.loading: loading mail/wizard/mail_resend_message_views.xml 
2026-03-11 13:41:11,681 19320 INFO odoo15 odoo.modules.loading: loading mail/wizard/mail_template_preview_views.xml 
2026-03-11 13:41:11,700 19320 INFO odoo15 odoo.modules.loading: loading mail/wizard/mail_wizard_invite_views.xml 
2026-03-11 13:41:11,712 19320 INFO odoo15 odoo.modules.loading: loading mail/views/mail_message_subtype_views.xml 
2026-03-11 13:41:11,728 19320 INFO odoo15 odoo.modules.loading: loading mail/views/mail_tracking_views.xml 
2026-03-11 13:41:11,755 19320 INFO odoo15 odoo.modules.loading: loading mail/views/mail_notification_views.xml 
2026-03-11 13:41:11,774 19320 INFO odoo15 odoo.modules.loading: loading mail/views/mail_message_views.xml 
2026-03-11 13:41:11,798 19320 INFO odoo15 odoo.modules.loading: loading mail/views/mail_mail_views.xml 
2026-03-11 13:41:11,830 19320 INFO odoo15 odoo.modules.loading: loading mail/views/mail_followers_views.xml 
2026-03-11 13:41:11,847 19320 INFO odoo15 odoo.modules.loading: loading mail/views/mail_ice_server_views.xml 
2026-03-11 13:41:11,866 19320 INFO odoo15 odoo.modules.loading: loading mail/views/mail_channel_partner_views.xml 
2026-03-11 13:41:11,884 19320 INFO odoo15 odoo.modules.loading: loading mail/views/mail_channel_rtc_session_views.xml 
2026-03-11 13:41:11,911 19320 INFO odoo15 odoo.modules.loading: loading mail/views/mail_channel_views.xml 
2026-03-11 13:41:11,943 19320 INFO odoo15 odoo.modules.loading: loading mail/views/mail_shortcode_views.xml 
2026-03-11 13:41:11,962 19320 INFO odoo15 odoo.modules.loading: loading mail/views/mail_activity_views.xml 
2026-03-11 13:41:12,017 19320 INFO odoo15 odoo.modules.loading: loading mail/views/res_config_settings_views.xml 
2026-03-11 13:41:12,049 19320 INFO odoo15 odoo.modules.loading: loading mail/data/res_partner_data.xml 
2026-03-11 13:41:12,084 19320 INFO odoo15 odoo.modules.loading: loading mail/data/mail_message_subtype_data.xml 
2026-03-11 13:41:12,100 19320 INFO odoo15 odoo.modules.loading: loading mail/data/mail_templates.xml 
2026-03-11 13:41:12,142 19320 INFO odoo15 odoo.modules.loading: loading mail/data/mail_channel_data.xml 
2026-03-11 13:41:12,180 19320 INFO odoo15 odoo.modules.loading: loading mail/data/mail_activity_data.xml 
2026-03-11 13:41:12,191 19320 INFO odoo15 odoo.modules.loading: loading mail/data/ir_cron_data.xml 
2026-03-11 13:41:12,233 19320 INFO odoo15 odoo.modules.loading: loading mail/security/mail_security.xml 
2026-03-11 13:41:12,331 19320 INFO odoo15 odoo.modules.loading: loading mail/security/ir.model.access.csv 
2026-03-11 13:41:12,391 19320 INFO odoo15 odoo.modules.loading: loading mail/views/discuss_public_templates.xml 
2026-03-11 13:41:12,434 19320 INFO odoo15 odoo.modules.loading: loading mail/views/mail_alias_views.xml 
2026-03-11 13:41:12,457 19320 INFO odoo15 odoo.modules.loading: loading mail/views/mail_guest_views.xml 
2026-03-11 13:41:12,457 19320 INFO odoo15 odoo.modules.loading: loading mail/views/mail_message_reaction_views.xml 
2026-03-11 13:41:12,475 19320 INFO odoo15 odoo.modules.loading: loading mail/views/res_users_views.xml 
2026-03-11 13:41:12,509 19320 INFO odoo15 odoo.modules.loading: loading mail/views/res_users_settings_views.xml 
2026-03-11 13:41:12,525 19320 INFO odoo15 odoo.modules.loading: loading mail/views/mail_template_views.xml 
2026-03-11 13:41:12,547 19320 INFO odoo15 odoo.modules.loading: loading mail/views/ir_actions_server_views.xml 
2026-03-11 13:41:12,558 19320 INFO odoo15 odoo.modules.loading: loading mail/views/ir_model_views.xml 
2026-03-11 13:41:12,601 19320 INFO odoo15 odoo.modules.loading: loading mail/views/res_partner_views.xml 
2026-03-11 13:41:12,664 19320 INFO odoo15 odoo.modules.loading: loading mail/views/mail_blacklist_views.xml 
2026-03-11 13:41:12,688 19320 INFO odoo15 odoo.modules.loading: loading mail/views/mail_menus.xml 
2026-03-11 13:41:12,773 19320 INFO odoo15 odoo.modules.loading: Module mail: loading demo 
2026-03-11 13:41:12,773 19320 INFO odoo15 odoo.modules.loading: loading mail/data/mail_channel_demo.xml 
2026-03-11 13:41:12,879 19320 INFO odoo15 odoo.modules.loading: Module mail loaded in 4.16s, 3384 queries 
2026-03-11 13:41:12,879 19320 INFO odoo15 odoo.modules.loading: Loading module web_unsplash (15/31) 
2026-03-11 13:41:13,047 19320 INFO odoo15 odoo.modules.registry: module web_unsplash: creating or updating database tables 
2026-03-11 13:41:13,125 19320 INFO odoo15 odoo.modules.loading: loading web_unsplash/views/res_config_settings_view.xml 
2026-03-11 13:41:13,182 19320 INFO odoo15 odoo.modules.loading: Module web_unsplash: loading demo 
2026-03-11 13:41:13,196 19320 INFO odoo15 odoo.modules.loading: Module web_unsplash loaded in 0.32s, 91 queries 
2026-03-11 13:41:13,196 19320 INFO odoo15 odoo.modules.loading: Loading module analytic (16/31) 
2026-03-11 13:41:13,327 19320 INFO odoo15 odoo.modules.registry: module analytic: creating or updating database tables 
2026-03-11 13:41:13,556 19320 INFO odoo15 odoo.modules.loading: loading analytic/security/analytic_security.xml 
2026-03-11 13:41:13,607 19320 INFO odoo15 odoo.modules.loading: loading analytic/security/ir.model.access.csv 
2026-03-11 13:41:13,648 19320 INFO odoo15 odoo.modules.loading: loading analytic/views/analytic_account_views.xml 
2026-03-11 13:41:13,831 19320 INFO odoo15 odoo.modules.loading: Module analytic: loading demo 
2026-03-11 13:41:13,832 19320 INFO odoo15 odoo.modules.loading: loading analytic/data/analytic_demo.xml 
2026-03-11 13:41:13,844 19320 INFO odoo15 odoo.modules.loading: loading analytic/data/analytic_account_demo.xml 
2026-03-11 13:41:14,001 19320 INFO odoo15 odoo.modules.loading: Module analytic loaded in 0.81s, 566 queries 
2026-03-11 13:41:14,001 19320 INFO odoo15 odoo.modules.loading: Loading module auth_signup (17/31) 
2026-03-11 13:41:14,176 19320 INFO odoo15 odoo.modules.registry: module auth_signup: creating or updating database tables 
2026-03-11 13:41:14,252 19320 INFO odoo15 odoo.modules.loading: loading auth_signup/data/ir_config_parameter_data.xml 
2026-03-11 13:41:14,267 19320 INFO odoo15 odoo.modules.loading: loading auth_signup/data/ir_cron_data.xml 
2026-03-11 13:41:14,288 19320 INFO odoo15 odoo.modules.loading: loading auth_signup/data/mail_template_data.xml 
2026-03-11 13:41:14,320 19320 INFO odoo15 odoo.modules.loading: loading auth_signup/views/res_config_settings_views.xml 
2026-03-11 13:41:14,344 19320 INFO odoo15 odoo.modules.loading: loading auth_signup/views/res_users_views.xml 
2026-03-11 13:41:14,374 19320 INFO odoo15 odoo.modules.loading: loading auth_signup/views/auth_signup_login_templates.xml 
2026-03-11 13:41:14,408 19320 INFO odoo15 odoo.modules.loading: Module auth_signup: loading demo 
2026-03-11 13:41:14,425 19320 INFO odoo15 odoo.modules.loading: Module auth_signup loaded in 0.42s, 193 queries 
2026-03-11 13:41:14,425 19320 INFO odoo15 odoo.modules.loading: Loading module auth_totp_mail (18/31) 
2026-03-11 13:41:14,529 19320 INFO odoo15 odoo.modules.registry: module auth_totp_mail: creating or updating database tables 
2026-03-11 13:41:14,553 19320 INFO odoo15 odoo.modules.loading: loading auth_totp_mail/data/ir_action_data.xml 
2026-03-11 13:41:14,640 19320 INFO odoo15 odoo.modules.loading: loading auth_totp_mail/data/mail_template_data.xml 
2026-03-11 13:41:14,657 19320 INFO odoo15 odoo.modules.loading: loading auth_totp_mail/views/res_users_views.xml 
2026-03-11 13:41:14,687 19320 INFO odoo15 odoo.modules.loading: Module auth_totp_mail: loading demo 
2026-03-11 13:41:14,701 19320 INFO odoo15 odoo.modules.loading: Module auth_totp_mail loaded in 0.28s, 97 queries 
2026-03-11 13:41:14,701 19320 INFO odoo15 odoo.modules.loading: Loading module fetchmail (19/31) 
2026-03-11 13:41:14,890 19320 INFO odoo15 odoo.modules.registry: module fetchmail: creating or updating database tables 
2026-03-11 13:41:15,013 19320 INFO odoo15 odoo.modules.loading: loading fetchmail/data/fetchmail_data.xml 
2026-03-11 13:41:15,027 19320 INFO odoo15 odoo.modules.loading: loading fetchmail/security/ir.model.access.csv 
2026-03-11 13:41:15,055 19320 INFO odoo15 odoo.modules.loading: loading fetchmail/views/fetchmail_views.xml 
2026-03-11 13:41:15,092 19320 INFO odoo15 odoo.modules.loading: loading fetchmail/views/mail_mail_views.xml 
2026-03-11 13:41:15,107 19320 INFO odoo15 odoo.modules.loading: loading fetchmail/views/res_config_settings_views.xml 
2026-03-11 13:41:15,122 19320 INFO odoo15 odoo.modules.loading: Module fetchmail: loading demo 
2026-03-11 13:41:15,139 19320 INFO odoo15 odoo.modules.loading: Module fetchmail loaded in 0.44s, 189 queries 
2026-03-11 13:41:15,139 19320 INFO odoo15 odoo.modules.loading: Loading module iap_mail (20/31) 
2026-03-11 13:41:15,226 19320 INFO odoo15 odoo.modules.loading: loading iap_mail/data/mail_templates.xml 
2026-03-11 13:41:15,261 19320 INFO odoo15 odoo.modules.loading: Module iap_mail: loading demo 
2026-03-11 13:41:15,272 19320 INFO odoo15 odoo.modules.loading: Module iap_mail loaded in 0.13s, 29 queries 
2026-03-11 13:41:15,272 19320 INFO odoo15 odoo.modules.loading: Loading module mail_bot (21/31) 
2026-03-11 13:41:15,432 19320 INFO odoo15 odoo.modules.registry: module mail_bot: creating or updating database tables 
2026-03-11 13:41:15,519 19320 INFO odoo15 odoo.modules.loading: loading mail_bot/views/res_users_views.xml 
2026-03-11 13:41:15,553 19320 INFO odoo15 odoo.modules.loading: loading mail_bot/data/mailbot_data.xml 
2026-03-11 13:41:15,566 19320 INFO odoo15 odoo.modules.loading: Module mail_bot: loading demo 
2026-03-11 13:41:15,566 19320 INFO odoo15 odoo.modules.loading: loading mail_bot/data/mailbot_demo.xml 
2026-03-11 13:41:15,595 19320 INFO odoo15 odoo.modules.loading: Module mail_bot loaded in 0.32s, 147 queries 
2026-03-11 13:41:15,595 19320 INFO odoo15 odoo.modules.loading: Loading module phone_validation (22/31) 
2026-03-11 13:41:15,826 19320 INFO odoo15 odoo.modules.registry: module phone_validation: creating or updating database tables 
2026-03-11 13:41:15,942 19320 INFO odoo15 odoo.modules.loading: loading phone_validation/security/ir.model.access.csv 
2026-03-11 13:41:15,965 19320 INFO odoo15 odoo.modules.loading: loading phone_validation/views/phone_blacklist_views.xml 
2026-03-11 13:41:16,005 19320 INFO odoo15 odoo.modules.loading: loading phone_validation/wizard/phone_blacklist_remove_view.xml 
2026-03-11 13:41:16,019 19320 INFO odoo15 odoo.modules.loading: Module phone_validation: loading demo 
2026-03-11 13:41:16,029 19320 INFO odoo15 odoo.modules.loading: Module phone_validation loaded in 0.43s, 183 queries 
2026-03-11 13:41:16,029 19320 INFO odoo15 odoo.modules.loading: Loading module rating (23/31) 
2026-03-11 13:41:16,305 19320 INFO odoo15 odoo.modules.registry: module rating: creating or updating database tables 
2026-03-11 13:41:16,492 19320 INFO odoo15 odoo.modules.loading: loading rating/views/rating_rating_views.xml 
2026-03-11 13:41:16,546 19320 INFO odoo15 odoo.modules.loading: loading rating/views/rating_template.xml 
2026-03-11 13:41:16,556 19320 INFO odoo15 odoo.modules.loading: loading rating/views/mail_message_views.xml 
2026-03-11 13:41:16,581 19320 INFO odoo15 odoo.modules.loading: loading rating/security/ir.model.access.csv 
2026-03-11 13:41:16,600 19320 INFO odoo15 odoo.modules.loading: Module rating: loading demo 
2026-03-11 13:41:16,610 19320 INFO odoo15 odoo.modules.loading: Module rating loaded in 0.58s, 294 queries 
2026-03-11 13:41:16,610 19320 INFO odoo15 odoo.modules.loading: Loading module partner_autocomplete (24/31) 
2026-03-11 13:41:16,843 19320 INFO odoo15 odoo.modules.registry: module partner_autocomplete: creating or updating database tables 
2026-03-11 13:41:17,021 19320 INFO odoo15 odoo.modules.loading: loading partner_autocomplete/security/ir.model.access.csv 
2026-03-11 13:41:17,048 19320 INFO odoo15 odoo.modules.loading: loading partner_autocomplete/views/res_partner_views.xml 
2026-03-11 13:41:17,083 19320 INFO odoo15 odoo.modules.loading: loading partner_autocomplete/views/res_company_views.xml 
2026-03-11 13:41:17,101 19320 INFO odoo15 odoo.modules.loading: loading partner_autocomplete/views/res_config_settings_views.xml 
2026-03-11 13:41:17,122 19320 INFO odoo15 odoo.modules.loading: loading partner_autocomplete/data/cron.xml 
2026-03-11 13:41:17,135 19320 INFO odoo15 odoo.modules.loading: Module partner_autocomplete: loading demo 
2026-03-11 13:41:17,138 19320 INFO odoo15 odoo.modules.loading: Module partner_autocomplete loaded in 0.53s, 191 queries 
2026-03-11 13:41:17,138 19320 INFO odoo15 odoo.modules.loading: Loading module portal (25/31) 
2026-03-11 13:41:17,554 19320 INFO odoo15 odoo.modules.registry: module portal: creating or updating database tables 
2026-03-11 13:41:17,765 19320 INFO odoo15 odoo.modules.loading: loading portal/security/ir.model.access.csv 
2026-03-11 13:41:17,782 19320 INFO odoo15 odoo.modules.loading: loading portal/data/mail_template_data.xml 
2026-03-11 13:41:17,797 19320 INFO odoo15 odoo.modules.loading: loading portal/data/mail_templates.xml 
2026-03-11 13:41:17,804 19320 INFO odoo15 odoo.modules.loading: loading portal/views/portal_templates.xml 
2026-03-11 13:41:17,930 19320 INFO odoo15 odoo.modules.loading: loading portal/views/res_config_settings_views.xml 
2026-03-11 13:41:17,949 19320 INFO odoo15 odoo.modules.loading: loading portal/wizard/portal_share_views.xml 
2026-03-11 13:41:17,968 19320 INFO odoo15 odoo.modules.loading: loading portal/wizard/portal_wizard_views.xml 
2026-03-11 13:41:17,991 19320 INFO odoo15 odoo.modules.loading: Module portal: loading demo 
2026-03-11 13:41:18,008 19320 INFO odoo15 odoo.modules.loading: Module portal loaded in 0.87s, 435 queries 
2026-03-11 13:41:18,008 19320 INFO odoo15 odoo.modules.loading: Loading module sms (26/31) 
2026-03-11 13:41:18,433 19320 INFO odoo15 odoo.modules.registry: module sms: creating or updating database tables 
2026-03-11 13:41:18,598 19320 INFO odoo15 odoo.models: Storing computed values of res.partner.phone_sanitized 
2026-03-11 13:41:18,717 19320 INFO odoo15 odoo.addons.phone_validation.tools.phone_validation: The `phonenumbers` Python module is not installed, contact numbers will not be verified. Please install the `phonenumbers` Python module. 
2026-03-11 13:41:18,760 19320 INFO odoo15 odoo.modules.loading: loading sms/data/ir_cron_data.xml 
2026-03-11 13:41:18,773 19320 INFO odoo15 odoo.modules.loading: loading sms/wizard/sms_cancel_views.xml 
2026-03-11 13:41:18,805 19320 INFO odoo15 odoo.modules.loading: loading sms/wizard/sms_composer_views.xml 
2026-03-11 13:41:18,838 19320 INFO odoo15 odoo.modules.loading: loading sms/wizard/sms_template_preview_views.xml 
2026-03-11 13:41:18,868 19320 INFO odoo15 odoo.modules.loading: loading sms/wizard/sms_resend_views.xml 
2026-03-11 13:41:18,905 19320 INFO odoo15 odoo.modules.loading: loading sms/views/ir_actions_views.xml 
2026-03-11 13:41:18,933 19320 INFO odoo15 odoo.modules.loading: loading sms/views/mail_notification_views.xml 
2026-03-11 13:41:18,968 19320 INFO odoo15 odoo.modules.loading: loading sms/views/res_config_settings_views.xml 
2026-03-11 13:41:19,006 19320 INFO odoo15 odoo.modules.loading: loading sms/views/res_partner_views.xml 
2026-03-11 13:41:19,055 19320 INFO odoo15 odoo.modules.loading: loading sms/views/sms_sms_views.xml 
2026-03-11 13:41:19,106 19320 INFO odoo15 odoo.modules.loading: loading sms/views/sms_template_views.xml 
2026-03-11 13:41:19,138 19320 INFO odoo15 odoo.modules.loading: loading sms/security/ir.model.access.csv 
2026-03-11 13:41:19,169 19320 INFO odoo15 odoo.modules.loading: loading sms/security/sms_security.xml 
2026-03-11 13:41:19,183 19320 INFO odoo15 odoo.modules.loading: Module sms: loading demo 
2026-03-11 13:41:19,184 19320 INFO odoo15 odoo.modules.loading: loading sms/data/sms_demo.xml 
2026-03-11 13:41:19,195 19320 INFO odoo15 odoo.modules.loading: loading sms/data/mail_demo.xml 
2026-03-11 13:41:19,269 19320 INFO odoo15 odoo.modules.loading: Module sms loaded in 1.26s, 687 queries 
2026-03-11 13:41:19,269 19320 INFO odoo15 odoo.modules.loading: Loading module snailmail (27/31) 
2026-03-11 13:41:19,620 19320 INFO odoo15 odoo.modules.registry: module snailmail: creating or updating database tables 
2026-03-11 13:41:19,870 19320 INFO odoo15 odoo.modules.loading: loading snailmail/data/snailmail_data.xml 
2026-03-11 13:41:19,886 19320 INFO odoo15 odoo.modules.loading: loading snailmail/views/report_assets.xml 
2026-03-11 13:41:19,923 19320 INFO odoo15 odoo.modules.loading: loading snailmail/views/snailmail_views.xml 
2026-03-11 13:41:19,966 19320 INFO odoo15 odoo.modules.loading: loading snailmail/wizard/snailmail_confirm_views.xml 
2026-03-11 13:41:19,992 19320 INFO odoo15 odoo.modules.loading: loading snailmail/wizard/snailmail_letter_cancel_views.xml 
2026-03-11 13:41:20,020 19320 INFO odoo15 odoo.modules.loading: loading snailmail/wizard/snailmail_letter_format_error_views.xml 
2026-03-11 13:41:20,057 19320 INFO odoo15 odoo.modules.loading: loading snailmail/wizard/snailmail_letter_missing_required_fields_views.xml 
2026-03-11 13:41:20,092 19320 INFO odoo15 odoo.modules.loading: loading snailmail/security/ir.model.access.csv 
2026-03-11 13:41:20,125 19320 INFO odoo15 odoo.modules.loading: Module snailmail: loading demo 
2026-03-11 13:41:20,135 19320 INFO odoo15 odoo.modules.loading: Module snailmail loaded in 0.87s, 378 queries 
2026-03-11 13:41:20,135 19320 INFO odoo15 odoo.modules.loading: Loading module auth_totp_portal (28/31) 
2026-03-11 13:41:20,219 19320 INFO odoo15 odoo.modules.registry: module auth_totp_portal: creating or updating database tables 
2026-03-11 13:41:20,261 19320 INFO odoo15 odoo.modules.loading: loading auth_totp_portal/security/security.xml 
2026-03-11 13:41:20,290 19320 INFO odoo15 odoo.modules.loading: loading auth_totp_portal/views/templates.xml 
2026-03-11 13:41:20,302 19320 INFO odoo15 odoo.modules.loading: Module auth_totp_portal: loading demo 
2026-03-11 13:41:20,320 19320 INFO odoo15 odoo.modules.loading: Module auth_totp_portal loaded in 0.18s, 66 queries 
2026-03-11 13:41:20,320 19320 INFO odoo15 odoo.modules.loading: Loading module digest (29/31) 
2026-03-11 13:41:20,498 19320 INFO odoo15 odoo.modules.registry: module digest: creating or updating database tables 
2026-03-11 13:41:20,718 19320 INFO odoo15 odoo.modules.loading: loading digest/security/ir.model.access.csv 
2026-03-11 13:41:20,750 19320 INFO odoo15 odoo.modules.loading: loading digest/data/digest_data.xml 
2026-03-11 13:41:20,786 19320 INFO odoo15 odoo.modules.loading: loading digest/data/digest_tips_data.xml 
2026-03-11 13:41:20,813 19320 INFO odoo15 odoo.modules.loading: loading digest/data/ir_cron_data.xml 
2026-03-11 13:41:20,828 19320 INFO odoo15 odoo.modules.loading: loading digest/data/res_config_settings_data.xml 
2026-03-11 13:41:20,841 19320 INFO odoo15 odoo.modules.loading: loading digest/views/digest_views.xml 
2026-03-11 13:41:20,890 19320 INFO odoo15 odoo.modules.loading: loading digest/views/digest_templates.xml 
2026-03-11 13:41:20,904 19320 INFO odoo15 odoo.modules.loading: loading digest/views/res_config_settings_views.xml 
2026-03-11 13:41:20,928 19320 INFO odoo15 odoo.modules.loading: Module digest: loading demo 
2026-03-11 13:41:20,948 19320 INFO odoo15 odoo.modules.loading: Module digest loaded in 0.63s, 310 queries 
2026-03-11 13:41:20,948 19320 INFO odoo15 odoo.modules.loading: Loading module portal_rating (30/31) 
2026-03-11 13:41:21,101 19320 INFO odoo15 odoo.modules.registry: module portal_rating: creating or updating database tables 
2026-03-11 13:41:21,180 19320 INFO odoo15 odoo.modules.loading: loading portal_rating/views/rating_views.xml 
2026-03-11 13:41:21,198 19320 INFO odoo15 odoo.modules.loading: loading portal_rating/views/portal_templates.xml 
2026-03-11 13:41:21,215 19320 INFO odoo15 odoo.modules.loading: loading portal_rating/views/rating_templates.xml 
2026-03-11 13:41:21,234 19320 INFO odoo15 odoo.modules.loading: Module portal_rating: loading demo 
2026-03-11 13:41:21,246 19320 INFO odoo15 odoo.modules.loading: Module portal_rating loaded in 0.30s, 112 queries 
2026-03-11 13:41:21,246 19320 INFO odoo15 odoo.modules.loading: Loading module project (31/31) 
2026-03-11 13:41:21,852 19320 INFO odoo15 odoo.modules.registry: module project: creating or updating database tables 
2026-03-11 13:41:22,568 19320 INFO odoo15 odoo.modules.loading: loading project/security/project_security.xml 
2026-03-11 13:41:22,735 19320 INFO odoo15 odoo.modules.loading: loading project/security/ir.model.access.csv 
2026-03-11 13:41:22,784 19320 INFO odoo15 odoo.modules.loading: loading project/security/ir.model.access.xml 
2026-03-11 13:41:22,799 19320 INFO odoo15 odoo.modules.loading: loading project/data/digest_data.xml 
2026-03-11 13:41:22,815 19320 INFO odoo15 odoo.modules.loading: loading project/report/project_report_views.xml 
2026-03-11 13:41:22,846 19320 INFO odoo15 odoo.modules.loading: loading project/report/project_task_burndown_chart_report_views.xml 
2026-03-11 13:41:22,866 19320 INFO odoo15 odoo.modules.loading: loading project/views/analytic_views.xml 
2026-03-11 13:41:22,883 19320 INFO odoo15 odoo.modules.loading: loading project/views/digest_views.xml 
2026-03-11 13:41:22,901 19320 INFO odoo15 odoo.modules.loading: loading project/views/rating_views.xml 
2026-03-11 13:41:22,968 19320 INFO odoo15 odoo.modules.loading: loading project/views/project_update_views.xml 
2026-03-11 13:41:23,011 19320 INFO odoo15 odoo.modules.loading: loading project/views/project_update_templates.xml 
2026-03-11 13:41:23,022 19320 INFO odoo15 odoo.modules.loading: loading project/views/project_project_stage_views.xml 
2026-03-11 13:41:23,066 19320 INFO odoo15 odoo.modules.loading: loading project/wizard/project_share_wizard_views.xml 
2026-03-11 13:41:23,086 19320 INFO odoo15 odoo.modules.loading: loading project/views/project_collaborator_views.xml 
2026-03-11 13:41:23,100 19320 INFO odoo15 odoo.modules.loading: loading project/views/project_views.xml 
2026-03-11 13:41:23,349 19320 INFO odoo15 odoo.modules.loading: loading project/views/res_partner_views.xml 
2026-03-11 13:41:23,367 19320 INFO odoo15 odoo.modules.loading: loading project/views/res_config_settings_views.xml 
2026-03-11 13:41:23,402 19320 INFO odoo15 odoo.modules.loading: loading project/views/mail_activity_views.xml 
2026-03-11 13:41:23,418 19320 INFO odoo15 odoo.modules.loading: loading project/views/project_sharing_views.xml 
2026-03-11 13:41:23,467 19320 INFO odoo15 odoo.modules.loading: loading project/views/project_portal_templates.xml 
2026-03-11 13:41:23,534 19320 INFO odoo15 odoo.modules.loading: loading project/views/project_task_templates.xml 
2026-03-11 13:41:23,554 19320 INFO odoo15 odoo.modules.loading: loading project/views/project_sharing_templates.xml 
2026-03-11 13:41:23,595 19320 INFO odoo15 odoo.modules.loading: loading project/data/ir_cron_data.xml 
2026-03-11 13:41:23,615 19320 INFO odoo15 odoo.modules.loading: loading project/data/mail_data.xml 
2026-03-11 13:41:23,658 19320 INFO odoo15 odoo.modules.loading: loading project/data/mail_template_data.xml 
2026-03-11 13:41:23,683 19320 INFO odoo15 odoo.modules.loading: loading project/data/project_data.xml 
2026-03-11 13:41:23,699 19320 INFO odoo15 odoo.modules.loading: loading project/wizard/project_delete_wizard_views.xml 
2026-03-11 13:41:23,716 19320 INFO odoo15 odoo.modules.loading: loading project/wizard/project_task_type_delete_views.xml 
2026-03-11 13:41:23,739 19320 INFO odoo15 odoo.modules.loading: Module project: loading demo 
2026-03-11 13:41:23,739 19320 INFO odoo15 odoo.modules.loading: loading project/data/project_demo.xml 
2026-03-11 13:41:23,987 19320 INFO odoo15 odoo.tests: skip sending email in test mode 
2026-03-11 13:41:23,987 19320 INFO odoo15 odoo.addons.mail.models.mail_mail: Mail with ID 1 and Message-Id '<269419388198717.1773236483.935779333114624-openerp-1-project.task@Busayomi>' successfully sent 
2026-03-11 13:41:24,075 19320 INFO odoo15 odoo.models.unlink: User #1 deleted mail.mail records with IDs: [1] 
2026-03-11 13:41:24,075 19320 INFO odoo15 odoo.addons.mail.models.mail_mail: Sent batch 1 emails via mail server ID #False 
2026-03-11 13:41:24,114 19320 INFO odoo15 odoo.tests: skip sending email in test mode 
2026-03-11 13:41:24,116 19320 INFO odoo15 odoo.addons.mail.models.mail_mail: Mail with ID 2 and Message-Id '<756823775837311.1773236484.097342729568481-openerp-message-notify@Busayomi>' successfully sent 
2026-03-11 13:41:24,116 19320 INFO odoo15 odoo.models.unlink: User #1 deleted mail.mail records with IDs: [2] 
2026-03-11 13:41:24,116 19320 INFO odoo15 odoo.addons.mail.models.mail_mail: Sent batch 1 emails via mail server ID #False 
2026-03-11 13:41:24,156 19320 INFO odoo15 odoo.tests: skip sending email in test mode 
2026-03-11 13:41:24,156 19320 INFO odoo15 odoo.addons.mail.models.mail_mail: Mail with ID 3 and Message-Id '<662093781649015.1773236484.132690191268921-openerp-message-notify@Busayomi>' successfully sent 
2026-03-11 13:41:24,260 19320 INFO odoo15 odoo.models.unlink: User #1 deleted mail.mail records with IDs: [3] 
2026-03-11 13:41:24,260 19320 INFO odoo15 odoo.addons.mail.models.mail_mail: Sent batch 1 emails via mail server ID #False 
2026-03-11 13:41:24,350 19320 INFO odoo15 odoo.tests: skip sending email in test mode 
2026-03-11 13:41:24,354 19320 INFO odoo15 odoo.addons.mail.models.mail_mail: Mail with ID 4 and Message-Id '<059209266143508.1773236484.332541465759277-openerp-message-notify@Busayomi>' successfully sent 
2026-03-11 13:41:24,433 19320 INFO odoo15 odoo.models.unlink: User #1 deleted mail.mail records with IDs: [4] 
2026-03-11 13:41:24,433 19320 INFO odoo15 odoo.addons.mail.models.mail_mail: Sent batch 1 emails via mail server ID #False 
2026-03-11 13:41:24,483 19320 INFO odoo15 odoo.tests: skip sending email in test mode 
2026-03-11 13:41:24,483 19320 INFO odoo15 odoo.addons.mail.models.mail_mail: Mail with ID 5 and Message-Id '<899968296479579.1773236484.465385437011719-openerp-message-notify@Busayomi>' successfully sent 
2026-03-11 13:41:24,516 19320 INFO odoo15 odoo.models.unlink: User #1 deleted mail.mail records with IDs: [5] 
2026-03-11 13:41:24,516 19320 INFO odoo15 odoo.addons.mail.models.mail_mail: Sent batch 1 emails via mail server ID #False 
2026-03-11 13:41:24,566 19320 INFO odoo15 odoo.tests: skip sending email in test mode 
2026-03-11 13:41:24,566 19320 INFO odoo15 odoo.addons.mail.models.mail_mail: Mail with ID 6 and Message-Id '<824088946382981.1773236484.548640251159668-openerp-message-notify@Busayomi>' successfully sent 
2026-03-11 13:41:24,599 19320 INFO odoo15 odoo.models.unlink: User #1 deleted mail.mail records with IDs: [6] 
2026-03-11 13:41:24,599 19320 INFO odoo15 odoo.addons.mail.models.mail_mail: Sent batch 1 emails via mail server ID #False 
2026-03-11 13:41:24,666 19320 INFO odoo15 odoo.tests: skip sending email in test mode 
2026-03-11 13:41:24,666 19320 INFO odoo15 odoo.addons.mail.models.mail_mail: Mail with ID 7 and Message-Id '<784256295231156.1773236484.649784564971924-openerp-message-notify@Busayomi>' successfully sent 
2026-03-11 13:41:24,709 19320 INFO odoo15 odoo.models.unlink: User #1 deleted mail.mail records with IDs: [7] 
2026-03-11 13:41:24,709 19320 INFO odoo15 odoo.addons.mail.models.mail_mail: Sent batch 1 emails via mail server ID #False 
2026-03-11 13:41:24,752 19320 INFO odoo15 odoo.tests: skip sending email in test mode 
2026-03-11 13:41:24,752 19320 INFO odoo15 odoo.addons.mail.models.mail_mail: Mail with ID 8 and Message-Id '<040801202945161.1773236484.738996744155884-openerp-message-notify@Busayomi>' successfully sent 
2026-03-11 13:41:24,796 19320 INFO odoo15 odoo.models.unlink: User #1 deleted mail.mail records with IDs: [8] 
2026-03-11 13:41:24,796 19320 INFO odoo15 odoo.addons.mail.models.mail_mail: Sent batch 1 emails via mail server ID #False 
2026-03-11 13:41:24,855 19320 INFO odoo15 odoo.tests: skip sending email in test mode 
2026-03-11 13:41:24,855 19320 INFO odoo15 odoo.addons.mail.models.mail_mail: Mail with ID 9 and Message-Id '<794021164392421.1773236484.838767528533936-openerp-message-notify@Busayomi>' successfully sent 
2026-03-11 13:41:24,901 19320 INFO odoo15 odoo.models.unlink: User #1 deleted mail.mail records with IDs: [9] 
2026-03-11 13:41:24,901 19320 INFO odoo15 odoo.addons.mail.models.mail_mail: Sent batch 1 emails via mail server ID #False 
2026-03-11 13:41:24,921 19320 INFO odoo15 odoo.tests: skip sending email in test mode 
2026-03-11 13:41:24,922 19320 INFO odoo15 odoo.addons.mail.models.mail_mail: Mail with ID 10 and Message-Id '<377746916163252.1773236484.906642198562622-openerp-message-notify@Busayomi>' successfully sent 
2026-03-11 13:41:24,928 19320 INFO odoo15 odoo.models.unlink: User #1 deleted mail.mail records with IDs: [10] 
2026-03-11 13:41:24,928 19320 INFO odoo15 odoo.addons.mail.models.mail_mail: Sent batch 1 emails via mail server ID #False 
2026-03-11 13:41:24,990 19320 INFO odoo15 odoo.tests: skip sending email in test mode 
2026-03-11 13:41:24,990 19320 INFO odoo15 odoo.addons.mail.models.mail_mail: Mail with ID 11 and Message-Id '<003799497377657.1773236484.975747346878052-openerp-message-notify@Busayomi>' successfully sent 
2026-03-11 13:41:25,031 19320 INFO odoo15 odoo.models.unlink: User #1 deleted mail.mail records with IDs: [11] 
2026-03-11 13:41:25,031 19320 INFO odoo15 odoo.addons.mail.models.mail_mail: Sent batch 1 emails via mail server ID #False 
2026-03-11 13:41:25,069 19320 INFO odoo15 odoo.tests: skip sending email in test mode 
2026-03-11 13:41:25,070 19320 INFO odoo15 odoo.addons.mail.models.mail_mail: Mail with ID 12 and Message-Id '<938549137141417.1773236485.050439596176147-openerp-message-notify@Busayomi>' successfully sent 
2026-03-11 13:41:25,131 19320 INFO odoo15 odoo.models.unlink: User #1 deleted mail.mail records with IDs: [12] 
2026-03-11 13:41:25,131 19320 INFO odoo15 odoo.addons.mail.models.mail_mail: Sent batch 1 emails via mail server ID #False 
2026-03-11 13:41:25,181 19320 INFO odoo15 odoo.tests: skip sending email in test mode 
2026-03-11 13:41:25,186 19320 INFO odoo15 odoo.addons.mail.models.mail_mail: Mail with ID 13 and Message-Id '<964667488377133.1773236485.173799276351929-openerp-message-notify@Busayomi>' successfully sent 
2026-03-11 13:41:25,231 19320 INFO odoo15 odoo.models.unlink: User #1 deleted mail.mail records with IDs: [13] 
2026-03-11 13:41:25,231 19320 INFO odoo15 odoo.addons.mail.models.mail_mail: Sent batch 1 emails via mail server ID #False 
2026-03-11 13:41:25,289 19320 INFO odoo15 odoo.tests: skip sending email in test mode 
2026-03-11 13:41:25,289 19320 INFO odoo15 odoo.addons.mail.models.mail_mail: Mail with ID 14 and Message-Id '<503539042034609.1773236485.271911859512329-openerp-message-notify@Busayomi>' successfully sent 
2026-03-11 13:41:25,333 19320 INFO odoo15 odoo.models.unlink: User #1 deleted mail.mail records with IDs: [14] 
2026-03-11 13:41:25,334 19320 INFO odoo15 odoo.addons.mail.models.mail_mail: Sent batch 1 emails via mail server ID #False 
2026-03-11 13:41:25,407 19320 INFO odoo15 odoo.tests: skip sending email in test mode 
2026-03-11 13:41:25,407 19320 INFO odoo15 odoo.addons.mail.models.mail_mail: Mail with ID 15 and Message-Id '<811549011334238.1773236485.389663934707642-openerp-message-notify@Busayomi>' successfully sent 
2026-03-11 13:41:25,448 19320 INFO odoo15 odoo.models.unlink: User #1 deleted mail.mail records with IDs: [15] 
2026-03-11 13:41:25,448 19320 INFO odoo15 odoo.addons.mail.models.mail_mail: Sent batch 1 emails via mail server ID #False 
2026-03-11 13:41:25,464 19320 INFO odoo15 odoo.tests: skip sending email in test mode 
2026-03-11 13:41:25,464 19320 INFO odoo15 odoo.addons.mail.models.mail_mail: Mail with ID 16 and Message-Id '<868002940592015.1773236485.448410511016846-openerp-message-notify@Busayomi>' successfully sent 
2026-03-11 13:41:25,464 19320 INFO odoo15 odoo.models.unlink: User #1 deleted mail.mail records with IDs: [16] 
2026-03-11 13:41:25,464 19320 INFO odoo15 odoo.addons.mail.models.mail_mail: Sent batch 1 emails via mail server ID #False 
2026-03-11 13:41:25,524 19320 INFO odoo15 odoo.tests: skip sending email in test mode 
2026-03-11 13:41:25,524 19320 INFO odoo15 odoo.addons.mail.models.mail_mail: Mail with ID 17 and Message-Id '<200041032460722.1773236485.512983322143555-openerp-message-notify@Busayomi>' successfully sent 
2026-03-11 13:41:25,567 19320 INFO odoo15 odoo.models.unlink: User #1 deleted mail.mail records with IDs: [17] 
2026-03-11 13:41:25,567 19320 INFO odoo15 odoo.addons.mail.models.mail_mail: Sent batch 1 emails via mail server ID #False 
2026-03-11 13:41:25,593 19320 INFO odoo15 odoo.tests: skip sending email in test mode 
2026-03-11 13:41:25,594 19320 INFO odoo15 odoo.addons.mail.models.mail_mail: Mail with ID 18 and Message-Id '<897502484847259.1773236485.574077129364014-openerp-message-notify@Busayomi>' successfully sent 
2026-03-11 13:41:25,599 19320 INFO odoo15 odoo.models.unlink: User #1 deleted mail.mail records with IDs: [18] 
2026-03-11 13:41:25,599 19320 INFO odoo15 odoo.addons.mail.models.mail_mail: Sent batch 1 emails via mail server ID #False 
2026-03-11 13:41:25,696 19320 INFO odoo15 odoo.tests: skip sending email in test mode 
2026-03-11 13:41:25,696 19320 INFO odoo15 odoo.addons.mail.models.mail_mail: Mail with ID 19 and Message-Id '<431767675199425.1773236485.631535291671753-openerp-message-notify@Busayomi>' successfully sent 
2026-03-11 13:41:25,763 19320 INFO odoo15 odoo.models.unlink: User #1 deleted mail.mail records with IDs: [19] 
2026-03-11 13:41:25,764 19320 INFO odoo15 odoo.addons.mail.models.mail_mail: Sent batch 1 emails via mail server ID #False 
2026-03-11 13:41:25,838 19320 INFO odoo15 odoo.tests: skip sending email in test mode 
2026-03-11 13:41:25,838 19320 INFO odoo15 odoo.addons.mail.models.mail_mail: Mail with ID 20 and Message-Id '<706384298163322.1773236485.822179555892944-openerp-18-project.task@Busayomi>' successfully sent 
2026-03-11 13:41:25,883 19320 INFO odoo15 odoo.models.unlink: User #1 deleted mail.mail records with IDs: [20] 
2026-03-11 13:41:25,883 19320 INFO odoo15 odoo.addons.mail.models.mail_mail: Sent batch 1 emails via mail server ID #False 
2026-03-11 13:41:25,943 19320 INFO odoo15 odoo.tests: skip sending email in test mode 
2026-03-11 13:41:25,943 19320 INFO odoo15 odoo.addons.mail.models.mail_mail: Mail with ID 21 and Message-Id '<591002771974849.1773236485.931815624237061-openerp-message-notify@Busayomi>' successfully sent 
2026-03-11 13:41:25,990 19320 INFO odoo15 odoo.models.unlink: User #1 deleted mail.mail records with IDs: [21] 
2026-03-11 13:41:25,990 19320 INFO odoo15 odoo.addons.mail.models.mail_mail: Sent batch 1 emails via mail server ID #False 
2026-03-11 13:41:26,022 19320 INFO odoo15 odoo.tests: skip sending email in test mode 
2026-03-11 13:41:26,022 19320 INFO odoo15 odoo.addons.mail.models.mail_mail: Mail with ID 22 and Message-Id '<578208114701193.1773236486.011402845382690-openerp-message-notify@Busayomi>' successfully sent 
2026-03-11 13:41:26,038 19320 INFO odoo15 odoo.models.unlink: User #1 deleted mail.mail records with IDs: [22] 
2026-03-11 13:41:26,038 19320 INFO odoo15 odoo.addons.mail.models.mail_mail: Sent batch 1 emails via mail server ID #False 
2026-03-11 13:41:26,072 19320 INFO odoo15 odoo.tests: skip sending email in test mode 
2026-03-11 13:41:26,072 19320 INFO odoo15 odoo.addons.mail.models.mail_mail: Mail with ID 23 and Message-Id '<765995193537861.1773236486.058986663818359-openerp-message-notify@Busayomi>' successfully sent 
2026-03-11 13:41:26,087 19320 INFO odoo15 odoo.models.unlink: User #1 deleted mail.mail records with IDs: [23] 
2026-03-11 13:41:26,087 19320 INFO odoo15 odoo.addons.mail.models.mail_mail: Sent batch 1 emails via mail server ID #False 
2026-03-11 13:41:26,120 19320 INFO odoo15 odoo.tests: skip sending email in test mode 
2026-03-11 13:41:26,120 19320 INFO odoo15 odoo.addons.mail.models.mail_mail: Mail with ID 24 and Message-Id '<258587384135586.1773236486.102209806442261-openerp-message-notify@Busayomi>' successfully sent 
2026-03-11 13:41:26,134 19320 INFO odoo15 odoo.models.unlink: User #1 deleted mail.mail records with IDs: [24] 
2026-03-11 13:41:26,134 19320 INFO odoo15 odoo.addons.mail.models.mail_mail: Sent batch 1 emails via mail server ID #False 
2026-03-11 13:41:26,211 19320 INFO odoo15 odoo.tests: skip sending email in test mode 
2026-03-11 13:41:26,212 19320 INFO odoo15 odoo.addons.mail.models.mail_mail: Mail with ID 25 and Message-Id '<656951219924387.1773236486.176644563674927-openerp-3-project.task@Busayomi>' successfully sent 
2026-03-11 13:41:26,222 19320 INFO odoo15 odoo.models.unlink: User #1 deleted mail.mail records with IDs: [25] 
2026-03-11 13:41:26,222 19320 INFO odoo15 odoo.addons.mail.models.mail_mail: Sent batch 1 emails via mail server ID #False 
2026-03-11 13:41:26,256 19320 INFO odoo15 odoo.tests: skip sending email in test mode 
2026-03-11 13:41:26,256 19320 INFO odoo15 odoo.addons.mail.models.mail_mail: Mail with ID 26 and Message-Id '<177579034904203.1773236486.231726169586182-openerp-17-project.task@Busayomi>' successfully sent 
2026-03-11 13:41:26,263 19320 INFO odoo15 odoo.models.unlink: User #1 deleted mail.mail records with IDs: [26] 
2026-03-11 13:41:26,269 19320 INFO odoo15 odoo.tests: skip sending email in test mode 
2026-03-11 13:41:26,269 19320 INFO odoo15 odoo.addons.mail.models.mail_mail: Mail with ID 27 and Message-Id '<177579034904203.1773236486.231726169586182-openerp-17-project.task@Busayomi>' successfully sent 
2026-03-11 13:41:26,269 19320 INFO odoo15 odoo.models.unlink: User #1 deleted mail.mail records with IDs: [27] 
2026-03-11 13:41:26,269 19320 INFO odoo15 odoo.addons.mail.models.mail_mail: Sent batch 2 emails via mail server ID #False 
2026-03-11 13:41:26,506 19320 INFO odoo15 odoo.tests: skip sending email in test mode 
2026-03-11 13:41:26,507 19320 INFO odoo15 odoo.addons.mail.models.mail_mail: Mail with ID 28 and Message-Id '<576343069746331.1773236486.488649129867554-openerp-30-project.task@Busayomi>' successfully sent 
2026-03-11 13:41:26,522 19320 INFO odoo15 odoo.models.unlink: User #1 deleted mail.mail records with IDs: [28] 
2026-03-11 13:41:26,522 19320 INFO odoo15 odoo.addons.mail.models.mail_mail: Sent batch 1 emails via mail server ID #False 
2026-03-11 13:41:26,580 19320 INFO odoo15 odoo.tests: skip sending email in test mode 
2026-03-11 13:41:26,581 19320 INFO odoo15 odoo.addons.mail.models.mail_mail: Mail with ID 29 and Message-Id '<561643858193018.1773236486.556684255599976-openerp-31-project.task@Busayomi>' successfully sent 
2026-03-11 13:41:26,587 19320 INFO odoo15 odoo.models.unlink: User #1 deleted mail.mail records with IDs: [29] 
2026-03-11 13:41:26,588 19320 INFO odoo15 odoo.addons.mail.models.mail_mail: Sent batch 1 emails via mail server ID #False 
2026-03-11 13:41:26,670 19320 INFO odoo15 odoo.tests: skip sending email in test mode 
2026-03-11 13:41:26,670 19320 INFO odoo15 odoo.addons.mail.models.mail_mail: Mail with ID 30 and Message-Id '<327028813847468.1773236486.650085687637329-openerp-32-project.task@Busayomi>' successfully sent 
2026-03-11 13:41:26,680 19320 INFO odoo15 odoo.models.unlink: User #1 deleted mail.mail records with IDs: [30] 
2026-03-11 13:41:26,680 19320 INFO odoo15 odoo.addons.mail.models.mail_mail: Sent batch 1 emails via mail server ID #False 
2026-03-11 13:41:26,715 19320 INFO odoo15 odoo.tests: skip sending email in test mode 
2026-03-11 13:41:26,715 19320 INFO odoo15 odoo.addons.mail.models.mail_mail: Mail with ID 31 and Message-Id '<896013918179533.1773236486.689274311065674-openerp-33-project.task@Busayomi>' successfully sent 
2026-03-11 13:41:26,715 19320 INFO odoo15 odoo.models.unlink: User #1 deleted mail.mail records with IDs: [31] 
2026-03-11 13:41:26,715 19320 INFO odoo15 odoo.addons.mail.models.mail_mail: Sent batch 1 emails via mail server ID #False 
2026-03-11 13:41:26,758 19320 INFO odoo15 odoo.tests: skip sending email in test mode 
2026-03-11 13:41:26,758 19320 INFO odoo15 odoo.addons.mail.models.mail_mail: Mail with ID 32 and Message-Id '<828980791997559.1773236486.735427141189575-openerp-34-project.task@Busayomi>' successfully sent 
2026-03-11 13:41:26,763 19320 INFO odoo15 odoo.models.unlink: User #1 deleted mail.mail records with IDs: [32] 
2026-03-11 13:41:26,763 19320 INFO odoo15 odoo.addons.mail.models.mail_mail: Sent batch 1 emails via mail server ID #False 
2026-03-11 13:41:26,824 19320 INFO odoo15 odoo.tests: skip sending email in test mode 
2026-03-11 13:41:26,825 19320 INFO odoo15 odoo.addons.mail.models.mail_mail: Mail with ID 33 and Message-Id '<643033351288090.1773236486.799741268157959-openerp-35-project.task@Busayomi>' successfully sent 
2026-03-11 13:41:26,835 19320 INFO odoo15 odoo.models.unlink: User #1 deleted mail.mail records with IDs: [33] 
2026-03-11 13:41:26,836 19320 INFO odoo15 odoo.addons.mail.models.mail_mail: Sent batch 1 emails via mail server ID #False 
2026-03-11 13:41:26,880 19320 INFO odoo15 odoo.tests: skip sending email in test mode 
2026-03-11 13:41:26,880 19320 INFO odoo15 odoo.addons.mail.models.mail_mail: Mail with ID 34 and Message-Id '<750981752378788.1773236486.863413333892822-openerp-36-project.task@Busayomi>' successfully sent 
2026-03-11 13:41:26,894 19320 INFO odoo15 odoo.models.unlink: User #1 deleted mail.mail records with IDs: [34] 
2026-03-11 13:41:26,894 19320 INFO odoo15 odoo.addons.mail.models.mail_mail: Sent batch 1 emails via mail server ID #False 
2026-03-11 13:41:26,932 19320 INFO odoo15 odoo.modules.loading: Module project loaded in 5.69s, 5256 queries 
2026-03-11 13:41:26,932 19320 INFO odoo15 odoo.modules.loading: 31 modules loaded in 20.03s, 13965 queries (+0 extra) 
2026-03-11 13:41:27,261 19320 INFO odoo15 odoo.modules.loading: Modules loaded. 
2026-03-11 13:41:27,264 19320 INFO odoo15 odoo.modules.registry: Registry loaded in 21.165s 
2026-03-11 13:41:27,264 19320 INFO odoo15 odoo.addons.base.models.ir_module: getting next ir.actions.todo() 
2026-03-11 13:41:27,264 19320 INFO odoo15 odoo.modules.registry: Registry changed, signaling through the database 
2026-03-11 13:41:27,264 19320 INFO odoo15 werkzeug: 127.0.0.1 - - [11/Mar/2026 13:41:27] "POST /web/dataset/call_button HTTP/1.1" 200 - 15630 8.612 12.681
2026-03-11 13:41:27,610 19320 INFO odoo15 odoo.addons.base.models.ir_http: Generating routing map for key None 
2026-03-11 13:41:28,496 19320 INFO odoo15 odoo.addons.base.models.ir_cron: Starting job `Mail: Email Queue Manager`. 
2026-03-11 13:41:28,506 19320 INFO odoo15 odoo.addons.base.models.ir_cron: Job `Mail: Email Queue Manager` done. 
2026-03-11 13:41:28,520 19320 INFO odoo15 odoo.addons.base.models.ir_cron: Starting job `Notification: Delete Notifications older than 6 Month`. 
2026-03-11 13:41:28,535 19320 INFO odoo15 odoo.addons.base.models.ir_cron: Job `Notification: Delete Notifications older than 6 Month` done. 
2026-03-11 13:41:28,545 19320 INFO odoo15 odoo.addons.base.models.ir_cron: Starting job `Users: Notify About Unregistered Users`. 
2026-03-11 13:41:28,554 19320 INFO odoo15 odoo.addons.base.models.ir_cron: Job `Users: Notify About Unregistered Users` done. 
2026-03-11 13:41:28,565 19320 INFO odoo15 odoo.addons.base.models.ir_cron: Starting job `Partner Autocomplete : Sync with remote DB`. 
2026-03-11 13:41:28,577 19320 INFO odoo15 odoo.addons.base.models.ir_cron: Job `Partner Autocomplete : Sync with remote DB` done. 
2026-03-11 13:41:28,583 19320 INFO odoo15 odoo.addons.base.models.ir_cron: Starting job `SMS: SMS Queue Manager`. 
2026-03-11 13:41:28,587 19320 INFO odoo15 odoo.addons.base.models.ir_cron: Job `SMS: SMS Queue Manager` done. 
2026-03-11 13:41:28,593 19320 INFO odoo15 odoo.addons.base.models.ir_cron: Starting job `Snailmail: process letters queue`. 
2026-03-11 13:41:28,596 19320 INFO odoo15 odoo.addons.base.models.ir_cron: Job `Snailmail: process letters queue` done. 
2026-03-11 13:41:28,602 19320 INFO odoo15 odoo.addons.base.models.ir_cron: Starting job `Project: Send rating`. 
2026-03-11 13:41:28,609 19320 INFO odoo15 odoo.addons.base.models.ir_cron: Job `Project: Send rating` done. 
2026-03-11 13:41:41,357 19320 INFO odoo15 odoo.modules.registry: At least one model cache has been invalidated, signaling through the database. 
2026-03-11 13:41:41,368 19320 INFO odoo15 werkzeug: 127.0.0.1 - - [11/Mar/2026 13:41:41] "GET /web HTTP/1.1" 200 - 319 0.226 13.541
2026-03-11 13:41:41,405 19320 INFO odoo15 werkzeug: 127.0.0.1 - - [11/Mar/2026 13:41:41] "GET /web/assets/200-9ea62b4/web.assets_common.min.css HTTP/1.1" 200 - 4 0.007 0.012
2026-03-11 13:41:41,415 19320 INFO odoo15 werkzeug: 127.0.0.1 - - [11/Mar/2026 13:41:41] "GET /web/assets/201-b710c92/web.assets_backend.min.css HTTP/1.1" 200 - 4 0.006 0.020
2026-03-11 13:41:41,746 19320 INFO odoo15 werkzeug: 127.0.0.1 - - [11/Mar/2026 13:41:41] "GET /web/assets/204-8d54feb/web.assets_backend_prod_only.min.js HTTP/1.1" 200 - 2 0.003 0.038
2026-03-11 13:41:41,853 19320 INFO odoo15 werkzeug: 127.0.0.1 - - [11/Mar/2026 13:41:41] "GET /web/webclient/load_menus/e2fe89b0eea12995858846b5b205f054f2c19459d279e594ca83af9cd11db09d HTTP/1.1" 200 - 156 0.107 0.040
2026-03-11 13:41:41,892 19320 INFO odoo15 werkzeug: 127.0.0.1 - - [11/Mar/2026 13:41:41] "GET /web/webclient/qweb/72a333f20449018e50aa98fbf648388e957f7d0333730567d76ecdae4c1638e5?bundle=web.assets_qweb HTTP/1.1" 200 - 2 0.003 0.167
2026-03-11 13:41:42,120 19320 INFO odoo15 werkzeug: 127.0.0.1 - - [11/Mar/2026 13:41:42] "GET /web/assets/203-b710c92/web.assets_backend.min.js HTTP/1.1" 200 - 2 0.011 0.404
2026-03-11 13:41:43,034 19320 INFO odoo15 werkzeug: 127.0.0.1 - - [11/Mar/2026 13:41:43] "GET /web/assets/202-9ea62b4/web.assets_common.min.js HTTP/1.1" 200 - 2 0.003 1.325
2026-03-11 13:41:43,558 19320 INFO odoo15 odoo.addons.partner_autocomplete.models.res_company: Starting enrich of company YourCompany (1) 
2026-03-11 13:41:43,566 19320 INFO odoo15 odoo.addons.iap.tools.iap_tools: iap jsonrpc https://partner-autocomplete.odoo.com/iap/partner_autocomplete/enrich 
2026-03-11 13:41:43,645 19320 INFO odoo15 werkzeug: 127.0.0.1 - - [11/Mar/2026 13:41:43] "POST /web/dataset/call_kw/res.users/systray_get_activities HTTP/1.1" 200 - 2 0.009 0.005
2026-03-11 13:41:43,653 19320 INFO odoo15 werkzeug: 127.0.0.1 - - [11/Mar/2026 13:41:43] "POST /web/action/load HTTP/1.1" 200 - 8 0.016 0.004
2026-03-11 13:41:43,672 19320 INFO odoo15 werkzeug: 127.0.0.1 - - [11/Mar/2026 13:41:43] "[36mGET /web/image?model=res.users&field=avatar_128&id=2 HTTP/1.1[0m" 304 - 17 0.023 0.013
2026-03-11 13:41:43,679 19320 INFO odoo15 werkzeug: 127.0.0.1 - - [11/Mar/2026 13:41:43] "POST /mail/init_messaging HTTP/1.1" 200 - 66 0.061 0.035
2026-03-11 13:41:43,689 19320 INFO odoo15 werkzeug: 127.0.0.1 - - [11/Mar/2026 13:41:43] "POST /longpolling/poll HTTP/1.1" 200 - 16 0.045 0.013
2026-03-11 13:41:44,012 19320 INFO odoo15 werkzeug: 127.0.0.1 - - [11/Mar/2026 13:41:44] "POST /longpolling/im_status HTTP/1.1" 200 - 4 0.006 0.007
2026-03-11 13:41:44,012 19320 INFO odoo15 werkzeug: 127.0.0.1 - - [11/Mar/2026 13:41:44] "POST /mail/inbox/messages HTTP/1.1" 200 - 9 0.010 0.002
2026-03-11 13:41:44,025 19320 INFO odoo15 werkzeug: 127.0.0.1 - - [11/Mar/2026 13:41:44] "POST /mail/load_message_failures HTTP/1.1" 200 - 11 0.011 0.014
2026-03-11 13:41:44,033 19320 INFO ? odoo.addons.bus.models.bus: Bus.loop listen imbus on db postgres 
2026-03-11 13:41:44,080 19320 INFO odoo15 werkzeug: 127.0.0.1 - - [11/Mar/2026 13:41:44] "GET /web/image/mail.channel/1/avatar_128?unique=8a3c7f66537d006ecd28405bf1d14ee6ee34b848dc1a60a03dbe1a8c21ef4e448ae537b02d85707aef4157a854a0448fcfa4b4805dd5aad65a7a93b325820e15 HTTP/1.1" 200 - 10 0.012 0.040
2026-03-11 13:41:45,682 19320 INFO odoo15 odoo.addons.partner_autocomplete.models.res_partner: Country code not found: False 
2026-03-11 13:41:45,687 19320 INFO odoo15 odoo.modules.registry: At least one model cache has been invalidated, signaling through the database. 
2026-03-11 13:41:45,688 19320 INFO odoo15 werkzeug: 127.0.0.1 - - [11/Mar/2026 13:41:45] "POST /web/dataset/call_kw/res.company/iap_enrich_auto HTTP/1.1" 200 - 37 0.026 2.127
2026-03-11 13:41:50,599 19320 INFO odoo15 werkzeug: 127.0.0.1 - - [11/Mar/2026 13:41:50] "POST /web/action/load HTTP/1.1" 200 - 57 0.061 0.026
2026-03-11 13:41:50,956 19320 INFO odoo15 werkzeug: 127.0.0.1 - - [11/Mar/2026 13:41:50] "POST /web/dataset/call_kw/project.project/load_views HTTP/1.1" 200 - 52 0.029 0.017
2026-03-11 13:41:51,320 19320 INFO odoo15 werkzeug: 127.0.0.1 - - [11/Mar/2026 13:41:51] "POST /web/dataset/search_read HTTP/1.1" 200 - 40 0.036 0.011
2026-03-11 13:41:51,633 19320 INFO odoo15 werkzeug: 127.0.0.1 - - [11/Mar/2026 13:41:51] "POST /web/dataset/call_kw/project.tags/read HTTP/1.1" 200 - 3 0.003 0.003
2026-03-11 13:41:52,036 19320 INFO odoo15 werkzeug: 127.0.0.1 - - [11/Mar/2026 13:41:52] "GET /web/image/res.users/2/avatar_128 HTTP/1.1" 200 - 20 0.029 0.034
2026-03-11 13:41:52,037 19320 INFO odoo15 werkzeug: 127.0.0.1 - - [11/Mar/2026 13:41:52] "GET /web/image/res.users/6/avatar_128 HTTP/1.1" 200 - 18 0.036 0.031
2026-03-11 13:42:04,115 19320 INFO odoo15 werkzeug: 127.0.0.1 - - [11/Mar/2026 13:42:04] "POST /web/action/load HTTP/1.1" 200 - 28 0.034 0.032
2026-03-11 13:42:04,525 19320 INFO odoo15 werkzeug: 127.0.0.1 - - [11/Mar/2026 13:42:04] "POST /web/dataset/call_kw/ir.module.module/load_views HTTP/1.1" 200 - 53 0.051 0.037
2026-03-11 13:42:04,875 19320 INFO odoo15 werkzeug: 127.0.0.1 - - [11/Mar/2026 13:42:04] "POST /web/dataset/call_kw/ir.module.module/search_panel_select_range HTTP/1.1" 200 - 42 0.020 0.007
2026-03-11 13:42:05,187 19320 INFO odoo15 werkzeug: 127.0.0.1 - - [11/Mar/2026 13:42:05] "POST /web/dataset/search_read HTTP/1.1" 200 - 3 0.003 0.004
2026-03-11 13:42:09,056 19320 INFO odoo15 werkzeug: 127.0.0.1 - - [11/Mar/2026 13:42:09] "POST /web/dataset/search_read HTTP/1.1" 200 - 15 0.074 0.022
2026-03-11 13:42:09,390 19320 INFO odoo15 werkzeug: 127.0.0.1 - - [11/Mar/2026 13:42:09] "POST /web/dataset/call_kw/project.tags/read HTTP/1.1" 200 - 2 0.003 0.008
2026-03-11 13:42:16,037 19320 INFO odoo15 werkzeug: 127.0.0.1 - - [11/Mar/2026 13:42:16] "POST /web/action/load HTTP/1.1" 200 - 18 0.009 0.038
2026-03-11 13:42:16,372 19320 INFO odoo15 werkzeug: 127.0.0.1 - - [11/Mar/2026 13:42:16] "POST /web/dataset/call_kw/project.project/load_views HTTP/1.1" 200 - 6 0.000 0.000
2026-03-11 13:42:16,697 19320 INFO odoo15 werkzeug: 127.0.0.1 - - [11/Mar/2026 13:42:16] "POST /web/dataset/call_kw/project.project/onchange HTTP/1.1" 200 - 6 0.003 0.005
2026-03-11 13:42:34,051 19320 INFO odoo15 werkzeug: 127.0.0.1 - - [11/Mar/2026 13:42:34] "POST /longpolling/poll HTTP/1.1" 200 - 11 0.013 50.023
2026-03-11 13:42:34,357 19320 INFO odoo15 werkzeug: 127.0.0.1 - - [11/Mar/2026 13:42:34] "POST /longpolling/im_status HTTP/1.1" 200 - 5 0.019 0.013
2026-03-11 13:42:43,209 19320 INFO odoo15 werkzeug: 127.0.0.1 - - [11/Mar/2026 13:42:43] "POST /web/dataset/call_kw/project.project/create HTTP/1.1" 200 - 36 0.128 0.003
2026-03-11 13:42:43,548 19320 INFO odoo15 werkzeug: 127.0.0.1 - - [11/Mar/2026 13:42:43] "POST /web/dataset/call_kw/project.project/read HTTP/1.1" 200 - 6 0.009 0.007
2026-03-11 13:42:43,912 19320 INFO odoo15 werkzeug: 127.0.0.1 - - [11/Mar/2026 13:42:43] "POST /web/dataset/call_button HTTP/1.1" 200 - 63 0.027 0.023
2026-03-11 13:42:44,310 19320 INFO odoo15 werkzeug: 127.0.0.1 - - [11/Mar/2026 13:42:44] "POST /web/dataset/search_read HTTP/1.1" 200 - 15 0.052 0.018
2026-03-11 13:42:44,357 19320 INFO odoo15 werkzeug: 127.0.0.1 - - [11/Mar/2026 13:42:44] "POST /web/dataset/call_kw/project.task/load_views HTTP/1.1" 200 - 59 0.055 0.065
2026-03-11 13:42:44,619 19320 INFO odoo15 werkzeug: 127.0.0.1 - - [11/Mar/2026 13:42:44] "POST /web/dataset/call_kw/project.tags/read HTTP/1.1" 200 - 2 0.001 0.003
2026-03-11 13:42:44,675 19320 INFO odoo15 werkzeug: 127.0.0.1 - - [11/Mar/2026 13:42:44] "POST /web/dataset/call_kw/project.task/web_read_group HTTP/1.1" 200 - 3 0.002 0.004
2026-03-11 13:42:44,679 19320 INFO odoo15 werkzeug: 127.0.0.1 - - [11/Mar/2026 13:42:44] "POST /web/dataset/call_kw/project.task/read_progress_bar HTTP/1.1" 200 - 2 0.004 0.005
2026-03-11 13:42:45,020 19320 INFO odoo15 werkzeug: 127.0.0.1 - - [11/Mar/2026 13:42:45] "POST /web/dataset/call_kw/res.users/has_group HTTP/1.1" 200 - 1 0.002 0.015
2026-03-11 13:42:45,030 19320 INFO odoo15 werkzeug: 127.0.0.1 - - [11/Mar/2026 13:42:45] "POST /web/dataset/call_kw/project.project/get_last_update_or_default HTTP/1.1" 200 - 2 0.013 0.011
2026-03-11 13:42:45,368 19320 INFO odoo15 werkzeug: 127.0.0.1 - - [11/Mar/2026 13:42:45] "POST /web/dataset/call_kw/res.users/has_group HTTP/1.1" 200 - 2 0.005 0.011
2026-03-11 13:42:45,386 19320 INFO ? werkzeug: 127.0.0.1 - - [11/Mar/2026 13:42:45] "GET /base/static/img/avatar.png HTTP/1.1" 200 - - - -
2026-03-11 13:43:14,933 19320 INFO odoo15 werkzeug: 127.0.0.1 - - [11/Mar/2026 13:43:14] "POST /web/dataset/search_read HTTP/1.1" 200 - 15 0.043 0.014
2026-03-11 13:43:15,244 19320 INFO odoo15 werkzeug: 127.0.0.1 - - [11/Mar/2026 13:43:15] "POST /web/dataset/call_kw/project.tags/read HTTP/1.1" 200 - 2 0.002 0.003
2026-03-11 13:43:24,415 19320 INFO odoo15 werkzeug: 127.0.0.1 - - [11/Mar/2026 13:43:24] "POST /longpolling/poll HTTP/1.1" 200 - 13 0.023 50.025
2026-03-11 13:43:24,690 19320 INFO odoo15 werkzeug: 127.0.0.1 - - [11/Mar/2026 13:43:24] "POST /longpolling/im_status HTTP/1.1" 200 - 4 0.003 0.002
2026-03-11 13:43:26,709 19320 INFO odoo15 werkzeug: 127.0.0.1 - - [11/Mar/2026 13:43:26] "POST /web/dataset/call_kw/project.project/onchange HTTP/1.1" 200 - 4 0.004 0.008
2026-03-11 13:43:34,063 19320 INFO odoo15 werkzeug: 127.0.0.1 - - [11/Mar/2026 13:43:34] "POST /web/dataset/search_read HTTP/1.1" 200 - 15 0.026 0.010
2026-03-11 13:43:34,373 19320 INFO odoo15 werkzeug: 127.0.0.1 - - [11/Mar/2026 13:43:34] "POST /web/dataset/call_kw/project.tags/read HTTP/1.1" 200 - 2 0.000 0.004
2026-03-11 13:44:14,751 19320 INFO odoo15 werkzeug: 127.0.0.1 - - [11/Mar/2026 13:44:14] "POST /longpolling/poll HTTP/1.1" 200 - 9 0.010 50.017
2026-03-11 13:44:15,483 19320 INFO odoo15 werkzeug: 127.0.0.1 - - [11/Mar/2026 13:44:15] "POST /longpolling/im_status HTTP/1.1" 200 - 4 0.012 0.012
2026-03-11 13:45:05,095 19320 INFO odoo15 werkzeug: 127.0.0.1 - - [11/Mar/2026 13:45:05] "POST /longpolling/poll HTTP/1.1" 200 - 9 0.006 50.018
2026-03-11 13:45:06,466 19320 INFO odoo15 werkzeug: 127.0.0.1 - - [11/Mar/2026 13:45:06] "POST /longpolling/im_status HTTP/1.1" 200 - 4 0.006 0.009
2026-03-11 13:45:55,461 19320 INFO odoo15 werkzeug: 127.0.0.1 - - [11/Mar/2026 13:45:55] "POST /longpolling/poll HTTP/1.1" 200 - 9 0.010 50.019
2026-03-11 13:45:57,488 19320 INFO odoo15 werkzeug: 127.0.0.1 - - [11/Mar/2026 13:45:57] "POST /longpolling/im_status HTTP/1.1" 200 - 4 0.014 0.015
2026-03-11 13:46:45,816 19320 INFO odoo15 werkzeug: 127.0.0.1 - - [11/Mar/2026 13:46:45] "POST /longpolling/poll HTTP/1.1" 200 - 9 0.026 50.012
2026-03-11 13:46:48,469 19320 INFO odoo15 werkzeug: 127.0.0.1 - - [11/Mar/2026 13:46:48] "POST /longpolling/im_status HTTP/1.1" 200 - 4 0.015 0.004
2026-03-11 13:47:36,186 19320 INFO odoo15 werkzeug: 127.0.0.1 - - [11/Mar/2026 13:47:36] "POST /longpolling/poll HTTP/1.1" 200 - 9 0.010 50.028
2026-03-11 13:47:39,490 19320 INFO odoo15 werkzeug: 127.0.0.1 - - [11/Mar/2026 13:47:39] "POST /longpolling/im_status HTTP/1.1" 200 - 4 0.009 0.009
2026-03-11 13:48:26,544 19320 INFO odoo15 werkzeug: 127.0.0.1 - - [11/Mar/2026 13:48:26] "POST /longpolling/poll HTTP/1.1" 200 - 9 0.011 50.025
2026-03-11 13:48:30,466 19320 INFO odoo15 werkzeug: 127.0.0.1 - - [11/Mar/2026 13:48:30] "POST /longpolling/im_status HTTP/1.1" 200 - 4 0.002 0.010
2026-03-11 13:49:16,869 19320 INFO odoo15 werkzeug: 127.0.0.1 - - [11/Mar/2026 13:49:16] "POST /longpolling/poll HTTP/1.1" 200 - 9 0.005 50.012
2026-03-11 13:49:21,459 19320 INFO odoo15 werkzeug: 127.0.0.1 - - [11/Mar/2026 13:49:21] "POST /longpolling/im_status HTTP/1.1" 200 - 4 0.008 0.000
2026-03-11 13:50:07,221 19320 INFO odoo15 werkzeug: 127.0.0.1 - - [11/Mar/2026 13:50:07] "POST /longpolling/poll HTTP/1.1" 200 - 9 0.016 50.016
2026-03-11 13:50:12,468 19320 INFO odoo15 werkzeug: 127.0.0.1 - - [11/Mar/2026 13:50:12] "POST /longpolling/im_status HTTP/1.1" 200 - 4 0.011 0.004
2026-03-11 13:50:57,584 19320 INFO odoo15 werkzeug: 127.0.0.1 - - [11/Mar/2026 13:50:57] "POST /longpolling/poll HTTP/1.1" 200 - 9 0.012 50.030
2026-03-11 13:51:03,487 19320 INFO odoo15 werkzeug: 127.0.0.1 - - [11/Mar/2026 13:51:03] "POST /longpolling/im_status HTTP/1.1" 200 - 4 0.013 0.012
2026-03-11 13:51:47,920 19320 INFO odoo15 werkzeug: 127.0.0.1 - - [11/Mar/2026 13:51:47] "POST /longpolling/poll HTTP/1.1" 200 - 9 0.016 50.008
2026-03-11 13:51:54,453 19320 INFO odoo15 werkzeug: 127.0.0.1 - - [11/Mar/2026 13:51:54] "POST /longpolling/im_status HTTP/1.1" 200 - 4 0.002 0.004
2026-03-11 13:52:38,246 19320 INFO odoo15 werkzeug: 127.0.0.1 - - [11/Mar/2026 13:52:38] "POST /longpolling/poll HTTP/1.1" 200 - 9 0.004 50.007
2026-03-11 13:52:45,460 19320 INFO odoo15 werkzeug: 127.0.0.1 - - [11/Mar/2026 13:52:45] "POST /longpolling/im_status HTTP/1.1" 200 - 4 0.003 0.006
2026-03-11 13:53:28,575 19320 INFO odoo15 werkzeug: 127.0.0.1 - - [11/Mar/2026 13:53:28] "POST /longpolling/poll HTTP/1.1" 200 - 9 0.005 50.010
2026-03-11 13:53:36,468 19320 INFO odoo15 werkzeug: 127.0.0.1 - - [11/Mar/2026 13:53:36] "POST /longpolling/im_status HTTP/1.1" 200 - 4 0.004 0.015
2026-03-11 13:54:18,949 19320 INFO odoo15 werkzeug: 127.0.0.1 - - [11/Mar/2026 13:54:18] "POST /longpolling/poll HTTP/1.1" 200 - 9 0.019 50.022
2026-03-11 13:54:27,478 19320 INFO odoo15 werkzeug: 127.0.0.1 - - [11/Mar/2026 13:54:27] "POST /longpolling/im_status HTTP/1.1" 200 - 4 0.005 0.015
2026-03-11 13:55:09,292 19320 INFO odoo15 werkzeug: 127.0.0.1 - - [11/Mar/2026 13:55:09] "POST /longpolling/poll HTTP/1.1" 200 - 9 0.011 50.017
2026-03-11 13:55:18,478 19320 INFO odoo15 werkzeug: 127.0.0.1 - - [11/Mar/2026 13:55:18] "POST /longpolling/im_status HTTP/1.1" 200 - 4 0.005 0.017
2026-03-11 13:55:59,643 19320 INFO odoo15 werkzeug: 127.0.0.1 - - [11/Mar/2026 13:55:59] "POST /longpolling/poll HTTP/1.1" 200 - 9 0.017 50.018
2026-03-11 13:56:04,741 19320 INFO odoo15 werkzeug: 127.0.0.1 - - [11/Mar/2026 13:56:04] "GET /web HTTP/1.1" 200 - 223 0.089 0.578
2026-03-11 13:56:05,340 19320 INFO odoo15 werkzeug: 127.0.0.1 - - [11/Mar/2026 13:56:05] "POST /web/action/load HTTP/1.1" 200 - 15 0.007 0.008
2026-03-11 13:56:05,386 19320 INFO odoo15 werkzeug: 127.0.0.1 - - [11/Mar/2026 13:56:05] "POST /web/dataset/call_kw/res.users/systray_get_activities HTTP/1.1" 200 - 2 0.004 0.006
2026-03-11 13:56:05,398 19320 INFO odoo15 werkzeug: 127.0.0.1 - - [11/Mar/2026 13:56:05] "GET /web/image/res.company/1/favicon HTTP/1.1" 200 - 11 0.009 0.012
2026-03-11 13:56:05,408 19320 INFO odoo15 werkzeug: 127.0.0.1 - - [11/Mar/2026 13:56:05] "POST /web/dataset/call_kw/project.project/load_views HTTP/1.1" 200 - 16 0.015 0.018
2026-03-11 13:56:05,432 19320 INFO odoo15 werkzeug: 127.0.0.1 - - [11/Mar/2026 13:56:05] "POST /mail/init_messaging HTTP/1.1" 200 - 56 0.073 0.017
2026-03-11 13:56:05,672 19320 INFO odoo15 werkzeug: 127.0.0.1 - - [11/Mar/2026 13:56:05] "POST /web/dataset/search_read HTTP/1.1" 200 - 15 0.009 0.007
2026-03-11 13:56:05,754 19320 INFO odoo15 werkzeug: 127.0.0.1 - - [11/Mar/2026 13:56:05] "POST /longpolling/im_status HTTP/1.1" 200 - 4 0.004 0.008
2026-03-11 13:56:05,771 19320 INFO odoo15 werkzeug: 127.0.0.1 - - [11/Mar/2026 13:56:05] "POST /web/dataset/call_kw/project.tags/read HTTP/1.1" 200 - 2 0.002 0.009
2026-03-11 13:56:05,796 19320 INFO odoo15 werkzeug: 127.0.0.1 - - [11/Mar/2026 13:56:05] "POST /mail/load_message_failures HTTP/1.1" 200 - 11 0.025 0.013
2026-03-11 13:56:05,854 19320 INFO odoo15 werkzeug: 127.0.0.1 - - [11/Mar/2026 13:56:05] "[36mGET /web/image?model=res.users&field=avatar_128&id=2 HTTP/1.1[0m" 304 - 6 0.002 0.012
2026-03-11 13:56:06,026 19320 INFO odoo15 werkzeug: 127.0.0.1 - - [11/Mar/2026 13:56:06] "[36mGET /web/image/res.users/2/avatar_128 HTTP/1.1[0m" 304 - 6 0.010 0.029
2026-03-11 13:56:06,130 19320 INFO odoo15 werkzeug: 127.0.0.1 - - [11/Mar/2026 13:56:06] "[36mGET /web/image/res.users/6/avatar_128 HTTP/1.1[0m" 304 - 6 0.000 0.005
2026-03-11 13:56:17,847 19320 INFO odoo15 werkzeug: 127.0.0.1 - - [11/Mar/2026 13:56:17] "POST /web/action/load HTTP/1.1" 200 - 17 0.027 0.022
2026-03-11 13:56:18,240 19320 INFO odoo15 werkzeug: 127.0.0.1 - - [11/Mar/2026 13:56:18] "POST /web/dataset/call_kw/res.config.settings/load_views HTTP/1.1" 200 - 15 0.027 0.050
2026-03-11 13:56:18,596 19320 INFO odoo15 werkzeug: 127.0.0.1 - - [11/Mar/2026 13:56:18] "POST /web/dataset/call_kw/res.config.settings/onchange HTTP/1.1" 200 - 74 0.018 0.017
2026-03-11 13:56:18,946 19320 INFO odoo15 werkzeug: 127.0.0.1 - - [11/Mar/2026 13:56:18] "POST /base_setup/demo_active HTTP/1.1" 200 - 3 0.003 0.008
2026-03-11 13:56:18,951 19320 INFO odoo15 werkzeug: 127.0.0.1 - - [11/Mar/2026 13:56:18] "POST /base_setup/data HTTP/1.1" 200 - 6 0.008 0.011
2026-03-11 13:56:18,953 19320 INFO ? werkzeug: 127.0.0.1 - - [11/Mar/2026 13:56:18] "GET /base_setup/static/src/img/google_play.png HTTP/1.1" 200 - - - -
2026-03-11 13:56:18,953 19320 INFO ? werkzeug: 127.0.0.1 - - [11/Mar/2026 13:56:18] "GET /base_setup/static/src/img/app_store.png HTTP/1.1" 200 - - - -
2026-03-11 13:56:19,274 19320 INFO ? werkzeug: 127.0.0.1 - - [11/Mar/2026 13:56:19] "GET /base/static/description/settings.png HTTP/1.1" 200 - - - -
2026-03-11 13:56:30,507 19320 INFO odoo15 werkzeug: 127.0.0.1 - - [11/Mar/2026 13:56:30] "GET /web?debug=1 HTTP/1.1" 200 - 145 0.079 0.426
2026-03-11 13:56:30,846 19320 INFO odoo15 werkzeug: 127.0.0.1 - - [11/Mar/2026 13:56:30] "GET /web/webclient/load_menus/e131c838cd5fd8340622a707a97c8e718eb27a8f66e694d618b9171f64a1f501 HTTP/1.1" 200 - 1 0.001 0.012
2026-03-11 13:56:31,019 19320 INFO odoo15 werkzeug: 127.0.0.1 - - [11/Mar/2026 13:56:31] "POST /mail/init_messaging HTTP/1.1" 200 - 38 0.031 0.012
2026-03-11 13:56:31,108 19320 INFO odoo15 werkzeug: 127.0.0.1 - - [11/Mar/2026 13:56:31] "POST /web/dataset/call_kw/res.users/systray_get_activities HTTP/1.1" 200 - 2 0.000 0.009
2026-03-11 13:56:31,251 19320 INFO odoo15 werkzeug: 127.0.0.1 - - [11/Mar/2026 13:56:31] "POST /longpolling/im_status HTTP/1.1" 200 - 4 0.014 0.031
2026-03-11 13:56:31,255 19320 INFO odoo15 werkzeug: 127.0.0.1 - - [11/Mar/2026 13:56:31] "POST /web/action/load HTTP/1.1" 200 - 8 0.021 0.028
2026-03-11 13:56:31,271 19320 INFO odoo15 werkzeug: 127.0.0.1 - - [11/Mar/2026 13:56:31] "POST /mail/load_message_failures HTTP/1.1" 200 - 10 0.027 0.030
2026-03-11 13:56:31,360 19320 INFO odoo15 werkzeug: 127.0.0.1 - - [11/Mar/2026 13:56:31] "POST /mail/inbox/messages HTTP/1.1" 200 - 8 0.018 0.010
2026-03-11 13:56:31,613 19320 INFO odoo15 werkzeug: 127.0.0.1 - - [11/Mar/2026 13:56:31] "[36mGET /web/image?model=res.users&field=avatar_128&id=2 HTTP/1.1[0m" 304 - 6 0.016 0.018
2026-03-11 13:56:36,947 19320 INFO odoo15 werkzeug: 127.0.0.1 - - [11/Mar/2026 13:56:36] "POST /web/action/load HTTP/1.1" 200 - 10 0.004 0.009
2026-03-11 13:56:37,348 19320 INFO odoo15 werkzeug: 127.0.0.1 - - [11/Mar/2026 13:56:37] "POST /web/dataset/call_kw/res.config.settings/load_views HTTP/1.1" 200 - 6 0.019 0.073
2026-03-11 13:56:37,691 19320 INFO odoo15 werkzeug: 127.0.0.1 - - [11/Mar/2026 13:56:37] "POST /web/dataset/call_kw/res.config.settings/onchange HTTP/1.1" 200 - 46 0.015 0.012
2026-03-11 13:56:38,058 19320 INFO odoo15 werkzeug: 127.0.0.1 - - [11/Mar/2026 13:56:38] "POST /base_setup/demo_active HTTP/1.1" 200 - 2 0.004 0.013
2026-03-11 13:56:38,063 19320 INFO odoo15 werkzeug: 127.0.0.1 - - [11/Mar/2026 13:56:38] "POST /base_setup/data HTTP/1.1" 200 - 5 0.011 0.012
2026-03-11 13:56:49,978 19320 INFO odoo15 werkzeug: 127.0.0.1 - - [11/Mar/2026 13:56:49] "POST /longpolling/poll HTTP/1.1" 200 - 9 0.003 50.019
2026-03-11 13:56:55,394 19320 INFO odoo15 werkzeug: 127.0.0.1 - - [11/Mar/2026 13:56:55] "POST /longpolling/poll HTTP/1.1" 200 - 9 0.008 50.010
2026-03-11 13:56:57,171 19320 INFO odoo15 werkzeug: 127.0.0.1 - - [11/Mar/2026 13:56:57] "POST /web/dataset/call_kw/res.config.settings/create HTTP/1.1" 200 - 28 0.019 0.003
2026-03-11 13:56:57,530 19320 INFO odoo15 werkzeug: 127.0.0.1 - - [11/Mar/2026 13:56:57] "POST /web/dataset/call_kw/res.config.settings/read HTTP/1.1" 200 - 14 0.010 0.024
2026-03-11 13:56:57,911 19320 INFO odoo15 odoo.modules.registry: At least one model cache has been invalidated, signaling through the database. 
2026-03-11 13:56:57,912 19320 INFO odoo15 werkzeug: 127.0.0.1 - - [11/Mar/2026 13:56:57] "POST /web/dataset/call_button HTTP/1.1" 200 - 139 0.047 0.021
2026-03-11 13:56:58,934 19320 INFO odoo15 werkzeug: 127.0.0.1 - - [11/Mar/2026 13:56:58] "GET /web?debug=1 HTTP/1.1" 200 - 261 0.130 0.554
2026-03-11 13:56:59,293 19320 INFO odoo15 werkzeug: 127.0.0.1 - - [11/Mar/2026 13:56:59] "GET /web/webclient/load_menus/e131c838cd5fd8340622a707a97c8e718eb27a8f66e694d618b9171f64a1f501 HTTP/1.1" 200 - 1 0.001 0.012
2026-03-11 13:56:59,430 19320 INFO odoo15 werkzeug: 127.0.0.1 - - [11/Mar/2026 13:56:59] "POST /web/action/load HTTP/1.1" 200 - 17 0.012 0.009
2026-03-11 13:56:59,459 19320 INFO odoo15 werkzeug: 127.0.0.1 - - [11/Mar/2026 13:56:59] "POST /mail/init_messaging HTTP/1.1" 200 - 70 0.040 0.009
2026-03-11 13:56:59,527 19320 INFO odoo15 werkzeug: 127.0.0.1 - - [11/Mar/2026 13:56:59] "POST /web/dataset/call_kw/res.users/systray_get_activities HTTP/1.1" 200 - 2 0.000 0.002
2026-03-11 13:56:59,685 19320 INFO odoo15 werkzeug: 127.0.0.1 - - [11/Mar/2026 13:56:59] "GET /web/image/res.company/1/favicon HTTP/1.1" 200 - 10 0.020 0.020
2026-03-11 13:56:59,709 19320 INFO odoo15 werkzeug: 127.0.0.1 - - [11/Mar/2026 13:56:59] "POST /web/dataset/call_kw/res.config.settings/load_views HTTP/1.1" 200 - 20 0.018 0.044
2026-03-11 13:56:59,753 19320 INFO odoo15 werkzeug: 127.0.0.1 - - [11/Mar/2026 13:56:59] "POST /longpolling/im_status HTTP/1.1" 200 - 12 0.005 0.005
2026-03-11 13:56:59,785 19320 INFO odoo15 werkzeug: 127.0.0.1 - - [11/Mar/2026 13:56:59] "POST /mail/load_message_failures HTTP/1.1" 200 - 11 0.005 0.004
2026-03-11 13:56:59,876 19320 INFO odoo15 werkzeug: 127.0.0.1 - - [11/Mar/2026 13:56:59] "POST /web/dataset/call_kw/res.config.settings/onchange HTTP/1.1" 200 - 75 0.021 0.013
2026-03-11 13:57:00,033 19320 INFO odoo15 werkzeug: 127.0.0.1 - - [11/Mar/2026 13:57:00] "POST /base_setup/data HTTP/1.1" 200 - 6 0.003 0.004
2026-03-11 13:57:00,229 19320 INFO odoo15 werkzeug: 127.0.0.1 - - [11/Mar/2026 13:57:00] "POST /base_setup/demo_active HTTP/1.1" 200 - 4 0.006 0.010
2026-03-11 13:57:00,239 19320 INFO odoo15 werkzeug: 127.0.0.1 - - [11/Mar/2026 13:57:00] "[36mGET /web/image?model=res.users&field=avatar_128&id=2 HTTP/1.1[0m" 304 - 12 0.010 0.015
2026-03-11 13:57:02,896 19320 INFO odoo15 werkzeug: 127.0.0.1 - - [11/Mar/2026 13:57:02] "POST /web/action/load HTTP/1.1" 200 - 28 0.012 0.012
2026-03-11 13:57:03,335 19320 INFO odoo15 werkzeug: 127.0.0.1 - - [11/Mar/2026 13:57:03] "POST /web/dataset/call_kw/ir.module.module/load_views HTTP/1.1" 200 - 54 0.067 0.060
2026-03-11 13:57:03,671 19320 INFO odoo15 werkzeug: 127.0.0.1 - - [11/Mar/2026 13:57:03] "POST /web/dataset/call_kw/ir.module.module/search_panel_select_range HTTP/1.1" 200 - 43 0.016 0.005
2026-03-11 13:57:03,991 19320 INFO odoo15 werkzeug: 127.0.0.1 - - [11/Mar/2026 13:57:03] "POST /web/dataset/search_read HTTP/1.1" 200 - 3 0.002 0.003
2026-03-11 13:57:06,801 19320 INFO odoo15 werkzeug: 127.0.0.1 - - [11/Mar/2026 13:57:06] "POST /web/dataset/search_read HTTP/1.1" 200 - 4 0.002 0.005
2026-03-11 13:57:06,808 19320 INFO odoo15 werkzeug: 127.0.0.1 - - [11/Mar/2026 13:57:06] "POST /web/dataset/call_kw/ir.module.module/search_panel_select_range HTTP/1.1" 200 - 39 0.013 0.010
2026-03-11 13:57:09,258 19320 INFO odoo15 werkzeug: 127.0.0.1 - - [11/Mar/2026 13:57:09] "POST /web/action/load HTTP/1.1" 200 - 16 0.018 0.031
2026-03-11 13:57:09,589 19320 INFO odoo15 werkzeug: 127.0.0.1 - - [11/Mar/2026 13:57:09] "POST /web/dataset/call_kw/base.module.update/load_views HTTP/1.1" 200 - 11 0.007 0.007
2026-03-11 13:57:09,915 19320 INFO odoo15 werkzeug: 127.0.0.1 - - [11/Mar/2026 13:57:09] "POST /web/dataset/call_kw/base.module.update/onchange HTTP/1.1" 200 - 3 0.001 0.004
2026-03-11 13:57:12,274 19320 INFO odoo15 werkzeug: 127.0.0.1 - - [11/Mar/2026 13:57:12] "POST /web/dataset/call_kw/base.module.update/create HTTP/1.1" 200 - 6 0.012 0.016
2026-03-11 13:57:12,608 19320 INFO odoo15 werkzeug: 127.0.0.1 - - [11/Mar/2026 13:57:12] "POST /web/dataset/call_kw/base.module.update/read HTTP/1.1" 200 - 3 0.014 0.000
2026-03-11 13:57:12,941 19320 INFO odoo15 odoo.addons.base.models.ir_module: ALLOW access to module.update_list on [] to user admin #2 via 127.0.0.1 
2026-03-11 13:57:13,291 19320 WARNING odoo15 odoo.modules.module: Missing `license` key in manifest for 'project_access_restriction', defaulting to LGPL-3 
2026-03-11 13:57:13,730 19320 INFO odoo15 werkzeug: 127.0.0.1 - - [11/Mar/2026 13:57:13] "POST /web/dataset/call_button HTTP/1.1" 200 - 1101 0.276 0.522
2026-03-11 13:57:21,257 19320 INFO odoo15 werkzeug: 127.0.0.1 - - [11/Mar/2026 13:57:21] "POST /longpolling/poll HTTP/1.1" 200 - 9 0.025 50.029
2026-03-11 13:57:30,402 19320 INFO odoo15 werkzeug: 127.0.0.1 - - [11/Mar/2026 13:57:30] "POST /web/dataset/call_kw/ir.module.module/search_panel_select_range HTTP/1.1" 200 - 39 0.066 0.015
2026-03-11 13:57:30,751 19320 INFO odoo15 werkzeug: 127.0.0.1 - - [11/Mar/2026 13:57:30] "POST /web/dataset/search_read HTTP/1.1" 200 - 3 0.015 0.010
2026-03-11 13:57:44,501 19320 INFO odoo15 odoo.addons.base.models.ir_module: ALLOW access to module.button_immediate_install on ['Project Access Restriction'] to user admin #2 via 127.0.0.1 
2026-03-11 13:57:44,502 19320 INFO odoo15 odoo.addons.base.models.ir_module: User #2 triggered module installation 
2026-03-11 13:57:44,504 19320 INFO odoo15 odoo.addons.base.models.ir_module: ALLOW access to module.button_install on ['Project Access Restriction'] to user admin #2 via 127.0.0.1 
2026-03-11 13:57:44,531 19320 WARNING odoo15 odoo.modules.module: Missing `license` key in manifest for 'project_access_restriction', defaulting to LGPL-3 
2026-03-11 13:57:44,636 19320 INFO odoo15 odoo.modules.loading: loading 1 modules... 
2026-03-11 13:57:44,651 19320 INFO odoo15 odoo.modules.loading: 1 modules loaded in 0.01s, 0 queries (+0 extra) 
2026-03-11 13:57:44,666 19320 INFO odoo15 odoo.modules.loading: updating modules list 
2026-03-11 13:57:44,666 19320 INFO odoo15 odoo.addons.base.models.ir_module: ALLOW access to module.update_list on [] to user __system__ #1 via 127.0.0.1 
2026-03-11 13:57:44,985 19320 WARNING odoo15 odoo.modules.module: Missing `license` key in manifest for 'project_access_restriction', defaulting to LGPL-3 
2026-03-11 13:57:45,407 19320 INFO odoo15 odoo.modules.loading: loading 31 modules... 
2026-03-11 13:57:45,437 19320 INFO odoo15 odoo.modules.loading: 31 modules loaded in 0.03s, 0 queries (+0 extra) 
2026-03-11 13:57:45,439 19320 WARNING odoo15 odoo.modules.module: Missing `license` key in manifest for 'project_access_restriction', defaulting to LGPL-3 
2026-03-11 13:57:45,439 19320 INFO odoo15 odoo.modules.loading: loading 32 modules... 
2026-03-11 13:57:45,439 19320 INFO odoo15 odoo.modules.loading: Loading module project_access_restriction (32/32) 
2026-03-11 13:57:45,518 19320 WARNING odoo15 odoo.modules.module: Missing `license` key in manifest for 'project_access_restriction', defaulting to LGPL-3 
2026-03-11 13:57:45,571 19320 INFO odoo15 odoo.modules.registry: module project_access_restriction: creating or updating database tables 
2026-03-11 13:57:45,712 19320 INFO odoo15 odoo.modules.loading: loading project_access_restriction/security/ir.model.access.csv 
2026-03-11 13:57:45,747 19320 INFO odoo15 odoo.modules.loading: Module project_access_restriction: loading demo 
2026-03-11 13:57:45,768 19320 INFO odoo15 odoo.modules.loading: Module project_access_restriction loaded in 0.33s, 62 queries 
2026-03-11 13:57:45,768 19320 INFO odoo15 odoo.modules.loading: 32 modules loaded in 0.33s, 62 queries (+0 extra) 
2026-03-11 13:57:46,020 19320 INFO odoo15 odoo.modules.loading: Modules loaded. 
2026-03-11 13:57:46,022 19320 INFO odoo15 odoo.modules.registry: Registry loaded in 1.417s 
2026-03-11 13:57:46,023 19320 INFO odoo15 odoo.addons.base.models.ir_module: getting next ir.actions.todo() 
2026-03-11 13:57:46,025 19320 INFO odoo15 odoo.modules.registry: Registry changed, signaling through the database 
2026-03-11 13:57:46,027 19320 INFO odoo15 werkzeug: 127.0.0.1 - - [11/Mar/2026 13:57:46] "POST /web/dataset/call_button HTTP/1.1" 200 - 1631 0.589 0.968
2026-03-11 13:57:46,365 19320 INFO odoo15 odoo.addons.base.models.ir_http: Generating routing map for key None 
2026-03-11 13:57:47,259 19320 INFO odoo15 werkzeug: 127.0.0.1 - - [11/Mar/2026 13:57:47] "GET /web HTTP/1.1" 200 - 261 0.113 0.786
2026-03-11 13:57:47,610 19320 INFO odoo15 werkzeug: 127.0.0.1 - - [11/Mar/2026 13:57:47] "GET /web/webclient/load_menus/e131c838cd5fd8340622a707a97c8e718eb27a8f66e694d618b9171f64a1f501 HTTP/1.1" 200 - 1 0.001 0.003
2026-03-11 13:57:47,788 19320 INFO odoo15 werkzeug: 127.0.0.1 - - [11/Mar/2026 13:57:47] "POST /mail/init_messaging HTTP/1.1" 200 - 70 0.060 0.005
2026-03-11 13:57:47,877 19320 INFO odoo15 werkzeug: 127.0.0.1 - - [11/Mar/2026 13:57:47] "POST /web/dataset/call_kw/res.users/systray_get_activities HTTP/1.1" 200 - 2 0.001 0.003
2026-03-11 13:57:47,974 19320 INFO odoo15 werkzeug: 127.0.0.1 - - [11/Mar/2026 13:57:47] "POST /web/action/load HTTP/1.1" 200 - 8 0.006 0.026
2026-03-11 13:57:47,986 19320 INFO odoo15 werkzeug: 127.0.0.1 - - [11/Mar/2026 13:57:47] "POST /mail/load_message_failures HTTP/1.1" 200 - 11 0.017 0.027
2026-03-11 13:57:47,989 19320 INFO odoo15 werkzeug: 127.0.0.1 - - [11/Mar/2026 13:57:47] "POST /longpolling/im_status HTTP/1.1" 200 - 12 0.045 0.001
2026-03-11 13:57:48,112 19320 INFO odoo15 werkzeug: 127.0.0.1 - - [11/Mar/2026 13:57:48] "POST /mail/inbox/messages HTTP/1.1" 200 - 9 0.005 0.002
2026-03-11 13:57:48,340 19320 INFO odoo15 werkzeug: 127.0.0.1 - - [11/Mar/2026 13:57:48] "[36mGET /web/image?model=res.users&field=avatar_128&id=2 HTTP/1.1[0m" 304 - 12 0.019 0.016
2026-03-11 13:57:49,692 19320 INFO odoo15 werkzeug: 127.0.0.1 - - [11/Mar/2026 13:57:49] "POST /longpolling/poll HTTP/1.1" 200 - 13 0.028 50.020
2026-03-11 13:58:09,603 19320 INFO odoo15 werkzeug: 127.0.0.1 - - [11/Mar/2026 13:58:09] "POST /web/action/load HTTP/1.1" 200 - 28 0.021 0.033
2026-03-11 13:58:09,951 19320 INFO odoo15 werkzeug: 127.0.0.1 - - [11/Mar/2026 13:58:09] "POST /web/dataset/call_kw/ir.module.module/load_views HTTP/1.1" 200 - 57 0.019 0.021
2026-03-11 13:58:10,285 19320 INFO odoo15 werkzeug: 127.0.0.1 - - [11/Mar/2026 13:58:10] "POST /web/dataset/call_kw/ir.module.module/search_panel_select_range HTTP/1.1" 200 - 43 0.021 0.005
2026-03-11 13:58:10,599 19320 INFO odoo15 werkzeug: 127.0.0.1 - - [11/Mar/2026 13:58:10] "POST /web/dataset/search_read HTTP/1.1" 200 - 3 0.003 0.004
2026-03-11 13:58:18,685 19320 INFO odoo15 werkzeug: 127.0.0.1 - - [11/Mar/2026 13:58:18] "POST /web/dataset/call_kw/ir.module.module/search_panel_select_range HTTP/1.1" 200 - 39 0.075 0.006
2026-03-11 13:58:19,012 19320 INFO odoo15 werkzeug: 127.0.0.1 - - [11/Mar/2026 13:58:19] "POST /web/dataset/search_read HTTP/1.1" 200 - 3 0.006 0.007
2026-03-11 13:58:23,057 19320 INFO odoo15 werkzeug: 127.0.0.1 - - [11/Mar/2026 13:58:23] "POST /web/dataset/call_kw/ir.module.module/search_panel_select_range HTTP/1.1" 200 - 39 0.046 0.023
2026-03-11 13:58:23,414 19320 INFO odoo15 werkzeug: 127.0.0.1 - - [11/Mar/2026 13:58:23] "POST /web/dataset/search_read HTTP/1.1" 200 - 3 0.023 0.004
2026-03-11 13:58:37,375 19320 INFO odoo15 werkzeug: 127.0.0.1 - - [11/Mar/2026 13:58:37] "POST /web/action/load HTTP/1.1" 200 - 17 0.027 0.025
2026-03-11 13:58:37,712 19320 INFO odoo15 werkzeug: 127.0.0.1 - - [11/Mar/2026 13:58:37] "POST /web/dataset/call_kw/res.config.settings/load_views HTTP/1.1" 200 - 18 0.008 0.021
2026-03-11 13:58:37,999 19320 INFO odoo15 werkzeug: 127.0.0.1 - - [11/Mar/2026 13:58:37] "POST /longpolling/poll HTTP/1.1" 200 - 13 0.013 50.044
2026-03-11 13:58:38,100 19320 INFO odoo15 werkzeug: 127.0.0.1 - - [11/Mar/2026 13:58:38] "POST /web/dataset/call_kw/res.config.settings/onchange HTTP/1.1" 200 - 74 0.043 0.028
2026-03-11 13:58:38,338 19320 INFO odoo15 werkzeug: 127.0.0.1 - - [11/Mar/2026 13:58:38] "POST /longpolling/im_status HTTP/1.1" 200 - 4 0.000 0.005
2026-03-11 13:58:38,448 19320 INFO odoo15 werkzeug: 127.0.0.1 - - [11/Mar/2026 13:58:38] "POST /base_setup/data HTTP/1.1" 200 - 6 0.003 0.002
2026-03-11 13:58:38,450 19320 INFO odoo15 werkzeug: 127.0.0.1 - - [11/Mar/2026 13:58:38] "POST /base_setup/demo_active HTTP/1.1" 200 - 3 0.003 0.004
2026-03-11 13:58:42,005 19320 INFO odoo15 werkzeug: 127.0.0.1 - - [11/Mar/2026 13:58:42] "POST /web/action/load HTTP/1.1" 200 - 56 0.068 0.028
2026-03-11 13:58:42,420 19320 INFO odoo15 werkzeug: 127.0.0.1 - - [11/Mar/2026 13:58:42] "POST /web/dataset/call_kw/res.users/load_views HTTP/1.1" 200 - 66 0.050 0.056
2026-03-11 13:58:42,764 19320 INFO odoo15 werkzeug: 127.0.0.1 - - [11/Mar/2026 13:58:42] "POST /web/dataset/search_read HTTP/1.1" 200 - 8 0.009 0.010
2026-03-11 13:58:43,093 19320 INFO odoo15 werkzeug: 127.0.0.1 - - [11/Mar/2026 13:58:43] "POST /web/dataset/call_kw/res.users/has_group HTTP/1.1" 200 - 2 0.003 0.009
2026-03-11 13:59:07,975 19320 INFO odoo15 werkzeug: 127.0.0.1 - - [11/Mar/2026 13:59:07] "POST /web/dataset/call_kw/res.users/onchange HTTP/1.1" 200 - 23 0.036 0.106
2026-03-11 13:59:08,311 19320 INFO odoo15 werkzeug: 127.0.0.1 - - [11/Mar/2026 13:59:08] "POST /web/dataset/call_kw/res.company/read HTTP/1.1" 200 - 2 0.003 0.010
2026-03-11 13:59:08,685 19320 INFO ? werkzeug: 127.0.0.1 - - [11/Mar/2026 13:59:08] "GET /web/static/src/legacy/xml/ribbon.xml?debug=1773237548338 HTTP/1.1" 200 - - - -
2026-03-11 13:59:08,727 19320 INFO ? werkzeug: 127.0.0.1 - - [11/Mar/2026 13:59:08] "GET /web/static/img/placeholder.png HTTP/1.1" 200 - - - -
2026-03-11 13:59:09,530 19320 INFO odoo15 werkzeug: 127.0.0.1 - - [11/Mar/2026 13:59:09] "POST /web/dataset/call_kw/ HTTP/1.1" 200 - 25 0.040 0.809
2026-03-11 13:59:09,881 19320 INFO odoo15 odoo.http: <function odoo.addons.web_editor.controllers.main.public_render_template> called ignoring args <kwargs={'context': {'lang': 'en_US', 'tz': 'Europe/Brussels', 'uid': 2}}> 
2026-03-11 13:59:11,455 19320 INFO odoo15 werkzeug: 127.0.0.1 - - [11/Mar/2026 13:59:11] "POST /web_editor/public_render_template HTTP/1.1" 200 - 25 0.033 1.575
2026-03-11 13:59:11,783 19320 INFO odoo15 werkzeug: 127.0.0.1 - - [11/Mar/2026 13:59:11] "GET /web/assets/205-7192083/web_editor.assets_wysiwyg.min.css HTTP/1.1" 200 - 2 0.000 0.023
2026-03-11 13:59:12,328 19320 INFO odoo15 werkzeug: 127.0.0.1 - - [11/Mar/2026 13:59:12] "GET /web/assets/206-7192083/web_editor.assets_wysiwyg.min.js HTTP/1.1" 200 - 2 0.000 0.565
2026-03-11 13:59:12,661 19320 INFO odoo15 werkzeug: 127.0.0.1 - - [11/Mar/2026 13:59:12] "POST /web/dataset/call_kw/res.users/has_group HTTP/1.1" 200 - 1 0.000 0.003
2026-03-11 13:59:12,975 19320 INFO ? werkzeug: 127.0.0.1 - - [11/Mar/2026 13:59:12] "GET /web_editor/static/src/xml/editor.xml?debug=1773237552664 HTTP/1.1" 200 - - - -
2026-03-11 13:59:13,349 19320 INFO ? werkzeug: 127.0.0.1 - - [11/Mar/2026 13:59:13] "GET /web/static/fonts/google/Roboto/Roboto-Regular.ttf HTTP/1.1" 200 - - - -
2026-03-11 13:59:13,362 19320 INFO ? werkzeug: 127.0.0.1 - - [11/Mar/2026 13:59:13] "GET /web/static/img/form_sheetbg.png HTTP/1.1" 200 - - - -
2026-03-11 13:59:24,005 19320 INFO odoo15 werkzeug: 127.0.0.1 - - [11/Mar/2026 13:59:24] "POST /web/dataset/call_kw/res.users/onchange HTTP/1.1" 200 - 4 0.000 0.048
2026-03-11 13:59:28,337 19320 INFO odoo15 werkzeug: 127.0.0.1 - - [11/Mar/2026 13:59:28] "POST /longpolling/poll HTTP/1.1" 200 - 9 0.006 50.013
2026-03-11 13:59:28,763 19320 INFO odoo15 werkzeug: 127.0.0.1 - - [11/Mar/2026 13:59:28] "POST /longpolling/im_status HTTP/1.1" 200 - 4 0.000 0.002
2026-03-11 14:00:18,675 19320 INFO odoo15 werkzeug: 127.0.0.1 - - [11/Mar/2026 14:00:18] "POST /longpolling/poll HTTP/1.1" 200 - 9 0.001 50.023
2026-03-11 14:00:19,792 19320 INFO odoo15 werkzeug: 127.0.0.1 - - [11/Mar/2026 14:00:19] "POST /longpolling/im_status HTTP/1.1" 200 - 4 0.016 0.000
2026-03-11 14:01:08,717 19320 INFO odoo15 werkzeug: 127.0.0.1 - - [11/Mar/2026 14:01:08] "POST /longpolling/poll HTTP/1.1" 200 - 9 0.000 50.028
2026-03-11 14:01:10,448 19320 INFO odoo15 werkzeug: 127.0.0.1 - - [11/Mar/2026 14:01:10] "POST /longpolling/im_status HTTP/1.1" 200 - 4 0.000 0.003
2026-03-11 14:01:59,076 19320 INFO odoo15 werkzeug: 127.0.0.1 - - [11/Mar/2026 14:01:59] "POST /longpolling/poll HTTP/1.1" 200 - 9 0.014 50.019
2026-03-11 14:02:01,459 19320 INFO odoo15 werkzeug: 127.0.0.1 - - [11/Mar/2026 14:02:01] "POST /longpolling/im_status HTTP/1.1" 200 - 4 0.000 0.004
2026-03-11 14:02:35,734 19320 INFO odoo15 werkzeug: 127.0.0.1 - - [11/Mar/2026 14:02:35] "POST /web/dataset/call_kw/res.users/onchange HTTP/1.1" 200 - 3 0.006 0.021
2026-03-11 14:02:49,407 19320 INFO odoo15 werkzeug: 127.0.0.1 - - [11/Mar/2026 14:02:49] "POST /longpolling/poll HTTP/1.1" 200 - 9 0.008 50.014
2026-03-11 14:02:52,460 19320 INFO odoo15 werkzeug: 127.0.0.1 - - [11/Mar/2026 14:02:52] "POST /longpolling/im_status HTTP/1.1" 200 - 4 0.001 0.014
2026-03-11 14:03:39,754 19320 INFO odoo15 werkzeug: 127.0.0.1 - - [11/Mar/2026 14:03:39] "POST /longpolling/poll HTTP/1.1" 200 - 9 0.005 50.015
2026-03-11 14:03:42,488 19320 INFO odoo15 werkzeug: 127.0.0.1 - - [11/Mar/2026 14:03:42] "POST /longpolling/im_status HTTP/1.1" 200 - 4 0.000 0.003
2026-03-11 14:04:30,106 19320 INFO odoo15 werkzeug: 127.0.0.1 - - [11/Mar/2026 14:04:30] "POST /longpolling/poll HTTP/1.1" 200 - 9 0.015 50.030
2026-03-11 14:04:33,470 19320 INFO odoo15 werkzeug: 127.0.0.1 - - [11/Mar/2026 14:04:33] "POST /longpolling/im_status HTTP/1.1" 200 - 4 0.005 0.010
2026-03-11 14:04:49,014 19320 INFO odoo15 werkzeug: 127.0.0.1 - - [11/Mar/2026 14:04:49] "POST /web/dataset/call_kw/res.users/create HTTP/1.1" 200 - 100 0.134 4.206
2026-03-11 14:04:49,424 19320 INFO odoo15 werkzeug: 127.0.0.1 - - [11/Mar/2026 14:04:49] "POST /web/dataset/call_kw/res.users/read HTTP/1.1" 200 - 34 0.048 0.043
2026-03-11 14:04:49,758 19320 INFO odoo15 werkzeug: 127.0.0.1 - - [11/Mar/2026 14:04:49] "POST /web/dataset/call_kw/res.company/read HTTP/1.1" 200 - 2 0.000 0.016
2026-03-11 14:04:56,159 19320 INFO odoo15 werkzeug: 127.0.0.1 - - [11/Mar/2026 14:04:56] "POST /web/action/load HTTP/1.1" 200 - 13 0.018 0.021
2026-03-11 14:04:56,515 19320 INFO odoo15 werkzeug: 127.0.0.1 - - [11/Mar/2026 14:04:56] "POST /web/dataset/call_kw/change.password.wizard/load_views HTTP/1.1" 200 - 11 0.020 0.017
2026-03-11 14:04:56,888 19320 INFO odoo15 werkzeug: 127.0.0.1 - - [11/Mar/2026 14:04:56] "POST /web/dataset/call_kw/change.password.user/load_views HTTP/1.1" 200 - 10 0.020 0.023
2026-03-11 14:04:57,226 19320 INFO odoo15 werkzeug: 127.0.0.1 - - [11/Mar/2026 14:04:57] "POST /web/dataset/call_kw/change.password.wizard/onchange HTTP/1.1" 200 - 7 0.006 0.014
2026-03-11 14:05:07,750 19320 INFO odoo15 werkzeug: 127.0.0.1 - - [11/Mar/2026 14:05:07] "POST /web/dataset/call_kw/change.password.wizard/create HTTP/1.1" 200 - 12 0.037 0.013
2026-03-11 14:05:08,100 19320 INFO odoo15 werkzeug: 127.0.0.1 - - [11/Mar/2026 14:05:08] "POST /web/dataset/call_kw/change.password.wizard/read HTTP/1.1" 200 - 9 0.022 0.005
2026-03-11 14:05:08,424 19320 INFO odoo15 werkzeug: 127.0.0.1 - - [11/Mar/2026 14:05:08] "POST /web/dataset/call_kw/change.password.user/read HTTP/1.1" 200 - 4 0.004 0.012
2026-03-11 14:05:09,411 19320 INFO odoo15 odoo.modules.registry: At least one model cache has been invalidated, signaling through the database. 
2026-03-11 14:05:09,411 19320 INFO odoo15 werkzeug: 127.0.0.1 - - [11/Mar/2026 14:05:09] "POST /web/dataset/call_button HTTP/1.1" 200 - 24 0.020 0.640
2026-03-11 14:05:09,816 19320 INFO odoo15 werkzeug: 127.0.0.1 - - [11/Mar/2026 14:05:09] "POST /web/dataset/call_kw/res.users/read HTTP/1.1" 200 - 57 0.055 0.026
2026-03-11 14:05:10,131 19320 INFO odoo15 werkzeug: 127.0.0.1 - - [11/Mar/2026 14:05:10] "POST /web/dataset/call_kw/res.company/read HTTP/1.1" 200 - 3 0.000 0.001
2026-03-11 14:05:20,464 19320 INFO odoo15 werkzeug: 127.0.0.1 - - [11/Mar/2026 14:05:20] "POST /longpolling/poll HTTP/1.1" 200 - 9 0.014 50.025
2026-03-11 14:05:24,487 19320 INFO odoo15 werkzeug: 127.0.0.1 - - [11/Mar/2026 14:05:24] "POST /longpolling/im_status HTTP/1.1" 200 - 11 0.029 0.002
2026-03-11 14:05:38,474 19320 INFO odoo15 werkzeug: 127.0.0.1 - - [11/Mar/2026 14:05:38] "POST /web/action/load HTTP/1.1" 200 - 54 0.042 0.031
2026-03-11 14:05:38,893 19320 INFO odoo15 werkzeug: 127.0.0.1 - - [11/Mar/2026 14:05:38] "POST /web/dataset/call_kw/project.project/load_views HTTP/1.1" 200 - 48 0.054 0.054
2026-03-11 14:05:39,244 19320 INFO odoo15 werkzeug: 127.0.0.1 - - [11/Mar/2026 14:05:39] "POST /web/dataset/search_read HTTP/1.1" 200 - 35 0.030 0.009
2026-03-11 14:05:39,566 19320 INFO odoo15 werkzeug: 127.0.0.1 - - [11/Mar/2026 14:05:39] "POST /web/dataset/call_kw/project.tags/read HTTP/1.1" 200 - 3 0.002 0.001
2026-03-11 14:05:39,913 19320 INFO odoo15 werkzeug: 127.0.0.1 - - [11/Mar/2026 14:05:39] "GET /web/image/res.users/2/avatar_128 HTTP/1.1" 200 - 12 0.004 0.011
2026-03-11 14:05:39,913 19320 INFO odoo15 werkzeug: 127.0.0.1 - - [11/Mar/2026 14:05:39] "GET /web/image/res.users/6/avatar_128 HTTP/1.1" 200 - 12 0.008 0.006
2026-03-11 14:05:42,206 19320 INFO odoo15 werkzeug: 127.0.0.1 - - [11/Mar/2026 14:05:42] "POST /web/dataset/call_button HTTP/1.1" 200 - 64 0.078 0.037
2026-03-11 14:05:42,587 19320 INFO odoo15 werkzeug: 127.0.0.1 - - [11/Mar/2026 14:05:42] "POST /web/dataset/call_kw/project.task/load_views HTTP/1.1" 200 - 59 0.021 0.048
2026-03-11 14:05:42,915 19320 INFO odoo15 werkzeug: 127.0.0.1 - - [11/Mar/2026 14:05:42] "POST /web/dataset/call_kw/project.task/read_progress_bar HTTP/1.1" 200 - 3 0.002 0.004
2026-03-11 14:05:42,922 19320 INFO odoo15 werkzeug: 127.0.0.1 - - [11/Mar/2026 14:05:42] "POST /web/dataset/call_kw/project.task/web_read_group HTTP/1.1" 200 - 4 0.010 0.004
2026-03-11 14:05:43,255 19320 INFO odoo15 werkzeug: 127.0.0.1 - - [11/Mar/2026 14:05:43] "POST /web/dataset/search_read HTTP/1.1" 200 - 21 0.014 0.011
2026-03-11 14:05:43,255 19320 INFO odoo15 werkzeug: 127.0.0.1 - - [11/Mar/2026 14:05:43] "POST /web/dataset/search_read HTTP/1.1" 200 - 21 0.018 0.008
2026-03-11 14:05:43,570 19320 INFO odoo15 werkzeug: 127.0.0.1 - - [11/Mar/2026 14:05:43] "POST /web/dataset/call_kw/project.tags/read HTTP/1.1" 200 - 2 0.002 0.003
2026-03-11 14:05:43,571 19320 INFO odoo15 werkzeug: 127.0.0.1 - - [11/Mar/2026 14:05:43] "POST /web/dataset/call_kw/res.users/read HTTP/1.1" 200 - 4 0.001 0.005
2026-03-11 14:05:43,881 19320 INFO odoo15 werkzeug: 127.0.0.1 - - [11/Mar/2026 14:05:43] "POST /web/dataset/call_kw/project.task.type/read HTTP/1.1" 200 - 2 0.002 0.002
2026-03-11 14:05:44,212 19320 INFO odoo15 werkzeug: 127.0.0.1 - - [11/Mar/2026 14:05:44] "POST /web/dataset/call_kw/res.users/has_group HTTP/1.1" 200 - 1 0.002 0.015
2026-03-11 14:05:44,218 19320 INFO odoo15 werkzeug: 127.0.0.1 - - [11/Mar/2026 14:05:44] "POST /web/dataset/call_kw/project.project/get_last_update_or_default HTTP/1.1" 200 - 2 0.006 0.015
2026-03-11 14:05:44,584 19320 INFO odoo15 werkzeug: 127.0.0.1 - - [11/Mar/2026 14:05:44] "POST /web/dataset/call_kw/res.users/has_group HTTP/1.1" 200 - 2 0.001 0.003
2026-03-11 14:06:10,819 19320 INFO odoo15 werkzeug: 127.0.0.1 - - [11/Mar/2026 14:06:10] "POST /longpolling/poll HTTP/1.1" 200 - 13 0.002 50.037
2026-03-11 14:06:14,506 19320 INFO odoo15 werkzeug: 127.0.0.1 - - [11/Mar/2026 14:06:14] "POST /longpolling/im_status HTTP/1.1" 200 - 4 0.000 0.000
2026-03-11 14:06:20,709 19320 INFO odoo15 werkzeug: 127.0.0.1 - - [11/Mar/2026 14:06:20] "POST /web/dataset/call_kw/mail.followers/load_views HTTP/1.1" 200 - 13 0.033 0.023
2026-03-11 14:06:20,714 19320 INFO odoo15 werkzeug: 127.0.0.1 - - [11/Mar/2026 14:06:20] "POST /web/dataset/call_kw/mail.message/load_views HTTP/1.1" 200 - 17 0.031 0.028
2026-03-11 14:06:20,718 19320 INFO odoo15 werkzeug: 127.0.0.1 - - [11/Mar/2026 14:06:20] "POST /web/dataset/call_kw/mail.activity/load_views HTTP/1.1" 200 - 27 0.027 0.032
2026-03-11 14:06:21,119 19320 INFO odoo15 werkzeug: 127.0.0.1 - - [11/Mar/2026 14:06:21] "POST /web/dataset/call_kw/project.task/read HTTP/1.1" 200 - 31 0.056 0.029
2026-03-11 14:06:21,441 19320 INFO odoo15 werkzeug: 127.0.0.1 - - [11/Mar/2026 14:06:21] "POST /web/dataset/call_kw/res.users/read HTTP/1.1" 200 - 4 0.002 0.008
2026-03-11 14:06:21,443 19320 INFO odoo15 werkzeug: 127.0.0.1 - - [11/Mar/2026 14:06:21] "POST /web/dataset/call_kw/mail.followers/read HTTP/1.1" 200 - 3 0.003 0.006
2026-03-11 14:06:21,444 19320 INFO odoo15 werkzeug: 127.0.0.1 - - [11/Mar/2026 14:06:21] "POST /web/dataset/call_kw/mail.message/read HTTP/1.1" 200 - 6 0.002 0.010
2026-03-11 14:06:21,784 19320 INFO odoo15 werkzeug: 127.0.0.1 - - [11/Mar/2026 14:06:21] "POST /web/dataset/call_kw/project.task.type/search_read HTTP/1.1" 200 - 3 0.009 0.010
2026-03-11 14:06:22,119 19320 INFO odoo15 werkzeug: 127.0.0.1 - - [11/Mar/2026 14:06:22] "POST /web/dataset/call_kw/project.task.type/name_get HTTP/1.1" 200 - 2 0.007 0.013
2026-03-11 14:06:22,547 19320 INFO odoo15 werkzeug: 127.0.0.1 - - [11/Mar/2026 14:06:22] "POST /web/dataset/call_kw/project.task/read HTTP/1.1" 200 - 23 0.033 0.030
2026-03-11 14:06:22,563 19320 INFO odoo15 werkzeug: 127.0.0.1 - - [11/Mar/2026 14:06:22] "POST /web/dataset/call_kw/project.task/read HTTP/1.1" 200 - 23 0.038 0.025
2026-03-11 14:06:22,714 19320 INFO odoo15 werkzeug: 127.0.0.1 - - [11/Mar/2026 14:06:22] "POST /web/dataset/call_kw/res.users/read HTTP/1.1" 200 - 4 0.006 0.012
2026-03-11 14:06:22,866 19320 INFO odoo15 werkzeug: 127.0.0.1 - - [11/Mar/2026 14:06:22] "POST /web/dataset/call_kw/mail.message/read HTTP/1.1" 200 - 6 0.003 0.005
2026-03-11 14:06:22,866 19320 INFO odoo15 werkzeug: 127.0.0.1 - - [11/Mar/2026 14:06:22] "POST /web/dataset/call_kw/res.users/read HTTP/1.1" 200 - 4 0.002 0.007
2026-03-11 14:06:22,867 19320 INFO odoo15 werkzeug: 127.0.0.1 - - [11/Mar/2026 14:06:22] "POST /web/dataset/call_kw/mail.followers/read HTTP/1.1" 200 - 3 0.005 0.006
2026-03-11 14:06:22,874 19320 INFO odoo15 werkzeug: 127.0.0.1 - - [11/Mar/2026 14:06:22] "POST /web/dataset/call_kw/mail.followers/read HTTP/1.1" 200 - 3 0.001 0.004
2026-03-11 14:06:23,060 19320 INFO odoo15 werkzeug: 127.0.0.1 - - [11/Mar/2026 14:06:23] "POST /web/dataset/call_kw/mail.message/read HTTP/1.1" 200 - 6 0.013 0.014
2026-03-11 14:06:23,204 19320 INFO odoo15 werkzeug: 127.0.0.1 - - [11/Mar/2026 14:06:23] "POST /web/dataset/call_kw/project.task.type/search_read HTTP/1.1" 200 - 3 0.006 0.015
2026-03-11 14:06:23,210 19320 INFO odoo15 werkzeug: 127.0.0.1 - - [11/Mar/2026 14:06:23] "POST /web/dataset/call_kw/project.task.type/search_read HTTP/1.1" 200 - 3 0.010 0.015
2026-03-11 14:06:23,378 19320 INFO odoo15 werkzeug: 127.0.0.1 - - [11/Mar/2026 14:06:23] "POST /web/dataset/call_kw/project.task.type/name_get HTTP/1.1" 200 - 2 0.002 0.003
2026-03-11 14:06:23,545 19320 INFO odoo15 werkzeug: 127.0.0.1 - - [11/Mar/2026 14:06:23] "POST /web/dataset/call_kw/project.task.type/name_get HTTP/1.1" 200 - 2 0.006 0.010
2026-03-11 14:06:23,588 19320 INFO ? werkzeug: 127.0.0.1 - - [11/Mar/2026 14:06:23] "GET /partner_autocomplete/static/lib/jsvat.js HTTP/1.1" 200 - - - -
2026-03-11 14:06:23,955 19320 INFO odoo15 werkzeug: 127.0.0.1 - - [11/Mar/2026 14:06:23] "POST /web/dataset/call_kw/project.task/read HTTP/1.1" 200 - 3 0.004 0.023
2026-03-11 14:06:23,960 19320 INFO odoo15 werkzeug: 127.0.0.1 - - [11/Mar/2026 14:06:23] "POST /mail/thread/data HTTP/1.1" 200 - 11 0.011 0.015
2026-03-11 14:06:23,976 19320 INFO odoo15 werkzeug: 127.0.0.1 - - [11/Mar/2026 14:06:23] "POST /mail/get_suggested_recipients HTTP/1.1" 200 - 14 0.013 0.031
2026-03-11 14:06:23,976 19320 INFO odoo15 werkzeug: 127.0.0.1 - - [11/Mar/2026 14:06:23] "POST /mail/read_followers HTTP/1.1" 200 - 16 0.026 0.020
2026-03-11 14:06:23,983 19320 INFO odoo15 werkzeug: 127.0.0.1 - - [11/Mar/2026 14:06:23] "POST /mail/thread/messages HTTP/1.1" 200 - 33 0.040 0.017
2026-03-11 14:06:24,286 19320 INFO odoo15 werkzeug: 127.0.0.1 - - [11/Mar/2026 14:06:24] "POST /web/dataset/call_kw/project.task/read HTTP/1.1" 200 - 3 0.004 0.016
2026-03-11 14:06:24,309 19320 INFO odoo15 werkzeug: 127.0.0.1 - - [11/Mar/2026 14:06:24] "POST /mail/read_followers HTTP/1.1" 200 - 10 0.006 0.020
2026-03-11 14:06:24,309 19320 INFO odoo15 werkzeug: 127.0.0.1 - - [11/Mar/2026 14:06:24] "POST /mail/thread/data HTTP/1.1" 200 - 3 0.000 0.012
2026-03-11 14:06:24,324 19320 INFO odoo15 werkzeug: 127.0.0.1 - - [11/Mar/2026 14:06:24] "POST /web/dataset/call_kw/project.task/read HTTP/1.1" 200 - 3 0.027 0.000
2026-03-11 14:06:24,324 19320 INFO odoo15 werkzeug: 127.0.0.1 - - [11/Mar/2026 14:06:24] "POST /mail/get_suggested_recipients HTTP/1.1" 200 - 7 0.014 0.017
2026-03-11 14:06:24,610 19320 INFO odoo15 werkzeug: 127.0.0.1 - - [11/Mar/2026 14:06:24] "POST /mail/read_followers HTTP/1.1" 200 - 10 0.006 0.009
2026-03-11 14:06:24,638 19320 INFO odoo15 werkzeug: 127.0.0.1 - - [11/Mar/2026 14:06:24] "POST /mail/thread/data HTTP/1.1" 200 - 3 0.003 0.006
2026-03-11 14:06:24,643 19320 INFO odoo15 werkzeug: 127.0.0.1 - - [11/Mar/2026 14:06:24] "POST /mail/get_suggested_recipients HTTP/1.1" 200 - 7 0.004 0.011
2026-03-11 14:06:24,646 19320 INFO odoo15 werkzeug: 127.0.0.1 - - [11/Mar/2026 14:06:24] "POST /web/dataset/call_kw/project.task/read HTTP/1.1" 200 - 3 0.000 0.004
2026-03-11 14:06:24,663 19320 INFO odoo15 werkzeug: 127.0.0.1 - - [11/Mar/2026 14:06:24] "POST /mail/read_followers HTTP/1.1" 200 - 10 0.004 0.015
2026-03-11 14:06:24,923 19320 INFO odoo15 werkzeug: 127.0.0.1 - - [11/Mar/2026 14:06:24] "POST /mail/get_suggested_recipients HTTP/1.1" 200 - 7 0.001 0.007
2026-03-11 14:06:24,947 19320 INFO odoo15 werkzeug: 127.0.0.1 - - [11/Mar/2026 14:06:24] "POST /mail/thread/data HTTP/1.1" 200 - 3 0.002 0.002
2026-03-11 14:06:24,948 19320 INFO odoo15 werkzeug: 127.0.0.1 - - [11/Mar/2026 14:06:24] "POST /web/dataset/call_kw/mail.activity/activity_format HTTP/1.1" 200 - 1 0.001 0.001
2026-03-11 14:06:24,966 19320 INFO odoo15 werkzeug: 127.0.0.1 - - [11/Mar/2026 14:06:24] "POST /web/dataset/call_kw/mail.message/mark_all_as_read HTTP/1.1" 200 - 6 0.002 0.004
2026-03-11 14:06:24,970 19320 INFO odoo15 werkzeug: 127.0.0.1 - - [11/Mar/2026 14:06:24] "POST /web/dataset/call_kw/mail.activity/activity_format HTTP/1.1" 200 - 1 0.000 0.004
2026-03-11 14:06:25,228 19320 INFO odoo15 werkzeug: 127.0.0.1 - - [11/Mar/2026 14:06:25] "POST /web/dataset/call_kw/mail.activity/activity_format HTTP/1.1" 200 - 1 0.000 0.002
2026-03-11 14:06:25,253 19320 INFO odoo15 werkzeug: 127.0.0.1 - - [11/Mar/2026 14:06:25] "POST /web/dataset/call_kw/mail.activity/activity_format HTTP/1.1" 200 - 1 0.000 0.002
2026-03-11 14:06:25,262 19320 INFO odoo15 werkzeug: 127.0.0.1 - - [11/Mar/2026 14:06:25] "GET /web/image/res.partner/2/avatar_128 HTTP/1.1" 200 - 7 0.002 0.006
2026-03-11 14:07:01,157 19320 INFO odoo15 werkzeug: 127.0.0.1 - - [11/Mar/2026 14:07:01] "POST /longpolling/poll HTTP/1.1" 200 - 9 0.002 50.018
2026-03-11 14:07:04,552 19320 INFO odoo15 werkzeug: 127.0.0.1 - - [11/Mar/2026 14:07:04] "POST /longpolling/im_status HTTP/1.1" 200 - 4 0.013 0.009
2026-03-11 14:07:08,771 19320 INFO odoo15 werkzeug: 127.0.0.1 - - [11/Mar/2026 14:07:08] "POST /web_editor/get_ice_servers HTTP/1.1" 200 - 3 0.006 0.015
2026-03-11 14:07:08,804 19320 INFO odoo15 werkzeug: 127.0.0.1 - - [11/Mar/2026 14:07:08] "POST /web/dataset/call_kw/project.task/read HTTP/1.1" 200 - 3 0.006 0.029
2026-03-11 14:07:08,810 19320 INFO odoo15 werkzeug: 127.0.0.1 - - [11/Mar/2026 14:07:08] "POST /mail/get_suggested_recipients HTTP/1.1" 200 - 7 0.010 0.022
2026-03-11 14:07:08,810 19320 INFO odoo15 werkzeug: 127.0.0.1 - - [11/Mar/2026 14:07:08] "POST /mail/thread/messages HTTP/1.1" 200 - 4 0.010 0.019
2026-03-11 14:07:08,813 19320 INFO odoo15 werkzeug: 127.0.0.1 - - [11/Mar/2026 14:07:08] "POST /mail/read_followers HTTP/1.1" 200 - 10 0.014 0.027
2026-03-11 14:07:09,095 19320 INFO odoo15 werkzeug: 127.0.0.1 - - [11/Mar/2026 14:07:09] "POST /mail/thread/data HTTP/1.1" 200 - 3 0.000 0.014
2026-03-11 14:07:09,130 19320 INFO odoo15 werkzeug: 127.0.0.1 - - [11/Mar/2026 14:07:09] "POST /web/dataset/call_kw/mail.activity/activity_format HTTP/1.1" 200 - 1 0.000 0.012
2026-03-11 14:07:09,330 19320 INFO odoo15 werkzeug: 127.0.0.1 - - [11/Mar/2026 14:07:09] "POST /web_editor/bus_broadcast HTTP/1.1" 200 - 7 0.014 0.200
2026-03-11 14:07:09,334 19320 INFO odoo15 werkzeug: 127.0.0.1 - - [11/Mar/2026 14:07:09] "POST /longpolling/poll HTTP/1.1" 200 - 20 0.024 0.545
2026-03-11 14:07:10,745 19320 INFO odoo15 werkzeug: 127.0.0.1 - - [11/Mar/2026 14:07:10] "POST /web/dataset/call_kw/res.users/name_search HTTP/1.1" 200 - 4 0.002 0.015
2026-03-11 14:07:12,730 19320 INFO odoo15 werkzeug: 127.0.0.1 - - [11/Mar/2026 14:07:12] "POST /web/dataset/call_kw/res.users/read HTTP/1.1" 200 - 4 0.001 0.022
2026-03-11 14:07:13,119 19320 INFO odoo15 werkzeug: 127.0.0.1 - - [11/Mar/2026 14:07:13] "GET /web/image/res.users/8/avatar_128 HTTP/1.1" 200 - 5 0.016 0.016
2026-03-11 14:07:20,705 19320 INFO odoo15 werkzeug: 127.0.0.1 - - [11/Mar/2026 14:07:20] "POST /web/dataset/call_kw/project.task/write HTTP/1.1" 200 - 101 0.105 4.170
2026-03-11 14:07:21,081 19320 INFO odoo15 werkzeug: 127.0.0.1 - - [11/Mar/2026 14:07:21] "POST /web/dataset/call_kw/project.task/read HTTP/1.1" 200 - 23 0.034 0.014
2026-03-11 14:07:21,444 19320 INFO odoo15 werkzeug: 127.0.0.1 - - [11/Mar/2026 14:07:21] "POST /web/dataset/call_kw/res.users/read HTTP/1.1" 200 - 4 0.011 0.018
2026-03-11 14:07:21,449 19320 INFO odoo15 werkzeug: 127.0.0.1 - - [11/Mar/2026 14:07:21] "POST /web/dataset/call_kw/mail.followers/read HTTP/1.1" 200 - 3 0.004 0.026
2026-03-11 14:07:21,453 19320 INFO odoo15 werkzeug: 127.0.0.1 - - [11/Mar/2026 14:07:21] "POST /web/dataset/call_kw/mail.message/read HTTP/1.1" 200 - 6 0.015 0.022
2026-03-11 14:07:21,847 19320 INFO odoo15 werkzeug: 127.0.0.1 - - [11/Mar/2026 14:07:21] "POST /web/dataset/call_kw/project.task/read HTTP/1.1" 200 - 3 0.002 0.018
2026-03-11 14:07:21,852 19320 INFO odoo15 werkzeug: 127.0.0.1 - - [11/Mar/2026 14:07:21] "POST /mail/thread/data HTTP/1.1" 200 - 3 0.003 0.014
2026-03-11 14:07:21,852 19320 INFO odoo15 werkzeug: 127.0.0.1 - - [11/Mar/2026 14:07:21] "POST /mail/get_suggested_recipients HTTP/1.1" 200 - 7 0.008 0.013
2026-03-11 14:07:21,857 19320 INFO odoo15 werkzeug: 127.0.0.1 - - [11/Mar/2026 14:07:21] "POST /mail/read_followers HTTP/1.1" 200 - 10 0.010 0.018
2026-03-11 14:07:21,863 19320 INFO odoo15 werkzeug: 127.0.0.1 - - [11/Mar/2026 14:07:21] "POST /mail/thread/messages HTTP/1.1" 200 - 21 0.015 0.016
2026-03-11 14:07:22,168 19320 INFO odoo15 werkzeug: 127.0.0.1 - - [11/Mar/2026 14:07:22] "POST /web/dataset/call_kw/mail.activity/activity_format HTTP/1.1" 200 - 1 0.000 0.004
2026-03-11 14:07:22,200 19320 INFO odoo15 werkzeug: 127.0.0.1 - - [11/Mar/2026 14:07:22] "GET /web/image/res.partner/3/avatar_128 HTTP/1.1" 200 - 7 0.006 0.019
2026-03-11 14:07:51,527 19320 INFO odoo15 werkzeug: 127.0.0.1 - - [11/Mar/2026 14:07:51] "POST /longpolling/poll HTTP/1.1" 200 - 9 0.028 50.021
2026-03-11 14:07:52,442 19320 INFO odoo15 werkzeug: 127.0.0.1 - - [11/Mar/2026 14:07:52] "[32mGET /web/session/logout HTTP/1.1[0m" 303 - 12 0.010 0.017
2026-03-11 14:07:52,781 19320 INFO odoo15 werkzeug: 127.0.0.1 - - [11/Mar/2026 14:07:52] "[32mGET /web HTTP/1.1[0m" 303 - 1 0.000 0.030
2026-03-11 14:07:55,066 19320 INFO odoo15 werkzeug: 127.0.0.1 - - [11/Mar/2026 14:07:55] "POST /longpolling/im_status HTTP/1.1" 200 - 1 0.001 0.007
2026-03-11 14:07:56,384 19320 INFO odoo15 werkzeug: 127.0.0.1 - - [11/Mar/2026 14:07:56] "GET /web/login HTTP/1.1" 200 - 97 0.058 3.228
2026-03-11 14:07:56,731 19320 INFO odoo15 werkzeug: 127.0.0.1 - - [11/Mar/2026 14:07:56] "GET /web/binary/company_logo HTTP/1.1" 200 - 2 0.001 0.007
2026-03-11 14:07:56,740 19320 INFO odoo15 werkzeug: 127.0.0.1 - - [11/Mar/2026 14:07:56] "GET /web/assets/207-58d9f79/web.assets_frontend.min.css HTTP/1.1" 200 - 5 0.004 0.014
2026-03-11 14:07:56,777 19320 INFO odoo15 werkzeug: 127.0.0.1 - - [11/Mar/2026 14:07:56] "GET /web/assets/208-2362fd6/web.assets_common_minimal.min.js HTTP/1.1" 200 - 4 0.002 0.052
2026-03-11 14:07:56,997 19320 INFO odoo15 werkzeug: 127.0.0.1 - - [11/Mar/2026 14:07:56] "GET /web/assets/209-54b5f50/web.assets_frontend_minimal.min.js HTTP/1.1" 200 - 3 0.003 0.032
2026-03-11 14:07:57,275 19320 INFO odoo15 werkzeug: 127.0.0.1 - - [11/Mar/2026 14:07:57] "GET /web/assets/210-a4932b9/web.assets_common_lazy.min.js HTTP/1.1" 200 - 3 0.003 0.213
2026-03-11 14:07:57,422 19320 INFO odoo15 werkzeug: 127.0.0.1 - - [11/Mar/2026 14:07:57] "GET /web/assets/211-941aac2/web.assets_frontend_lazy.min.js HTTP/1.1" 200 - 3 0.000 0.088
2026-03-11 14:07:57,766 19320 INFO odoo15 werkzeug: 127.0.0.1 - - [11/Mar/2026 14:07:57] "GET /website/translations/63c39b9719623b23090242bff39258f3aa29fe2b HTTP/1.1" 200 - 9 0.004 0.005
2026-03-11 14:07:58,051 19320 INFO odoo15 werkzeug: 127.0.0.1 - - [11/Mar/2026 14:07:58] "GET /web/webclient/qweb/1773238077769?bundle=web.assets_frontend HTTP/1.1" 200 - 10 0.000 0.028
2026-03-11 14:07:58,076 19320 INFO odoo15 werkzeug: 127.0.0.1 - - [11/Mar/2026 14:07:58] "GET /website/translations/63c39b9719623b23090242bff39258f3aa29fe2b HTTP/1.1" 200 - 6 0.001 0.005
2026-03-11 14:07:59,690 19320 INFO odoo15 werkzeug: 127.0.0.1 - - [11/Mar/2026 14:07:59] "POST /longpolling/poll HTTP/1.1" 200 - 10 0.015 50.033
2026-03-11 14:08:07,369 19320 INFO odoo15 odoo.addons.base.models.res_users: Login failed for db:odoo15 login:admin from 127.0.0.1 
2026-03-11 14:08:07,379 19320 INFO odoo15 werkzeug: 127.0.0.1 - - [11/Mar/2026 14:08:07] "POST /web/login HTTP/1.1" 200 - 11 0.012 0.715
2026-03-11 14:08:07,405 19320 INFO odoo15 werkzeug: 127.0.0.1 - - [11/Mar/2026 14:08:07] "[36mGET /web/assets/207-58d9f79/web.assets_frontend.min.css HTTP/1.1[0m" 304 - 3 0.001 0.004
2026-03-11 14:08:07,724 19320 INFO odoo15 werkzeug: 127.0.0.1 - - [11/Mar/2026 14:08:07] "[36mGET /web/binary/company_logo HTTP/1.1[0m" 304 - 2 0.004 0.012
2026-03-11 14:08:07,735 19320 INFO odoo15 werkzeug: 127.0.0.1 - - [11/Mar/2026 14:08:07] "[36mGET /web/assets/208-2362fd6/web.assets_common_minimal.min.js HTTP/1.1[0m" 304 - 3 0.003 0.023
2026-03-11 14:08:07,746 19320 INFO odoo15 werkzeug: 127.0.0.1 - - [11/Mar/2026 14:08:07] "[36mGET /web/assets/209-54b5f50/web.assets_frontend_minimal.min.js HTTP/1.1[0m" 304 - 3 0.003 0.020
2026-03-11 14:08:08,109 19320 INFO odoo15 werkzeug: 127.0.0.1 - - [11/Mar/2026 14:08:08] "[36mGET /web/assets/210-a4932b9/web.assets_common_lazy.min.js HTTP/1.1[0m" 304 - 3 0.000 0.038
2026-03-11 14:08:08,343 19320 INFO odoo15 werkzeug: 127.0.0.1 - - [11/Mar/2026 14:08:08] "[36mGET /web/assets/211-941aac2/web.assets_frontend_lazy.min.js HTTP/1.1[0m" 304 - 3 0.003 0.005
2026-03-11 14:08:08,468 19320 INFO odoo15 werkzeug: 127.0.0.1 - - [11/Mar/2026 14:08:08] "GET /website/translations/63c39b9719623b23090242bff39258f3aa29fe2b HTTP/1.1" 200 - 6 0.000 0.003
2026-03-11 14:08:08,688 19320 INFO odoo15 werkzeug: 127.0.0.1 - - [11/Mar/2026 14:08:08] "GET /web/webclient/qweb/1773238088474?bundle=web.assets_frontend HTTP/1.1" 200 - 10 0.004 0.029
2026-03-11 14:08:08,788 19320 INFO odoo15 werkzeug: 127.0.0.1 - - [11/Mar/2026 14:08:08] "GET /website/translations/63c39b9719623b23090242bff39258f3aa29fe2b HTTP/1.1" 200 - 6 0.001 0.004
2026-03-11 14:08:28,756 19320 INFO odoo15 odoo.addons.base.models.res_users: Login successful for db:odoo15 login:testuser@example.com from 127.0.0.1 
2026-03-11 14:08:28,766 19320 INFO odoo15 odoo.modules.registry: At least one model cache has been invalidated, signaling through the database. 
2026-03-11 14:08:28,767 19320 INFO odoo15 werkzeug: 127.0.0.1 - - [11/Mar/2026 14:08:28] "[32mPOST /web/login HTTP/1.1[0m" 303 - 49 0.029 0.798
2026-03-11 14:08:29,502 19320 INFO odoo15 werkzeug: 127.0.0.1 - - [11/Mar/2026 14:08:29] "GET /web HTTP/1.1" 200 - 287 0.122 0.610
2026-03-11 14:08:29,843 19320 INFO odoo15 werkzeug: 127.0.0.1 - - [11/Mar/2026 14:08:29] "GET /web/webclient/load_menus/1024dca71634378b732afbdfd925ed3eb6dcfadcba632b3ab359d6324afaf5c5 HTTP/1.1" 200 - 1 0.002 0.007
2026-03-11 14:08:30,078 19320 INFO odoo15 werkzeug: 127.0.0.1 - - [11/Mar/2026 14:08:30] "POST /mail/init_messaging HTTP/1.1" 200 - 70 0.026 0.052
2026-03-11 14:08:30,088 19320 INFO odoo15 werkzeug: 127.0.0.1 - - [11/Mar/2026 14:08:30] "POST /web/dataset/call_kw/res.users/systray_get_activities HTTP/1.1" 200 - 2 0.000 0.005
2026-03-11 14:08:30,207 19320 INFO odoo15 werkzeug: 127.0.0.1 - - [11/Mar/2026 14:08:30] "POST /mail/load_message_failures HTTP/1.1" 200 - 3 0.000 0.010
2026-03-11 14:08:30,209 19320 INFO odoo15 werkzeug: 127.0.0.1 - - [11/Mar/2026 14:08:30] "POST /web/action/load HTTP/1.1" 200 - 8 0.008 0.006
2026-03-11 14:08:30,218 19320 INFO odoo15 werkzeug: 127.0.0.1 - - [11/Mar/2026 14:08:30] "POST /longpolling/im_status HTTP/1.1" 200 - 15 0.012 0.011
2026-03-11 14:08:30,414 19320 INFO odoo15 werkzeug: 127.0.0.1 - - [11/Mar/2026 14:08:30] "POST /mail/inbox/messages HTTP/1.1" 200 - 9 0.009 0.006
2026-03-11 14:08:30,425 19320 ERROR odoo15 odoo.http: Exception during JSON request handling. 
Traceback (most recent call last):
  File "C:\Odoo15\server\odoo\addons\base\models\ir_http.py", line 242, in _dispatch
    result = request.dispatch()
             ^^^^^^^^^^^^^^^^^^
  File "C:\Odoo15\server\odoo\http.py", line 702, in dispatch
    result = self._call_function(**self.params)
             ^^^^^^^^^^^^^^^^^^^^^^^^^^^^^^^^^^
  File "C:\Odoo15\server\odoo\http.py", line 368, in _call_function
    return checked_call(self.db, *args, **kwargs)
           ^^^^^^^^^^^^^^^^^^^^^^^^^^^^^^^^^^^^^^
  File "C:\Odoo15\server\odoo\service\model.py", line 94, in wrapper
    return f(dbname, *args, **kwargs)
           ^^^^^^^^^^^^^^^^^^^^^^^^^^
  File "C:\Odoo15\server\odoo\http.py", line 357, in checked_call
    result = self.endpoint(*a, **kw)
             ^^^^^^^^^^^^^^^^^^^^^^^
  File "C:\Odoo15\server\odoo\http.py", line 925, in __call__
    return self.method(*args, **kw)
           ^^^^^^^^^^^^^^^^^^^^^^^^
  File "C:\Odoo15\server\odoo\http.py", line 546, in response_wrap
    response = f(*args, **kw)
               ^^^^^^^^^^^^^^
  File "C:\Odoo15\server\odoo\addons\web\controllers\main.py", line 1324, in call_kw
    return self._call_kw(model, method, args, kwargs)
           ^^^^^^^^^^^^^^^^^^^^^^^^^^^^^^^^^^^^^^^^^^
  File "C:\Odoo15\server\odoo\addons\web\controllers\main.py", line 1316, in _call_kw
    return call_kw(request.env[model], method, args, kwargs)
           ^^^^^^^^^^^^^^^^^^^^^^^^^^^^^^^^^^^^^^^^^^^^^^^^^
  File "C:\Odoo15\server\odoo\api.py", line 467, in call_kw
    result = _call_kw_model(method, model, args, kwargs)
             ^^^^^^^^^^^^^^^^^^^^^^^^^^^^^^^^^^^^^^^^^^^
  File "C:\Odoo15\server\odoo\api.py", line 438, in _call_kw_model
    result = method(recs, *args, **kwargs)
             ^^^^^^^^^^^^^^^^^^^^^^^^^^^^^
  File "C:\Odoo15\server\odoo\addons\mail_bot\models\mail_channel.py", line 18, in init_odoobot
    channel_info = self.channel_get([odoobot_id])
                   ^^^^^^^^^^^^^^^^^^^^^^^^^^^^^^
  File "C:\Odoo15\server\odoo\addons\mail\models\mail_channel.py", line 890, in channel_get
    channel = self.create({
              ^^^^^^^^^^^^^
  File "<decorator-gen-140>", line 2, in create
  File "C:\Odoo15\server\odoo\api.py", line 417, in _model_create_multi
    return create(self, [arg])
           ^^^^^^^^^^^^^^^^^^^
  File "C:\Odoo15\server\odoo\addons\mail\models\mail_channel.py", line 221, in create
    channels = super(Channel, self.with_context(mail_create_nolog=True, mail_create_nosubscribe=True)).create(vals_list)
               ^^^^^^^^^^^^^^^^^^^^^^^^^^^^^^^^^^^^^^^^^^^^^^^^^^^^^^^^^^^^^^^^^^^^^^^^^^^^^^^^^^^^^^^^^^^^^^^^^^^^^^^^^
  File "<decorator-gen-126>", line 2, in create
  File "C:\Odoo15\server\odoo\api.py", line 418, in _model_create_multi
    return create(self, arg)
           ^^^^^^^^^^^^^^^^^
  File "C:\Odoo15\server\odoo\addons\mail\models\mail_thread.py", line 265, in create
    threads = super(MailThread, self).create(vals_list)
              ^^^^^^^^^^^^^^^^^^^^^^^^^^^^^^^^^^^^^^^^^
  File "<decorator-gen-124>", line 2, in create
  File "C:\Odoo15\server\odoo\api.py", line 418, in _model_create_multi
    return create(self, arg)
           ^^^^^^^^^^^^^^^^^
  File "C:\Odoo15\server\odoo\addons\mail\models\mail_alias_mixin.py", line 60, in create
    record.alias_id.sudo().write(record._alias_get_creation_values())
  File "C:\Odoo15\server\odoo\addons\mail\models\mail_alias.py", line 136, in write
    return super(Alias, self).write(vals)
           ^^^^^^^^^^^^^^^^^^^^^^^^^^^^^^
  File "C:\Odoo15\server\odoo\models.py", line 3874, in write
    self.modified(relational_names, before=True)
  File "C:\Odoo15\server\odoo\models.py", line 6056, in modified
    tocompute = list(tocompute)
                ^^^^^^^^^^^^^^^
  File "C:\Odoo15\server\odoo\models.py", line 6128, in _modified_triggers
    records |= model.search([(key.name, 'in', real_records.ids)], order='id')
               ^^^^^^^^^^^^^^^^^^^^^^^^^^^^^^^^^^^^^^^^^^^^^^^^^^^^^^^^^^^^^^
  File "C:\Odoo15\server\odoo\models.py", line 1821, in search
    res = self._search(args, offset=offset, limit=limit, order=order, count=count)
          ^^^^^^^^^^^^^^^^^^^^^^^^^^^^^^^^^^^^^^^^^^^^^^^^^^^^^^^^^^^^^^^^^^^^^^^^
  File "c:\odoo15\custom_addons\project_access_restriction\models\project_project.py", line 21, in _search
    tasks = self.env['project.task'].sudo().search([
            ^^^^^^^^^^^^^^^^^^^^^^^^^^^^^^^^^^^^^^^^
  File "C:\Odoo15\server\odoo\models.py", line 1821, in search
    res = self._search(args, offset=offset, limit=limit, order=order, count=count)
          ^^^^^^^^^^^^^^^^^^^^^^^^^^^^^^^^^^^^^^^^^^^^^^^^^^^^^^^^^^^^^^^^^^^^^^^^
  File "C:\Odoo15\server\odoo\addons\project\models\project.py", line 1682, in _search
    return super(Task, self)._search(args, offset=offset, limit=limit, order=order, count=count, access_rights_uid=access_rights_uid)
           ^^^^^^^^^^^^^^^^^^^^^^^^^^^^^^^^^^^^^^^^^^^^^^^^^^^^^^^^^^^^^^^^^^^^^^^^^^^^^^^^^^^^^^^^^^^^^^^^^^^^^^^^^^^^^^^^^^^^^^^^^^
  File "C:\Odoo15\server\odoo\models.py", line 4739, in _search
    query = self._where_calc(args)
            ^^^^^^^^^^^^^^^^^^^^^^
  File "C:\Odoo15\server\odoo\models.py", line 4492, in _where_calc
    return expression.expression(domain, self).query
           ^^^^^^^^^^^^^^^^^^^^^^^^^^^^^^^^^^^
  File "C:\Odoo15\server\odoo\osv\expression.py", line 442, in __init__
    self.parse()
  File "C:\Odoo15\server\odoo\osv\expression.py", line 656, in parse
    raise ValueError("Invalid field %s.%s in leaf %s" % (model._name, path[0], str(leaf)))
Exception

The above exception was the direct cause of the following exception:

Traceback (most recent call last):
  File "C:\Odoo15\server\odoo\http.py", line 658, in _handle_exception
    return super(JsonRequest, self)._handle_exception(exception)
           ^^^^^^^^^^^^^^^^^^^^^^^^^^^^^^^^^^^^^^^^^^^^^^^^^^^^^
  File "C:\Odoo15\server\odoo\http.py", line 301, in _handle_exception
    raise exception.with_traceback(None) from new_cause
ValueError: Invalid field project.task.user_id in leaf ('user_id', '=', 8)
2026-03-11 14:08:30,435 19320 INFO odoo15 werkzeug: 127.0.0.1 - - [11/Mar/2026 14:08:30] "POST /web/dataset/call_kw/mail.channel/init_odoobot HTTP/1.1" 200 - 22 0.016 0.021
2026-03-11 14:08:30,525 19320 INFO odoo15 werkzeug: 127.0.0.1 - - [11/Mar/2026 14:08:30] "GET /web/image?model=res.users&field=avatar_128&id=8 HTTP/1.1" 200 - 11 0.006 0.004
2026-03-11 14:08:58,285 19320 INFO odoo15 werkzeug: 127.0.0.1 - - [11/Mar/2026 14:08:58] "POST /web/action/load HTTP/1.1" 200 - 59 0.053 0.038
2026-03-11 14:08:58,670 19320 INFO odoo15 werkzeug: 127.0.0.1 - - [11/Mar/2026 14:08:58] "POST /web/dataset/call_kw/project.project/load_views HTTP/1.1" 200 - 52 0.036 0.033
2026-03-11 14:08:59,004 19320 ERROR odoo15 odoo.http: Exception during JSON request handling. 
Traceback (most recent call last):
  File "C:\Odoo15\server\odoo\addons\base\models\ir_http.py", line 242, in _dispatch
    result = request.dispatch()
             ^^^^^^^^^^^^^^^^^^
  File "C:\Odoo15\server\odoo\http.py", line 702, in dispatch
    result = self._call_function(**self.params)
             ^^^^^^^^^^^^^^^^^^^^^^^^^^^^^^^^^^
  File "C:\Odoo15\server\odoo\http.py", line 368, in _call_function
    return checked_call(self.db, *args, **kwargs)
           ^^^^^^^^^^^^^^^^^^^^^^^^^^^^^^^^^^^^^^
  File "C:\Odoo15\server\odoo\service\model.py", line 94, in wrapper
    return f(dbname, *args, **kwargs)
           ^^^^^^^^^^^^^^^^^^^^^^^^^^
  File "C:\Odoo15\server\odoo\http.py", line 357, in checked_call
    result = self.endpoint(*a, **kw)
             ^^^^^^^^^^^^^^^^^^^^^^^
  File "C:\Odoo15\server\odoo\http.py", line 925, in __call__
    return self.method(*args, **kw)
           ^^^^^^^^^^^^^^^^^^^^^^^^
  File "C:\Odoo15\server\odoo\http.py", line 546, in response_wrap
    response = f(*args, **kw)
               ^^^^^^^^^^^^^^
  File "C:\Odoo15\server\odoo\addons\web\controllers\main.py", line 1282, in search_read
    return self.do_search_read(model, fields, offset, limit, domain, sort)
           ^^^^^^^^^^^^^^^^^^^^^^^^^^^^^^^^^^^^^^^^^^^^^^^^^^^^^^^^^^^^^^^
  File "C:\Odoo15\server\odoo\addons\web\controllers\main.py", line 1301, in do_search_read
    return Model.web_search_read(domain, fields, offset=offset, limit=limit, order=sort)
           ^^^^^^^^^^^^^^^^^^^^^^^^^^^^^^^^^^^^^^^^^^^^^^^^^^^^^^^^^^^^^^^^^^^^^^^^^^^^^
  File "C:\Odoo15\server\odoo\addons\web\models\models.py", line 62, in web_search_read
    records = self.search_read(domain, fields, offset=offset, limit=limit, order=order)
              ^^^^^^^^^^^^^^^^^^^^^^^^^^^^^^^^^^^^^^^^^^^^^^^^^^^^^^^^^^^^^^^^^^^^^^^^^
  File "C:\Odoo15\server\odoo\models.py", line 5074, in search_read
    records = self.search(domain or [], offset=offset, limit=limit, order=order)
              ^^^^^^^^^^^^^^^^^^^^^^^^^^^^^^^^^^^^^^^^^^^^^^^^^^^^^^^^^^^^^^^^^^
  File "C:\Odoo15\server\odoo\models.py", line 1821, in search
    res = self._search(args, offset=offset, limit=limit, order=order, count=count)
          ^^^^^^^^^^^^^^^^^^^^^^^^^^^^^^^^^^^^^^^^^^^^^^^^^^^^^^^^^^^^^^^^^^^^^^^^
  File "c:\odoo15\custom_addons\project_access_restriction\models\project_project.py", line 21, in _search
    tasks = self.env['project.task'].sudo().search([
            ^^^^^^^^^^^^^^^^^^^^^^^^^^^^^^^^^^^^^^^^
  File "C:\Odoo15\server\odoo\models.py", line 1821, in search
    res = self._search(args, offset=offset, limit=limit, order=order, count=count)
          ^^^^^^^^^^^^^^^^^^^^^^^^^^^^^^^^^^^^^^^^^^^^^^^^^^^^^^^^^^^^^^^^^^^^^^^^
  File "C:\Odoo15\server\odoo\addons\project\models\project.py", line 1682, in _search
    return super(Task, self)._search(args, offset=offset, limit=limit, order=order, count=count, access_rights_uid=access_rights_uid)
           ^^^^^^^^^^^^^^^^^^^^^^^^^^^^^^^^^^^^^^^^^^^^^^^^^^^^^^^^^^^^^^^^^^^^^^^^^^^^^^^^^^^^^^^^^^^^^^^^^^^^^^^^^^^^^^^^^^^^^^^^^^
  File "C:\Odoo15\server\odoo\models.py", line 4739, in _search
    query = self._where_calc(args)
            ^^^^^^^^^^^^^^^^^^^^^^
  File "C:\Odoo15\server\odoo\models.py", line 4492, in _where_calc
    return expression.expression(domain, self).query
           ^^^^^^^^^^^^^^^^^^^^^^^^^^^^^^^^^^^
  File "C:\Odoo15\server\odoo\osv\expression.py", line 442, in __init__
    self.parse()
  File "C:\Odoo15\server\odoo\osv\expression.py", line 656, in parse
    raise ValueError("Invalid field %s.%s in leaf %s" % (model._name, path[0], str(leaf)))
Exception

The above exception was the direct cause of the following exception:

Traceback (most recent call last):
  File "C:\Odoo15\server\odoo\http.py", line 658, in _handle_exception
    return super(JsonRequest, self)._handle_exception(exception)
           ^^^^^^^^^^^^^^^^^^^^^^^^^^^^^^^^^^^^^^^^^^^^^^^^^^^^^
  File "C:\Odoo15\server\odoo\http.py", line 301, in _handle_exception
    raise exception.with_traceback(None) from new_cause
ValueError: Invalid field project.task.user_id in leaf ('user_id', '=', 8)
2026-03-11 14:08:59,010 19320 INFO odoo15 werkzeug: 127.0.0.1 - - [11/Mar/2026 14:08:59] "POST /web/dataset/search_read HTTP/1.1" 200 - 1 0.000 0.008
2026-03-11 14:09:20,221 19320 INFO odoo15 werkzeug: 127.0.0.1 - - [11/Mar/2026 14:09:20] "POST /longpolling/poll HTTP/1.1" 200 - 13 0.010 50.027
2026-03-11 14:09:20,778 19320 INFO odoo15 werkzeug: 127.0.0.1 - - [11/Mar/2026 14:09:20] "POST /longpolling/im_status HTTP/1.1" 200 - 4 0.002 0.018
2026-03-11 14:10:10,575 19320 INFO odoo15 werkzeug: 127.0.0.1 - - [11/Mar/2026 14:10:10] "POST /longpolling/poll HTTP/1.1" 200 - 11 0.018 50.016
2026-03-11 14:10:11,770 19320 INFO odoo15 werkzeug: 127.0.0.1 - - [11/Mar/2026 14:10:11] "POST /longpolling/im_status HTTP/1.1" 200 - 4 0.003 0.008
2026-03-11 14:11:00,601 19320 INFO odoo15 werkzeug: 127.0.0.1 - - [11/Mar/2026 14:11:00] "POST /longpolling/poll HTTP/1.1" 200 - 9 0.007 50.009
2026-03-11 14:11:02,466 19320 INFO odoo15 werkzeug: 127.0.0.1 - - [11/Mar/2026 14:11:02] "POST /longpolling/im_status HTTP/1.1" 200 - 4 0.010 0.008
2026-03-11 14:11:50,947 19320 INFO odoo15 werkzeug: 127.0.0.1 - - [11/Mar/2026 14:11:50] "POST /longpolling/poll HTTP/1.1" 200 - 9 0.014 50.014
2026-03-11 14:11:53,473 19320 INFO odoo15 werkzeug: 127.0.0.1 - - [11/Mar/2026 14:11:53] "POST /longpolling/im_status HTTP/1.1" 200 - 4 0.000 0.016
2026-03-11 14:12:41,325 19320 INFO odoo15 werkzeug: 127.0.0.1 - - [11/Mar/2026 14:12:41] "POST /longpolling/poll HTTP/1.1" 200 - 9 0.022 50.025
2026-03-11 14:12:44,457 19320 INFO odoo15 werkzeug: 127.0.0.1 - - [11/Mar/2026 14:12:44] "POST /longpolling/im_status HTTP/1.1" 200 - 4 0.000 0.009
2026-03-11 14:13:31,652 19320 INFO odoo15 werkzeug: 127.0.0.1 - - [11/Mar/2026 14:13:31] "POST /longpolling/poll HTTP/1.1" 200 - 9 0.000 50.014
2026-03-11 14:13:35,477 19320 INFO odoo15 werkzeug: 127.0.0.1 - - [11/Mar/2026 14:13:35] "POST /longpolling/im_status HTTP/1.1" 200 - 4 0.000 0.015
2026-03-11 14:14:18,786 19320 INFO ? odoo.service.server: Initiating shutdown 
2026-03-11 14:14:18,786 19320 INFO ? odoo.service.server: Hit CTRL-C again or send a second signal to force the shutdown. 
2026-03-11 14:14:18,795 19320 INFO ? odoo.sql_db: ConnectionPool(used=0/count=0/max=64): Closed 9 connections  
2026-03-11 14:14:18,859 19320 INFO odoo15 werkzeug: 127.0.0.1 - - [11/Mar/2026 14:14:18] "POST /longpolling/poll HTTP/1.1" 200 - 9 0.005 46.890
2026-03-11 14:14:26,371 17656 INFO ? odoo: Odoo version 15.0-20250101 
2026-03-11 14:14:26,371 17656 INFO ? odoo: Using configuration file at C:\Odoo15\server\odoo.conf 
2026-03-11 14:14:26,371 17656 INFO ? odoo: addons paths: ['C:\\Odoo15\\server\\odoo\\addons', 'c:\\users\\pc\\appdata\\local\\openerp s.a\\odoo\\addons\\15.0', 'c:\\odoo15\\server\\odoo\\addons', 'c:\\odoo15\\custom_addons'] 
2026-03-11 14:14:26,371 17656 INFO ? odoo: database: odoo15@localhost:5432 
2026-03-11 14:14:26,512 17656 INFO ? odoo.addons.base.models.ir_actions_report: Will use the Wkhtmltopdf binary at C:\Odoo15\thirdparty\wkhtmltopdf.exe 
2026-03-11 14:14:26,701 17656 INFO ? odoo.service.server: HTTP service (werkzeug) running on Busayomi.promethean.io:8070 
2026-03-11 14:14:26,917 17656 INFO ? odoo.http: HTTP Configuring static files 
2026-03-11 14:14:27,016 17656 INFO odoo15 odoo.modules.loading: loading 1 modules... 
2026-03-11 14:14:27,019 17656 INFO odoo15 odoo.modules.loading: 1 modules loaded in 0.00s, 0 queries (+0 extra) 
2026-03-11 14:14:27,032 17656 WARNING odoo15 odoo.modules.module: Missing `license` key in manifest for 'project_access_restriction', defaulting to LGPL-3 
2026-03-11 14:14:27,040 17656 INFO odoo15 odoo.modules.loading: loading 32 modules... 
2026-03-11 14:14:27,335 17656 WARNING odoo15 odoo.modules.module: Missing `license` key in manifest for 'project_access_restriction', defaulting to LGPL-3 
2026-03-11 14:14:27,335 17656 INFO odoo15 odoo.modules.loading: 32 modules loaded in 0.29s, 0 queries (+0 extra) 
2026-03-11 14:14:27,385 17656 INFO odoo15 odoo.modules.loading: Modules loaded. 
2026-03-11 14:14:27,385 17656 INFO odoo15 odoo.modules.registry: Registry loaded in 0.435s 
2026-03-11 14:14:27,385 17656 INFO odoo15 odoo.addons.base.models.ir_http: Generating routing map for key None 
2026-03-11 14:14:27,600 17656 INFO odoo15 werkzeug: 127.0.0.1 - - [11/Mar/2026 14:14:27] "POST /longpolling/im_status HTTP/1.1" 200 - 33 0.048 0.601
2026-03-11 14:14:34,370 17656 INFO ? odoo.addons.bus.models.bus: Bus.loop listen imbus on db postgres 
2026-03-11 14:14:38,377 17656 INFO odoo15 werkzeug: 127.0.0.1 - - [11/Mar/2026 14:14:38] "GET /web HTTP/1.1" 200 - 291 0.147 0.594
2026-03-11 14:14:38,720 17656 INFO odoo15 werkzeug: 127.0.0.1 - - [11/Mar/2026 14:14:38] "GET /web/webclient/load_menus/1024dca71634378b732afbdfd925ed3eb6dcfadcba632b3ab359d6324afaf5c5 HTTP/1.1" 200 - 1 0.001 0.004
2026-03-11 14:14:38,855 17656 INFO odoo15 werkzeug: 127.0.0.1 - - [11/Mar/2026 14:14:38] "POST /web/action/load HTTP/1.1" 200 - 8 0.006 0.005
2026-03-11 14:14:38,932 17656 INFO odoo15 werkzeug: 127.0.0.1 - - [11/Mar/2026 14:14:38] "POST /mail/init_messaging HTTP/1.1" 200 - 69 0.053 0.020
2026-03-11 14:14:38,970 17656 INFO odoo15 werkzeug: 127.0.0.1 - - [11/Mar/2026 14:14:38] "POST /web/dataset/call_kw/res.users/systray_get_activities HTTP/1.1" 200 - 2 0.003 0.003
2026-03-11 14:14:39,438 17656 INFO odoo15 werkzeug: 127.0.0.1 - - [11/Mar/2026 14:14:39] "POST /mail/load_message_failures HTTP/1.1" 200 - 3 0.000 0.177
2026-03-11 14:14:39,445 17656 INFO odoo15 werkzeug: 127.0.0.1 - - [11/Mar/2026 14:14:39] "POST /longpolling/im_status HTTP/1.1" 200 - 4 0.021 0.334
2026-03-11 14:14:39,461 17656 INFO odoo15 werkzeug: 127.0.0.1 - - [11/Mar/2026 14:14:39] "GET /web/image/res.company/1/favicon HTTP/1.1" 200 - 10 0.025 0.350
2026-03-11 14:14:39,464 17656 INFO odoo15 werkzeug: 127.0.0.1 - - [11/Mar/2026 14:14:39] "POST /mail/inbox/messages HTTP/1.1" 200 - 9 0.027 0.158
2026-03-11 14:14:39,626 17656 INFO odoo15 werkzeug: 127.0.0.1 - - [11/Mar/2026 14:14:39] "POST /longpolling/poll HTTP/1.1" 200 - 13 0.023 0.521
2026-03-11 14:14:39,626 17656 INFO odoo15 werkzeug: 127.0.0.1 - - [11/Mar/2026 14:14:39] "POST /longpolling/poll HTTP/1.1" 200 - 17 0.033 5.283
2026-03-11 14:14:39,674 17656 INFO odoo15 werkzeug: 127.0.0.1 - - [11/Mar/2026 14:14:39] "POST /web/dataset/call_kw/mail.channel/init_odoobot HTTP/1.1" 200 - 64 0.102 0.309
2026-03-11 14:14:39,975 17656 INFO odoo15 werkzeug: 127.0.0.1 - - [11/Mar/2026 14:14:39] "GET /web/image/res.partner/2/avatar_128 HTTP/1.1" 200 - 13 0.015 0.007
2026-03-11 14:14:39,990 17656 INFO odoo15 werkzeug: 127.0.0.1 - - [11/Mar/2026 14:14:39] "[36mGET /web/image?model=res.users&field=avatar_128&id=8 HTTP/1.1[0m" 304 - 11 0.030 0.007
2026-03-11 14:14:44,473 17656 INFO odoo15 werkzeug: 127.0.0.1 - - [11/Mar/2026 14:14:44] "POST /web/action/load HTTP/1.1" 200 - 58 0.060 0.019
2026-03-11 14:14:44,905 17656 INFO odoo15 werkzeug: 127.0.0.1 - - [11/Mar/2026 14:14:44] "POST /web/dataset/call_kw/project.project/load_views HTTP/1.1" 200 - 52 0.087 0.031
2026-03-11 14:14:45,377 17656 INFO odoo15 werkzeug: 127.0.0.1 - - [11/Mar/2026 14:14:45] "POST /web/dataset/search_read HTTP/1.1" 200 - 41 0.111 0.031
2026-03-11 14:14:45,693 17656 INFO odoo15 werkzeug: 127.0.0.1 - - [11/Mar/2026 14:14:45] "POST /web/dataset/call_kw/project.tags/read HTTP/1.1" 200 - 4 0.002 0.003
2026-03-11 14:14:46,054 17656 INFO odoo15 werkzeug: 127.0.0.1 - - [11/Mar/2026 14:14:46] "GET /web/image/res.users/6/avatar_128 HTTP/1.1" 200 - 6 0.014 0.007
2026-03-11 14:14:48,062 17656 INFO odoo15 werkzeug: 127.0.0.1 - - [11/Mar/2026 14:14:48] "POST /web/dataset/call_button HTTP/1.1" 200 - 63 0.059 0.018
2026-03-11 14:14:48,522 17656 INFO odoo15 werkzeug: 127.0.0.1 - - [11/Mar/2026 14:14:48] "POST /web/dataset/call_kw/project.task/load_views HTTP/1.1" 200 - 59 0.054 0.092
2026-03-11 14:14:48,862 17656 INFO odoo15 werkzeug: 127.0.0.1 - - [11/Mar/2026 14:14:48] "POST /web/dataset/call_kw/project.task/read_progress_bar HTTP/1.1" 200 - 7 0.005 0.007
2026-03-11 14:14:48,865 17656 INFO odoo15 werkzeug: 127.0.0.1 - - [11/Mar/2026 14:14:48] "POST /web/dataset/call_kw/project.task/web_read_group HTTP/1.1" 200 - 8 0.011 0.004
2026-03-11 14:14:49,307 17656 INFO odoo15 werkzeug: 127.0.0.1 - - [11/Mar/2026 14:14:49] "POST /web/dataset/search_read HTTP/1.1" 200 - 64 0.090 0.040
2026-03-11 14:14:49,309 17656 INFO odoo15 werkzeug: 127.0.0.1 - - [11/Mar/2026 14:14:49] "POST /web/dataset/search_read HTTP/1.1" 200 - 62 0.096 0.038
2026-03-11 14:14:49,649 17656 INFO odoo15 werkzeug: 127.0.0.1 - - [11/Mar/2026 14:14:49] "POST /web/dataset/call_kw/project.tags/read HTTP/1.1" 200 - 2 0.005 0.016
2026-03-11 14:14:49,663 17656 INFO odoo15 werkzeug: 127.0.0.1 - - [11/Mar/2026 14:14:49] "POST /web/dataset/call_kw/res.users/read HTTP/1.1" 200 - 4 0.021 0.019
2026-03-11 14:14:49,988 17656 INFO odoo15 werkzeug: 127.0.0.1 - - [11/Mar/2026 14:14:49] "POST /web/dataset/call_kw/project.task.type/read HTTP/1.1" 200 - 2 0.004 0.009
2026-03-11 14:14:50,299 17656 INFO odoo15 werkzeug: 127.0.0.1 - - [11/Mar/2026 14:14:50] "POST /web/dataset/call_button HTTP/1.1" 200 - 14 0.020 0.039
2026-03-11 14:14:50,314 17656 INFO odoo15 werkzeug: 127.0.0.1 - - [11/Mar/2026 14:14:50] "POST /web/dataset/call_kw/res.users/has_group HTTP/1.1" 200 - 1 0.000 0.006
2026-03-11 14:14:50,314 17656 INFO odoo15 werkzeug: 127.0.0.1 - - [11/Mar/2026 14:14:50] "POST /web/dataset/call_kw/project.project/get_last_update_or_default HTTP/1.1" 200 - 2 0.001 0.005
2026-03-11 14:14:50,688 17656 INFO odoo15 werkzeug: 127.0.0.1 - - [11/Mar/2026 14:14:50] "POST /web/dataset/call_kw/project.task/web_read_group HTTP/1.1" 200 - 8 0.045 0.020
2026-03-11 14:14:50,688 17656 INFO odoo15 werkzeug: 127.0.0.1 - - [11/Mar/2026 14:14:50] "POST /web/dataset/call_kw/project.task/read_progress_bar HTTP/1.1" 200 - 7 0.044 0.019
2026-03-11 14:14:51,118 17656 INFO odoo15 werkzeug: 127.0.0.1 - - [11/Mar/2026 14:14:51] "POST /web/dataset/search_read HTTP/1.1" 200 - 61 0.063 0.050
2026-03-11 14:14:51,126 17656 INFO odoo15 werkzeug: 127.0.0.1 - - [11/Mar/2026 14:14:51] "POST /web/dataset/search_read HTTP/1.1" 200 - 61 0.073 0.046
2026-03-11 14:14:51,462 17656 INFO odoo15 werkzeug: 127.0.0.1 - - [11/Mar/2026 14:14:51] "POST /web/dataset/call_kw/project.tags/read HTTP/1.1" 200 - 2 0.002 0.017
2026-03-11 14:14:51,467 17656 INFO odoo15 werkzeug: 127.0.0.1 - - [11/Mar/2026 14:14:51] "POST /web/dataset/call_kw/res.users/read HTTP/1.1" 200 - 4 0.008 0.019
2026-03-11 14:14:51,646 17656 INFO odoo15 werkzeug: 127.0.0.1 - - [11/Mar/2026 14:14:51] "POST /web/dataset/call_button HTTP/1.1" 200 - 14 0.008 0.007
2026-03-11 14:14:51,802 17656 INFO odoo15 werkzeug: 127.0.0.1 - - [11/Mar/2026 14:14:51] "POST /web/dataset/call_kw/project.task.type/read HTTP/1.1" 200 - 2 0.004 0.010
2026-03-11 14:14:51,995 17656 INFO odoo15 werkzeug: 127.0.0.1 - - [11/Mar/2026 14:14:51] "POST /web/dataset/call_kw/project.task/read_progress_bar HTTP/1.1" 200 - 7 0.012 0.018
2026-03-11 14:14:51,998 17656 INFO odoo15 werkzeug: 127.0.0.1 - - [11/Mar/2026 14:14:51] "POST /web/dataset/call_kw/project.task/web_read_group HTTP/1.1" 200 - 8 0.020 0.015
2026-03-11 14:14:52,439 17656 INFO odoo15 werkzeug: 127.0.0.1 - - [11/Mar/2026 14:14:52] "POST /web/dataset/search_read HTTP/1.1" 200 - 61 0.063 0.051
2026-03-11 14:14:52,439 17656 INFO odoo15 werkzeug: 127.0.0.1 - - [11/Mar/2026 14:14:52] "POST /web/dataset/search_read HTTP/1.1" 200 - 61 0.065 0.052
2026-03-11 14:14:52,769 17656 INFO odoo15 werkzeug: 127.0.0.1 - - [11/Mar/2026 14:14:52] "POST /web/dataset/call_kw/project.tags/read HTTP/1.1" 200 - 2 0.003 0.008
2026-03-11 14:14:52,771 17656 INFO odoo15 werkzeug: 127.0.0.1 - - [11/Mar/2026 14:14:52] "POST /web/dataset/call_kw/res.users/read HTTP/1.1" 200 - 4 0.005 0.009
2026-03-11 14:14:52,890 17656 INFO odoo15 werkzeug: 127.0.0.1 - - [11/Mar/2026 14:14:52] "POST /web/dataset/call_button HTTP/1.1" 200 - 14 0.020 0.020
2026-03-11 14:14:53,099 17656 INFO odoo15 werkzeug: 127.0.0.1 - - [11/Mar/2026 14:14:53] "POST /web/dataset/call_kw/project.task.type/read HTTP/1.1" 200 - 2 0.004 0.008
2026-03-11 14:14:53,262 17656 INFO odoo15 werkzeug: 127.0.0.1 - - [11/Mar/2026 14:14:53] "POST /web/dataset/call_kw/project.task/read_progress_bar HTTP/1.1" 200 - 7 0.019 0.017
2026-03-11 14:14:53,268 17656 INFO odoo15 werkzeug: 127.0.0.1 - - [11/Mar/2026 14:14:53] "POST /web/dataset/call_kw/project.task/web_read_group HTTP/1.1" 200 - 8 0.023 0.024
2026-03-11 14:14:53,699 17656 INFO odoo15 werkzeug: 127.0.0.1 - - [11/Mar/2026 14:14:53] "POST /web/dataset/search_read HTTP/1.1" 200 - 61 0.071 0.037
2026-03-11 14:14:53,699 17656 INFO odoo15 werkzeug: 127.0.0.1 - - [11/Mar/2026 14:14:53] "POST /web/dataset/search_read HTTP/1.1" 200 - 61 0.077 0.035
2026-03-11 14:14:53,730 17656 INFO odoo15 werkzeug: 127.0.0.1 - - [11/Mar/2026 14:14:53] "POST /web/dataset/call_button HTTP/1.1" 200 - 14 0.006 0.009
2026-03-11 14:14:54,013 17656 INFO odoo15 werkzeug: 127.0.0.1 - - [11/Mar/2026 14:14:54] "POST /web/dataset/call_kw/project.tags/read HTTP/1.1" 200 - 2 0.001 0.004
2026-03-11 14:14:54,016 17656 INFO odoo15 werkzeug: 127.0.0.1 - - [11/Mar/2026 14:14:54] "POST /web/dataset/call_kw/res.users/read HTTP/1.1" 200 - 4 0.001 0.006
2026-03-11 14:14:54,061 17656 INFO odoo15 werkzeug: 127.0.0.1 - - [11/Mar/2026 14:14:54] "POST /web/dataset/call_kw/project.task/read_progress_bar HTTP/1.1" 200 - 7 0.003 0.008
2026-03-11 14:14:54,061 17656 INFO odoo15 werkzeug: 127.0.0.1 - - [11/Mar/2026 14:14:54] "POST /web/dataset/call_kw/project.task/web_read_group HTTP/1.1" 200 - 8 0.008 0.004
2026-03-11 14:14:54,343 17656 INFO odoo15 werkzeug: 127.0.0.1 - - [11/Mar/2026 14:14:54] "POST /web/dataset/call_kw/project.task.type/read HTTP/1.1" 200 - 2 0.005 0.010
2026-03-11 14:14:54,454 17656 INFO odoo15 werkzeug: 127.0.0.1 - - [11/Mar/2026 14:14:54] "POST /web/dataset/search_read HTTP/1.1" 200 - 61 0.044 0.031
2026-03-11 14:14:54,454 17656 INFO odoo15 werkzeug: 127.0.0.1 - - [11/Mar/2026 14:14:54] "POST /web/dataset/search_read HTTP/1.1" 200 - 61 0.042 0.033
2026-03-11 14:14:54,788 17656 INFO odoo15 werkzeug: 127.0.0.1 - - [11/Mar/2026 14:14:54] "POST /web/dataset/call_kw/project.tags/read HTTP/1.1" 200 - 2 0.002 0.013
2026-03-11 14:14:54,798 17656 INFO odoo15 werkzeug: 127.0.0.1 - - [11/Mar/2026 14:14:54] "POST /web/dataset/call_kw/res.users/read HTTP/1.1" 200 - 4 0.008 0.019
2026-03-11 14:14:55,150 17656 INFO odoo15 werkzeug: 127.0.0.1 - - [11/Mar/2026 14:14:55] "POST /web/dataset/call_kw/project.task.type/read HTTP/1.1" 200 - 2 0.005 0.010
2026-03-11 14:14:55,362 17656 INFO odoo15 werkzeug: 127.0.0.1 - - [11/Mar/2026 14:14:55] "POST /web/dataset/call_button HTTP/1.1" 200 - 14 0.019 0.010
2026-03-11 14:14:55,473 17656 INFO odoo15 werkzeug: 127.0.0.1 - - [11/Mar/2026 14:14:55] "POST /web/dataset/call_kw/project.project/get_last_update_or_default HTTP/1.1" 200 - 2 0.000 0.003
2026-03-11 14:14:55,544 17656 INFO odoo15 werkzeug: 127.0.0.1 - - [11/Mar/2026 14:14:55] "POST /web/dataset/call_kw/project.task/read_progress_bar HTTP/1.1" 200 - 7 0.007 0.013
2026-03-11 14:14:55,544 17656 INFO odoo15 werkzeug: 127.0.0.1 - - [11/Mar/2026 14:14:55] "POST /web/dataset/call_kw/project.task/web_read_group HTTP/1.1" 200 - 8 0.011 0.010
2026-03-11 14:14:55,778 17656 INFO odoo15 werkzeug: 127.0.0.1 - - [11/Mar/2026 14:14:55] "POST /web/dataset/search_read HTTP/1.1" 200 - 61 0.059 0.037
2026-03-11 14:14:55,778 17656 INFO odoo15 werkzeug: 127.0.0.1 - - [11/Mar/2026 14:14:55] "POST /web/dataset/search_read HTTP/1.1" 200 - 61 0.052 0.043
2026-03-11 14:14:55,877 17656 INFO odoo15 werkzeug: 127.0.0.1 - - [11/Mar/2026 14:14:55] "POST /web/dataset/call_kw/project.tags/read HTTP/1.1" 200 - 2 0.002 0.012
2026-03-11 14:14:55,885 17656 INFO odoo15 werkzeug: 127.0.0.1 - - [11/Mar/2026 14:14:55] "POST /web/dataset/call_kw/res.users/read HTTP/1.1" 200 - 4 0.007 0.017
2026-03-11 14:14:56,124 17656 INFO odoo15 werkzeug: 127.0.0.1 - - [11/Mar/2026 14:14:56] "POST /web/dataset/call_kw/project.task.type/read HTTP/1.1" 200 - 2 0.006 0.015
2026-03-11 14:14:56,144 17656 INFO odoo15 werkzeug: 127.0.0.1 - - [11/Mar/2026 14:14:56] "GET /web/image/res.users/8/avatar_128 HTTP/1.1" 200 - 5 0.019 0.020
2026-03-11 14:14:56,206 17656 INFO odoo15 werkzeug: 127.0.0.1 - - [11/Mar/2026 14:14:56] "POST /web/dataset/call_kw/project.project/get_last_update_or_default HTTP/1.1" 200 - 2 0.002 0.002
2026-03-11 14:14:56,462 17656 INFO odoo15 werkzeug: 127.0.0.1 - - [11/Mar/2026 14:14:56] "POST /web/dataset/call_kw/res.users/has_group HTTP/1.1" 200 - 2 0.004 0.010
2026-03-11 14:14:56,535 17656 INFO odoo15 werkzeug: 127.0.0.1 - - [11/Mar/2026 14:14:56] "GET /web/image/res.users/2/avatar_128 HTTP/1.1" 200 - 6 0.006 0.013
2026-03-11 14:15:02,638 17656 INFO odoo15 werkzeug: 127.0.0.1 - - [11/Mar/2026 14:15:02] "POST /web/dataset/call_kw/mail.followers/load_views HTTP/1.1" 200 - 16 0.021 0.009
2026-03-11 14:15:02,643 17656 INFO odoo15 werkzeug: 127.0.0.1 - - [11/Mar/2026 14:15:02] "POST /web/dataset/call_kw/mail.message/load_views HTTP/1.1" 200 - 16 0.015 0.018
2026-03-11 14:15:02,656 17656 INFO odoo15 werkzeug: 127.0.0.1 - - [11/Mar/2026 14:15:02] "POST /web/dataset/call_kw/mail.activity/load_views HTTP/1.1" 200 - 29 0.030 0.017
2026-03-11 14:15:03,056 17656 INFO odoo15 werkzeug: 127.0.0.1 - - [11/Mar/2026 14:15:03] "POST /web/dataset/call_kw/project.task/read HTTP/1.1" 200 - 62 0.054 0.036
2026-03-11 14:15:03,407 17656 INFO odoo15 werkzeug: 127.0.0.1 - - [11/Mar/2026 14:15:03] "POST /web/dataset/call_kw/mail.followers/read HTTP/1.1" 200 - 3 0.006 0.022
2026-03-11 14:15:03,417 17656 INFO odoo15 werkzeug: 127.0.0.1 - - [11/Mar/2026 14:15:03] "POST /web/dataset/call_kw/mail.message/read HTTP/1.1" 200 - 10 0.021 0.020
2026-03-11 14:15:03,421 17656 INFO odoo15 werkzeug: 127.0.0.1 - - [11/Mar/2026 14:15:03] "POST /web/dataset/call_kw/project.task/read HTTP/1.1" 200 - 13 0.028 0.020
2026-03-11 14:15:03,747 17656 INFO odoo15 werkzeug: 127.0.0.1 - - [11/Mar/2026 14:15:03] "POST /web/dataset/call_kw/project.task.type/search_read HTTP/1.1" 200 - 3 0.002 0.008
2026-03-11 14:15:04,082 17656 INFO odoo15 werkzeug: 127.0.0.1 - - [11/Mar/2026 14:15:04] "POST /web/dataset/call_kw/project.task.type/name_get HTTP/1.1" 200 - 2 0.003 0.009
2026-03-11 14:15:04,091 17656 INFO odoo15 werkzeug: 127.0.0.1 - - [11/Mar/2026 14:15:04] "POST /web/dataset/call_kw/project.task/read HTTP/1.1" 200 - 45 0.060 0.043
2026-03-11 14:15:04,404 17656 INFO odoo15 werkzeug: 127.0.0.1 - - [11/Mar/2026 14:15:04] "POST /web/dataset/call_kw/mail.followers/read HTTP/1.1" 200 - 3 0.001 0.004
2026-03-11 14:15:04,410 17656 INFO odoo15 werkzeug: 127.0.0.1 - - [11/Mar/2026 14:15:04] "POST /web/dataset/call_kw/mail.message/read HTTP/1.1" 200 - 10 0.004 0.007
2026-03-11 14:15:04,738 17656 INFO odoo15 werkzeug: 127.0.0.1 - - [11/Mar/2026 14:15:04] "POST /web/dataset/call_kw/project.task.type/search_read HTTP/1.1" 200 - 3 0.005 0.010
2026-03-11 14:15:05,070 17656 INFO odoo15 werkzeug: 127.0.0.1 - - [11/Mar/2026 14:15:05] "POST /web/dataset/call_kw/project.task.type/name_get HTTP/1.1" 200 - 2 0.007 0.012
2026-03-11 14:15:05,400 17656 INFO ? werkzeug: 127.0.0.1 - - [11/Mar/2026 14:15:05] "GET /web/static/src/legacy/xml/ribbon.xml?debug=1773238505093 HTTP/1.1" 200 - - - -
2026-03-11 14:15:05,424 17656 INFO ? werkzeug: 127.0.0.1 - - [11/Mar/2026 14:15:05] "[36mGET /partner_autocomplete/static/lib/jsvat.js HTTP/1.1[0m" 304 - - - -
2026-03-11 14:15:05,798 17656 INFO odoo15 werkzeug: 127.0.0.1 - - [11/Mar/2026 14:15:05] "POST /web/dataset/call_kw/project.task/read HTTP/1.1" 200 - 12 0.024 0.036
2026-03-11 14:15:05,802 17656 INFO odoo15 werkzeug: 127.0.0.1 - - [11/Mar/2026 14:15:05] "POST /mail/get_suggested_recipients HTTP/1.1" 200 - 18 0.045 0.020
2026-03-11 14:15:05,802 17656 INFO odoo15 werkzeug: 127.0.0.1 - - [11/Mar/2026 14:15:05] "POST /mail/thread/data HTTP/1.1" 200 - 15 0.026 0.039
2026-03-11 14:15:05,813 17656 INFO odoo15 werkzeug: 127.0.0.1 - - [11/Mar/2026 14:15:05] "POST /mail/read_followers HTTP/1.1" 200 - 23 0.027 0.049
2026-03-11 14:15:05,819 17656 INFO odoo15 werkzeug: 127.0.0.1 - - [11/Mar/2026 14:15:05] "POST /mail/thread/messages HTTP/1.1" 200 - 43 0.055 0.027
2026-03-11 14:15:06,140 17656 INFO odoo15 werkzeug: 127.0.0.1 - - [11/Mar/2026 14:15:06] "POST /mail/thread/data HTTP/1.1" 200 - 7 0.014 0.008
2026-03-11 14:15:06,140 17656 INFO odoo15 werkzeug: 127.0.0.1 - - [11/Mar/2026 14:15:06] "POST /mail/get_suggested_recipients HTTP/1.1" 200 - 11 0.017 0.006
2026-03-11 14:15:06,141 17656 INFO odoo15 werkzeug: 127.0.0.1 - - [11/Mar/2026 14:15:06] "POST /web/dataset/call_kw/project.task/read HTTP/1.1" 200 - 12 0.013 0.015
2026-03-11 14:15:06,141 17656 INFO ? werkzeug: 127.0.0.1 - - [11/Mar/2026 14:15:06] "[36mGET /web/static/img/form_sheetbg.png HTTP/1.1[0m" 304 - - - -
2026-03-11 14:15:06,143 17656 INFO odoo15 werkzeug: 127.0.0.1 - - [11/Mar/2026 14:15:06] "POST /mail/read_followers HTTP/1.1" 200 - 17 0.015 0.015
2026-03-11 14:15:06,461 17656 INFO odoo15 werkzeug: 127.0.0.1 - - [11/Mar/2026 14:15:06] "POST /web/dataset/call_kw/mail.activity/activity_format HTTP/1.1" 200 - 1 0.000 0.007
2026-03-11 14:15:06,502 17656 INFO odoo15 werkzeug: 127.0.0.1 - - [11/Mar/2026 14:15:06] "POST /web/dataset/call_kw/mail.activity/activity_format HTTP/1.1" 200 - 1 0.000 0.051
2026-03-11 14:15:06,512 17656 INFO odoo15 werkzeug: 127.0.0.1 - - [11/Mar/2026 14:15:06] "POST /web/dataset/call_kw/mail.message/mark_all_as_read HTTP/1.1" 200 - 10 0.049 0.011
2026-03-11 14:15:06,516 17656 INFO odoo15 werkzeug: 127.0.0.1 - - [11/Mar/2026 14:15:06] "GET /web/image/res.partner/2/avatar_128 HTTP/1.1" 200 - 7 0.005 0.055
2026-03-11 14:15:11,843 17656 INFO odoo15 werkzeug: 127.0.0.1 - - [11/Mar/2026 14:15:11] "POST /web/action/load HTTP/1.1" 200 - 15 0.031 0.022
2026-03-11 14:15:12,330 17656 INFO odoo15 werkzeug: 127.0.0.1 - - [11/Mar/2026 14:15:12] "POST /web/dataset/call_kw/project.task/load_views HTTP/1.1" 200 - 43 0.053 0.110
2026-03-11 14:15:12,680 17656 INFO odoo15 werkzeug: 127.0.0.1 - - [11/Mar/2026 14:15:12] "POST /web/dataset/call_kw/project.task/read_progress_bar HTTP/1.1" 200 - 7 0.007 0.012
2026-03-11 14:15:12,680 17656 INFO odoo15 werkzeug: 127.0.0.1 - - [11/Mar/2026 14:15:12] "POST /web/dataset/call_kw/project.task/web_read_group HTTP/1.1" 200 - 8 0.013 0.013
2026-03-11 14:15:12,694 17656 INFO odoo15 werkzeug: 127.0.0.1 - - [11/Mar/2026 14:15:12] "POST /web/dataset/call_kw/project.task/read_progress_bar HTTP/1.1" 200 - 7 0.009 0.028
2026-03-11 14:15:12,696 17656 INFO odoo15 werkzeug: 127.0.0.1 - - [11/Mar/2026 14:15:12] "POST /web/dataset/call_kw/project.task/web_read_group HTTP/1.1" 200 - 8 0.006 0.032
2026-03-11 14:15:12,860 17656 INFO odoo15 werkzeug: 127.0.0.1 - - [11/Mar/2026 14:15:12] "POST /web/dataset/call_kw/project.task/web_read_group HTTP/1.1" 200 - 8 0.015 0.014
2026-03-11 14:15:13,076 17656 INFO odoo15 werkzeug: 127.0.0.1 - - [11/Mar/2026 14:15:13] "POST /web/dataset/call_kw/project.task/read_progress_bar HTTP/1.1" 200 - 7 0.025 0.032
2026-03-11 14:15:13,079 17656 INFO odoo15 werkzeug: 127.0.0.1 - - [11/Mar/2026 14:15:13] "POST /web/dataset/call_kw/project.task/read_progress_bar HTTP/1.1" 200 - 7 0.019 0.037
2026-03-11 14:15:13,081 17656 INFO odoo15 werkzeug: 127.0.0.1 - - [11/Mar/2026 14:15:13] "POST /web/dataset/call_kw/project.task/web_read_group HTTP/1.1" 200 - 8 0.017 0.043
2026-03-11 14:15:13,101 17656 INFO odoo15 werkzeug: 127.0.0.1 - - [11/Mar/2026 14:15:13] "POST /web/dataset/search_read HTTP/1.1" 200 - 28 0.022 0.052
2026-03-11 14:15:13,475 17656 INFO odoo15 werkzeug: 127.0.0.1 - - [11/Mar/2026 14:15:13] "POST /web/dataset/call_kw/project.task/read_progress_bar HTTP/1.1" 200 - 7 0.018 0.021
2026-03-11 14:15:13,491 17656 INFO odoo15 werkzeug: 127.0.0.1 - - [11/Mar/2026 14:15:13] "POST /web/dataset/call_kw/project.task/web_read_group HTTP/1.1" 200 - 8 0.017 0.039
2026-03-11 14:15:13,498 17656 INFO odoo15 werkzeug: 127.0.0.1 - - [11/Mar/2026 14:15:13] "POST /web/dataset/search_read HTTP/1.1" 200 - 28 0.036 0.024
2026-03-11 14:15:13,510 17656 INFO odoo15 werkzeug: 127.0.0.1 - - [11/Mar/2026 14:15:13] "POST /web/dataset/search_read HTTP/1.1" 200 - 28 0.043 0.034
2026-03-11 14:15:13,514 17656 INFO odoo15 werkzeug: 127.0.0.1 - - [11/Mar/2026 14:15:13] "POST /web/dataset/search_read HTTP/1.1" 200 - 28 0.030 0.041
2026-03-11 14:15:13,811 17656 INFO odoo15 werkzeug: 127.0.0.1 - - [11/Mar/2026 14:15:13] "POST /web/dataset/call_kw/res.users/read HTTP/1.1" 200 - 4 0.004 0.011
2026-03-11 14:15:13,831 17656 INFO odoo15 werkzeug: 127.0.0.1 - - [11/Mar/2026 14:15:13] "POST /web/dataset/call_kw/project.task/web_read_group HTTP/1.1" 200 - 8 0.019 0.015
2026-03-11 14:15:13,843 17656 INFO odoo15 werkzeug: 127.0.0.1 - - [11/Mar/2026 14:15:13] "POST /web/dataset/call_kw/res.users/read HTTP/1.1" 200 - 4 0.002 0.018
2026-03-11 14:15:13,846 17656 INFO odoo15 werkzeug: 127.0.0.1 - - [11/Mar/2026 14:15:13] "POST /web/dataset/call_kw/project.task/read_progress_bar HTTP/1.1" 200 - 7 0.018 0.013
2026-03-11 14:15:13,865 17656 INFO odoo15 werkzeug: 127.0.0.1 - - [11/Mar/2026 14:15:13] "POST /web/dataset/search_read HTTP/1.1" 200 - 28 0.020 0.026
2026-03-11 14:15:14,129 17656 INFO odoo15 werkzeug: 127.0.0.1 - - [11/Mar/2026 14:15:14] "POST /web/dataset/call_kw/res.users/read HTTP/1.1" 200 - 4 0.002 0.009
2026-03-11 14:15:14,144 17656 INFO odoo15 werkzeug: 127.0.0.1 - - [11/Mar/2026 14:15:14] "POST /web/dataset/call_kw/res.users/read HTTP/1.1" 200 - 4 0.000 0.002
2026-03-11 14:15:14,167 17656 INFO odoo15 werkzeug: 127.0.0.1 - - [11/Mar/2026 14:15:14] "POST /web/dataset/call_kw/project.task/web_read_group HTTP/1.1" 200 - 8 0.011 0.006
2026-03-11 14:15:14,167 17656 INFO odoo15 werkzeug: 127.0.0.1 - - [11/Mar/2026 14:15:14] "POST /web/dataset/call_kw/project.task/read_progress_bar HTTP/1.1" 200 - 7 0.002 0.014
2026-03-11 14:15:14,198 17656 INFO odoo15 werkzeug: 127.0.0.1 - - [11/Mar/2026 14:15:14] "POST /web/dataset/search_read HTTP/1.1" 200 - 28 0.007 0.024
2026-03-11 14:15:14,486 17656 INFO odoo15 werkzeug: 127.0.0.1 - - [11/Mar/2026 14:15:14] "POST /web/dataset/call_kw/project.task/web_read_group HTTP/1.1" 200 - 8 0.018 0.019
2026-03-11 14:15:14,489 17656 INFO odoo15 werkzeug: 127.0.0.1 - - [11/Mar/2026 14:15:14] "POST /web/dataset/call_kw/project.task/read_progress_bar HTTP/1.1" 200 - 7 0.013 0.019
2026-03-11 14:15:14,494 17656 INFO odoo15 werkzeug: 127.0.0.1 - - [11/Mar/2026 14:15:14] "POST /web/dataset/call_kw/res.users/read HTTP/1.1" 200 - 4 0.007 0.007
2026-03-11 14:15:14,511 17656 INFO odoo15 werkzeug: 127.0.0.1 - - [11/Mar/2026 14:15:14] "POST /web/dataset/call_kw/res.users/read HTTP/1.1" 200 - 4 0.000 0.000
2026-03-11 14:15:14,526 17656 INFO odoo15 werkzeug: 127.0.0.1 - - [11/Mar/2026 14:15:14] "POST /web/dataset/search_read HTTP/1.1" 200 - 28 0.009 0.036
2026-03-11 14:15:14,843 17656 INFO odoo15 werkzeug: 127.0.0.1 - - [11/Mar/2026 14:15:14] "POST /web/dataset/search_read HTTP/1.1" 200 - 28 0.027 0.023
2026-03-11 14:15:14,852 17656 INFO odoo15 werkzeug: 127.0.0.1 - - [11/Mar/2026 14:15:14] "POST /web/dataset/call_kw/res.users/read HTTP/1.1" 200 - 4 0.004 0.004
2026-03-11 14:15:15,185 17656 INFO odoo15 werkzeug: 127.0.0.1 - - [11/Mar/2026 14:15:15] "POST /web/dataset/call_kw/res.users/read HTTP/1.1" 200 - 4 0.006 0.015
2026-03-11 14:15:16,110 17656 INFO odoo15 werkzeug: 127.0.0.1 - - [11/Mar/2026 14:15:16] "POST /web/dataset/search_read HTTP/1.1" 200 - 23 0.041 0.035
2026-03-11 14:15:16,431 17656 INFO odoo15 werkzeug: 127.0.0.1 - - [11/Mar/2026 14:15:16] "POST /web/dataset/call_kw/project.tags/read HTTP/1.1" 200 - 2 0.004 0.008
2026-03-11 14:15:17,050 17656 INFO odoo15 werkzeug: 127.0.0.1 - - [11/Mar/2026 14:15:17] "POST /web/dataset/search_read HTTP/1.1" 200 - 23 0.033 0.035
2026-03-11 14:15:17,362 17656 INFO odoo15 werkzeug: 127.0.0.1 - - [11/Mar/2026 14:15:17] "POST /web/dataset/call_kw/project.tags/read HTTP/1.1" 200 - 2 0.000 0.003
2026-03-11 14:15:18,352 17656 INFO odoo15 werkzeug: 127.0.0.1 - - [11/Mar/2026 14:15:18] "POST /web/dataset/call_kw/project.task/read_progress_bar HTTP/1.1" 200 - 7 0.021 0.019
2026-03-11 14:15:18,356 17656 INFO odoo15 werkzeug: 127.0.0.1 - - [11/Mar/2026 14:15:18] "POST /web/dataset/call_kw/project.task/web_read_group HTTP/1.1" 200 - 8 0.021 0.025
2026-03-11 14:15:18,736 17656 INFO odoo15 werkzeug: 127.0.0.1 - - [11/Mar/2026 14:15:18] "POST /web/dataset/search_read HTTP/1.1" 200 - 28 0.032 0.028
2026-03-11 14:15:19,050 17656 INFO odoo15 werkzeug: 127.0.0.1 - - [11/Mar/2026 14:15:19] "POST /web/dataset/call_kw/res.users/read HTTP/1.1" 200 - 4 0.002 0.007
2026-03-11 14:15:21,285 17656 INFO odoo15 werkzeug: 127.0.0.1 - - [11/Mar/2026 14:15:21] "POST /web/dataset/call_kw/project.task/read_progress_bar HTTP/1.1" 200 - 7 0.007 0.005
2026-03-11 14:15:21,285 17656 INFO odoo15 werkzeug: 127.0.0.1 - - [11/Mar/2026 14:15:21] "POST /web/dataset/call_kw/project.task/web_read_group HTTP/1.1" 200 - 8 0.005 0.008
2026-03-11 14:15:21,652 17656 INFO odoo15 werkzeug: 127.0.0.1 - - [11/Mar/2026 14:15:21] "POST /web/dataset/search_read HTTP/1.1" 200 - 28 0.017 0.029
2026-03-11 14:15:21,980 17656 INFO odoo15 werkzeug: 127.0.0.1 - - [11/Mar/2026 14:15:21] "POST /web/dataset/call_kw/res.users/read HTTP/1.1" 200 - 4 0.003 0.005
2026-03-11 14:15:23,437 17656 INFO odoo15 werkzeug: 127.0.0.1 - - [11/Mar/2026 14:15:23] "POST /web/dataset/call_kw/project.task/read_progress_bar HTTP/1.1" 200 - 7 0.017 0.020
2026-03-11 14:15:23,442 17656 INFO odoo15 werkzeug: 127.0.0.1 - - [11/Mar/2026 14:15:23] "POST /web/dataset/call_kw/project.task/web_read_group HTTP/1.1" 200 - 8 0.024 0.020
2026-03-11 14:15:23,790 17656 INFO odoo15 werkzeug: 127.0.0.1 - - [11/Mar/2026 14:15:23] "POST /web/dataset/search_read HTTP/1.1" 200 - 28 0.025 0.007
2026-03-11 14:15:24,139 17656 INFO odoo15 werkzeug: 127.0.0.1 - - [11/Mar/2026 14:15:24] "POST /web/dataset/call_kw/res.users/read HTTP/1.1" 200 - 4 0.013 0.016
2026-03-11 14:15:25,213 17656 INFO odoo15 werkzeug: 127.0.0.1 - - [11/Mar/2026 14:15:25] "POST /web/dataset/call_kw/project.task/web_read_group HTTP/1.1" 200 - 8 0.013 0.015
2026-03-11 14:15:25,213 17656 INFO odoo15 werkzeug: 127.0.0.1 - - [11/Mar/2026 14:15:25] "POST /web/dataset/call_kw/project.task/read_progress_bar HTTP/1.1" 200 - 7 0.010 0.015
2026-03-11 14:15:25,601 17656 INFO odoo15 werkzeug: 127.0.0.1 - - [11/Mar/2026 14:15:25] "POST /web/dataset/search_read HTTP/1.1" 200 - 29 0.026 0.034
2026-03-11 14:15:25,617 17656 INFO odoo15 werkzeug: 127.0.0.1 - - [11/Mar/2026 14:15:25] "POST /web/dataset/search_read HTTP/1.1" 200 - 45 0.055 0.020
2026-03-11 14:15:25,937 17656 INFO odoo15 werkzeug: 127.0.0.1 - - [11/Mar/2026 14:15:25] "POST /web/dataset/call_kw/project.tags/read HTTP/1.1" 200 - 2 0.002 0.007
2026-03-11 14:15:25,939 17656 INFO odoo15 werkzeug: 127.0.0.1 - - [11/Mar/2026 14:15:25] "POST /web/dataset/call_kw/res.users/read HTTP/1.1" 200 - 4 0.004 0.008
2026-03-11 14:15:26,271 17656 INFO odoo15 werkzeug: 127.0.0.1 - - [11/Mar/2026 14:15:26] "POST /web/dataset/call_kw/project.task.type/read HTTP/1.1" 200 - 2 0.000 0.016
2026-03-11 14:15:26,758 17656 INFO odoo15 werkzeug: 127.0.0.1 - - [11/Mar/2026 14:15:26] "POST /web/dataset/call_kw/project.task/read_progress_bar HTTP/1.1" 200 - 7 0.021 0.024
2026-03-11 14:15:26,758 17656 INFO odoo15 werkzeug: 127.0.0.1 - - [11/Mar/2026 14:15:26] "POST /web/dataset/call_kw/project.task/web_read_group HTTP/1.1" 200 - 8 0.027 0.021
2026-03-11 14:15:27,148 17656 INFO odoo15 werkzeug: 127.0.0.1 - - [11/Mar/2026 14:15:27] "POST /web/dataset/search_read HTTP/1.1" 200 - 28 0.036 0.034
2026-03-11 14:15:27,479 17656 INFO odoo15 werkzeug: 127.0.0.1 - - [11/Mar/2026 14:15:27] "POST /web/dataset/call_kw/res.users/read HTTP/1.1" 200 - 4 0.007 0.013
2026-03-11 14:15:29,786 17656 INFO odoo15 werkzeug: 127.0.0.1 - - [11/Mar/2026 14:15:29] "POST /longpolling/im_status HTTP/1.1" 200 - 4 0.000 0.013
2026-03-11 14:15:29,793 17656 INFO odoo15 werkzeug: 127.0.0.1 - - [11/Mar/2026 14:15:29] "POST /longpolling/poll HTTP/1.1" 200 - 9 0.020 50.026
2026-03-11 14:15:31,934 17656 INFO odoo15 werkzeug: 127.0.0.1 - - [11/Mar/2026 14:15:31] "POST /web/dataset/call_kw/project.task/web_read_group HTTP/1.1" 200 - 8 0.019 0.017
2026-03-11 14:15:32,216 17656 INFO odoo15 werkzeug: 127.0.0.1 - - [11/Mar/2026 14:15:32] "POST /web/dataset/call_kw/project.task/read_progress_bar HTTP/1.1" 200 - 7 0.007 0.004
2026-03-11 14:15:32,273 17656 INFO odoo15 werkzeug: 127.0.0.1 - - [11/Mar/2026 14:15:32] "POST /web/dataset/search_read HTTP/1.1" 200 - 28 0.012 0.016
2026-03-11 14:15:32,602 17656 INFO odoo15 werkzeug: 127.0.0.1 - - [11/Mar/2026 14:15:32] "POST /web/dataset/call_kw/res.users/read HTTP/1.1" 200 - 4 0.006 0.016
2026-03-11 14:15:32,932 17656 INFO odoo15 werkzeug: 127.0.0.1 - - [11/Mar/2026 14:15:32] "POST /web/dataset/call_kw/project.task.type/read HTTP/1.1" 200 - 2 0.002 0.006
2026-03-11 14:15:33,977 17656 INFO odoo15 werkzeug: 127.0.0.1 - - [11/Mar/2026 14:15:33] "POST /web/dataset/call_kw/project.task/read_progress_bar HTTP/1.1" 200 - 7 0.026 0.012
2026-03-11 14:15:33,982 17656 INFO odoo15 werkzeug: 127.0.0.1 - - [11/Mar/2026 14:15:33] "POST /web/dataset/call_kw/project.task/web_read_group HTTP/1.1" 200 - 8 0.011 0.031
2026-03-11 14:15:34,356 17656 INFO odoo15 werkzeug: 127.0.0.1 - - [11/Mar/2026 14:15:34] "POST /web/dataset/search_read HTTP/1.1" 200 - 29 0.046 0.017
2026-03-11 14:15:34,376 17656 INFO odoo15 werkzeug: 127.0.0.1 - - [11/Mar/2026 14:15:34] "POST /web/dataset/search_read HTTP/1.1" 200 - 45 0.049 0.034
2026-03-11 14:15:34,683 17656 INFO odoo15 werkzeug: 127.0.0.1 - - [11/Mar/2026 14:15:34] "POST /web/dataset/call_kw/project.tags/read HTTP/1.1" 200 - 2 0.000 0.000
2026-03-11 14:15:34,683 17656 INFO odoo15 werkzeug: 127.0.0.1 - - [11/Mar/2026 14:15:34] "POST /web/dataset/call_kw/res.users/read HTTP/1.1" 200 - 4 0.000 0.000
2026-03-11 14:15:35,014 17656 INFO odoo15 werkzeug: 127.0.0.1 - - [11/Mar/2026 14:15:35] "POST /web/dataset/call_kw/project.task.type/read HTTP/1.1" 200 - 2 0.000 0.018
2026-03-11 14:16:04,295 17656 INFO odoo15 werkzeug: 127.0.0.1 - - [11/Mar/2026 14:16:04] "[32mGET / HTTP/1.1[0m" 303 - 2 0.005 0.070
2026-03-11 14:16:04,313 17656 INFO odoo15 werkzeug: 127.0.0.1 - - [11/Mar/2026 14:16:04] "[32mGET /web HTTP/1.1[0m" 303 - 1 0.000 0.011
2026-03-11 14:16:04,780 17656 INFO odoo15 werkzeug: 127.0.0.1 - - [11/Mar/2026 14:16:04] "GET /web/login HTTP/1.1" 200 - 67 0.030 0.264
2026-03-11 14:16:05,161 17656 INFO ? werkzeug: 127.0.0.1 - - [11/Mar/2026 14:16:05] "GET /web/static/lib/fontawesome/fonts/fontawesome-webfont.woff2?v=4.7.0 HTTP/1.1" 200 - - - -
2026-03-11 14:16:05,191 17656 INFO odoo15 werkzeug: 127.0.0.1 - - [11/Mar/2026 14:16:05] "GET /web/binary/company_logo HTTP/1.1" 200 - 2 0.006 0.034
2026-03-11 14:16:05,192 17656 INFO odoo15 werkzeug: 127.0.0.1 - - [11/Mar/2026 14:16:05] "GET /web/assets/200-9ea62b4/web.assets_common.min.css HTTP/1.1" 200 - 5 0.006 0.035
2026-03-11 14:16:05,192 17656 INFO odoo15 werkzeug: 127.0.0.1 - - [11/Mar/2026 14:16:05] "GET /web/assets/207-58d9f79/web.assets_frontend.min.css HTTP/1.1" 200 - 4 0.007 0.034
2026-03-11 14:16:05,416 17656 INFO odoo15 werkzeug: 127.0.0.1 - - [11/Mar/2026 14:16:05] "GET /web/assets/208-2362fd6/web.assets_common_minimal.min.js HTTP/1.1" 200 - 3 0.002 0.004
2026-03-11 14:16:05,537 17656 INFO odoo15 werkzeug: 127.0.0.1 - - [11/Mar/2026 14:16:05] "GET /web/assets/209-54b5f50/web.assets_frontend_minimal.min.js HTTP/1.1" 200 - 3 0.001 0.003
2026-03-11 14:16:05,997 17656 INFO odoo15 werkzeug: 127.0.0.1 - - [11/Mar/2026 14:16:05] "GET /web/assets/210-a4932b9/web.assets_common_lazy.min.js HTTP/1.1" 200 - 3 0.001 0.013
2026-03-11 14:16:06,290 17656 INFO ? werkzeug: 127.0.0.1 - - [11/Mar/2026 14:16:06] "GET /web/static/img/favicon.ico HTTP/1.1" 200 - - - -
2026-03-11 14:16:06,432 17656 INFO odoo15 werkzeug: 127.0.0.1 - - [11/Mar/2026 14:16:06] "GET /web/assets/211-941aac2/web.assets_frontend_lazy.min.js HTTP/1.1" 200 - 3 0.006 0.002
2026-03-11 14:16:06,800 17656 INFO odoo15 werkzeug: 127.0.0.1 - - [11/Mar/2026 14:16:06] "GET /website/translations/63c39b9719623b23090242bff39258f3aa29fe2b HTTP/1.1" 200 - 13 0.008 0.005
2026-03-11 14:16:07,137 17656 INFO odoo15 werkzeug: 127.0.0.1 - - [11/Mar/2026 14:16:07] "GET /web/webclient/qweb/1773238566805?bundle=web.assets_frontend HTTP/1.1" 200 - 10 0.000 0.079
2026-03-11 14:16:19,125 17656 INFO odoo15 odoo.addons.base.models.res_users: Login successful for db:odoo15 login:admin from 127.0.0.1 
2026-03-11 14:16:19,140 17656 INFO odoo15 werkzeug: 127.0.0.1 - - [11/Mar/2026 14:16:19] "[32mPOST /web/login HTTP/1.1[0m" 303 - 43 0.049 0.719
2026-03-11 14:16:19,610 17656 INFO odoo15 werkzeug: 127.0.0.1 - - [11/Mar/2026 14:16:19] "GET /web HTTP/1.1" 200 - 189 0.059 0.403
2026-03-11 14:16:20,012 17656 INFO odoo15 werkzeug: 127.0.0.1 - - [11/Mar/2026 14:16:20] "GET /web/assets/201-b710c92/web.assets_backend.min.css HTTP/1.1" 200 - 2 0.014 0.036
2026-03-11 14:16:20,044 17656 INFO odoo15 werkzeug: 127.0.0.1 - - [11/Mar/2026 14:16:20] "GET /web/assets/202-9ea62b4/web.assets_common.min.js HTTP/1.1" 200 - 2 0.017 0.066
2026-03-11 14:16:20,044 17656 INFO odoo15 werkzeug: 127.0.0.1 - - [11/Mar/2026 14:16:20] "GET /web/webclient/load_menus/e2fe89b0eea12995858846b5b205f054f2c19459d279e594ca83af9cd11db09d HTTP/1.1" 200 - 1 0.034 0.033
2026-03-11 14:16:20,044 17656 INFO odoo15 werkzeug: 127.0.0.1 - - [11/Mar/2026 14:16:20] "GET /web/assets/203-b710c92/web.assets_backend.min.js HTTP/1.1" 200 - 2 0.000 0.083
2026-03-11 14:16:20,044 17656 INFO odoo15 werkzeug: 127.0.0.1 - - [11/Mar/2026 14:16:20] "GET /web/assets/204-8d54feb/web.assets_backend_prod_only.min.js HTTP/1.1" 200 - 2 0.022 0.062
2026-03-11 14:16:20,143 17656 INFO odoo15 werkzeug: 127.0.0.1 - - [11/Mar/2026 14:16:20] "POST /longpolling/poll HTTP/1.1" 200 - 9 0.010 50.026
2026-03-11 14:16:20,143 17656 INFO odoo15 werkzeug: 127.0.0.1 - - [11/Mar/2026 14:16:20] "GET /web/webclient/qweb/72a333f20449018e50aa98fbf648388e957f7d0333730567d76ecdae4c1638e5?bundle=web.assets_qweb HTTP/1.1" 200 - 2 0.030 0.101
2026-03-11 14:16:20,347 17656 INFO odoo15 werkzeug: 127.0.0.1 - - [11/Mar/2026 14:16:20] "GET /web/webclient/translations/5227498d9df4b403b0244c75aac21e0c091e50ce?lang=en_US HTTP/1.1" 200 - 3 0.005 0.004
2026-03-11 14:16:20,682 17656 INFO odoo15 werkzeug: 127.0.0.1 - - [11/Mar/2026 14:16:20] "GET /web/webclient/locale/en_US HTTP/1.1" 200 - 1 0.000 0.002
2026-03-11 14:16:20,723 17656 INFO odoo15 werkzeug: 127.0.0.1 - - [11/Mar/2026 14:16:20] "POST /longpolling/im_status HTTP/1.1" 200 - 4 0.004 0.007
2026-03-11 14:16:21,032 17656 INFO odoo15 werkzeug: 127.0.0.1 - - [11/Mar/2026 14:16:21] "POST /mail/init_messaging HTTP/1.1" 200 - 64 0.074 0.014
2026-03-11 14:16:21,064 17656 INFO odoo15 werkzeug: 127.0.0.1 - - [11/Mar/2026 14:16:21] "POST /web/dataset/call_kw/res.users/systray_get_activities HTTP/1.1" 200 - 2 0.001 0.004
2026-03-11 14:16:21,126 17656 INFO odoo15 werkzeug: 127.0.0.1 - - [11/Mar/2026 14:16:21] "POST /longpolling/im_status HTTP/1.1" 200 - 6 0.000 0.000
2026-03-11 14:16:21,142 17656 INFO odoo15 werkzeug: 127.0.0.1 - - [11/Mar/2026 14:16:21] "POST /web/action/load HTTP/1.1" 200 - 8 0.000 0.016
2026-03-11 14:16:21,142 17656 INFO odoo15 werkzeug: 127.0.0.1 - - [11/Mar/2026 14:16:21] "GET /web/image/res.company/1/favicon HTTP/1.1" 200 - 10 0.000 0.016
2026-03-11 14:16:21,366 17656 INFO odoo15 werkzeug: 127.0.0.1 - - [11/Mar/2026 14:16:21] "POST /mail/load_message_failures HTTP/1.1" 200 - 11 0.011 0.005
2026-03-11 14:16:21,384 17656 INFO odoo15 werkzeug: 127.0.0.1 - - [11/Mar/2026 14:16:21] "POST /mail/inbox/messages HTTP/1.1" 200 - 7 0.010 0.005
2026-03-11 14:16:21,469 17656 INFO odoo15 werkzeug: 127.0.0.1 - - [11/Mar/2026 14:16:21] "GET /web/image?model=res.users&field=avatar_128&id=2 HTTP/1.1" 200 - 6 0.002 0.008
2026-03-11 14:16:21,541 17656 INFO odoo15 werkzeug: 127.0.0.1 - - [11/Mar/2026 14:16:21] "GET /web/image/mail.channel/1/avatar_128?unique=8a3c7f66537d006ecd28405bf1d14ee6ee34b848dc1a60a03dbe1a8c21ef4e448ae537b02d85707aef4157a854a0448fcfa4b4805dd5aad65a7a93b325820e15 HTTP/1.1" 200 - 10 0.010 0.007
2026-03-11 14:16:25,468 17656 INFO odoo15 werkzeug: 127.0.0.1 - - [11/Mar/2026 14:16:25] "POST /web/action/load HTTP/1.1" 200 - 22 0.023 0.025
2026-03-11 14:16:25,916 17656 INFO odoo15 werkzeug: 127.0.0.1 - - [11/Mar/2026 14:16:25] "POST /web/dataset/call_kw/project.project/load_views HTTP/1.1" 200 - 45 0.058 0.054
2026-03-11 14:16:26,333 17656 INFO odoo15 werkzeug: 127.0.0.1 - - [11/Mar/2026 14:16:26] "POST /web/dataset/search_read HTTP/1.1" 200 - 31 0.049 0.029
2026-03-11 14:16:26,654 17656 INFO odoo15 werkzeug: 127.0.0.1 - - [11/Mar/2026 14:16:26] "POST /web/dataset/call_kw/project.tags/read HTTP/1.1" 200 - 3 0.001 0.003
2026-03-11 14:16:27,018 17656 INFO odoo15 werkzeug: 127.0.0.1 - - [11/Mar/2026 14:16:27] "GET /web/image/res.users/2/avatar_128 HTTP/1.1" 200 - 6 0.000 0.019
2026-03-11 14:16:27,018 17656 INFO odoo15 werkzeug: 127.0.0.1 - - [11/Mar/2026 14:16:27] "GET /web/image/res.users/6/avatar_128 HTTP/1.1" 200 - 6 0.000 0.016
2026-03-11 14:16:29,883 17656 INFO odoo15 werkzeug: 127.0.0.1 - - [11/Mar/2026 14:16:29] "POST /web/dataset/call_button HTTP/1.1" 200 - 18 0.032 0.021
2026-03-11 14:16:30,318 17656 INFO odoo15 werkzeug: 127.0.0.1 - - [11/Mar/2026 14:16:30] "POST /web/dataset/call_kw/project.task/load_views HTTP/1.1" 200 - 60 0.035 0.077
2026-03-11 14:16:30,680 17656 INFO odoo15 werkzeug: 127.0.0.1 - - [11/Mar/2026 14:16:30] "POST /web/dataset/call_kw/project.task/read_progress_bar HTTP/1.1" 200 - 3 0.009 0.016
2026-03-11 14:16:30,683 17656 INFO odoo15 werkzeug: 127.0.0.1 - - [11/Mar/2026 14:16:30] "POST /web/dataset/call_kw/project.task/web_read_group HTTP/1.1" 200 - 4 0.016 0.015
2026-03-11 14:16:31,022 17656 INFO odoo15 werkzeug: 127.0.0.1 - - [11/Mar/2026 14:16:31] "POST /web/dataset/search_read HTTP/1.1" 200 - 20 0.011 0.011
2026-03-11 14:16:31,022 17656 INFO odoo15 werkzeug: 127.0.0.1 - - [11/Mar/2026 14:16:31] "POST /web/dataset/search_read HTTP/1.1" 200 - 20 0.011 0.012
2026-03-11 14:16:31,354 17656 INFO odoo15 werkzeug: 127.0.0.1 - - [11/Mar/2026 14:16:31] "POST /web/dataset/call_kw/project.tags/read HTTP/1.1" 200 - 2 0.002 0.013
2026-03-11 14:16:31,364 17656 INFO odoo15 werkzeug: 127.0.0.1 - - [11/Mar/2026 14:16:31] "POST /web/dataset/call_kw/res.users/read HTTP/1.1" 200 - 4 0.007 0.020
2026-03-11 14:16:31,686 17656 INFO odoo15 werkzeug: 127.0.0.1 - - [11/Mar/2026 14:16:31] "POST /web/dataset/call_kw/project.task.type/read HTTP/1.1" 200 - 2 0.002 0.002
2026-03-11 14:16:32,022 17656 INFO odoo15 werkzeug: 127.0.0.1 - - [11/Mar/2026 14:16:32] "POST /web/dataset/call_kw/res.users/has_group HTTP/1.1" 200 - 1 0.001 0.019
2026-03-11 14:16:32,025 17656 INFO odoo15 werkzeug: 127.0.0.1 - - [11/Mar/2026 14:16:32] "POST /web/dataset/call_kw/project.project/get_last_update_or_default HTTP/1.1" 200 - 2 0.007 0.012
2026-03-11 14:16:32,437 17656 INFO odoo15 werkzeug: 127.0.0.1 - - [11/Mar/2026 14:16:32] "POST /web/dataset/call_kw/res.users/has_group HTTP/1.1" 200 - 2 0.008 0.011
2026-03-11 14:16:32,452 17656 INFO odoo15 werkzeug: 127.0.0.1 - - [11/Mar/2026 14:16:32] "GET /web/image/res.users/8/avatar_128 HTTP/1.1" 200 - 5 0.010 0.022
2026-03-11 14:16:39,690 17656 INFO odoo15 werkzeug: 127.0.0.1 - - [11/Mar/2026 14:16:39] "POST /web/dataset/call_kw/mail.followers/load_views HTTP/1.1" 200 - 10 0.031 0.021
2026-03-11 14:16:39,690 17656 INFO odoo15 werkzeug: 127.0.0.1 - - [11/Mar/2026 14:16:39] "POST /web/dataset/call_kw/mail.message/load_views HTTP/1.1" 200 - 9 0.017 0.029
2026-03-11 14:16:39,690 17656 INFO odoo15 werkzeug: 127.0.0.1 - - [11/Mar/2026 14:16:39] "POST /web/dataset/call_kw/mail.activity/load_views HTTP/1.1" 200 - 10 0.022 0.028
2026-03-11 14:16:40,092 17656 INFO odoo15 werkzeug: 127.0.0.1 - - [11/Mar/2026 14:16:40] "POST /web/dataset/call_kw/project.task/read HTTP/1.1" 200 - 29 0.037 0.034
2026-03-11 14:16:40,092 17656 INFO odoo15 werkzeug: 127.0.0.1 - - [11/Mar/2026 14:16:40] "POST /web/dataset/call_kw/project.task/read HTTP/1.1" 200 - 29 0.049 0.024
2026-03-11 14:16:40,470 17656 INFO odoo15 werkzeug: 127.0.0.1 - - [11/Mar/2026 14:16:40] "POST /web/dataset/call_kw/res.users/read HTTP/1.1" 200 - 4 0.008 0.038
2026-03-11 14:16:40,477 17656 INFO odoo15 werkzeug: 127.0.0.1 - - [11/Mar/2026 14:16:40] "POST /web/dataset/call_kw/mail.followers/read HTTP/1.1" 200 - 3 0.017 0.028
2026-03-11 14:16:40,478 17656 INFO odoo15 werkzeug: 127.0.0.1 - - [11/Mar/2026 14:16:40] "POST /web/dataset/call_kw/mail.followers/read HTTP/1.1" 200 - 3 0.004 0.048
2026-03-11 14:16:40,479 17656 INFO odoo15 werkzeug: 127.0.0.1 - - [11/Mar/2026 14:16:40] "POST /web/dataset/call_kw/res.users/read HTTP/1.1" 200 - 4 0.012 0.037
2026-03-11 14:16:40,480 17656 INFO odoo15 werkzeug: 127.0.0.1 - - [11/Mar/2026 14:16:40] "POST /web/dataset/call_kw/mail.message/read HTTP/1.1" 200 - 6 0.022 0.031
2026-03-11 14:16:40,810 17656 INFO odoo15 werkzeug: 127.0.0.1 - - [11/Mar/2026 14:16:40] "POST /web/dataset/call_kw/mail.message/read HTTP/1.1" 200 - 6 0.010 0.015
2026-03-11 14:16:40,822 17656 INFO odoo15 werkzeug: 127.0.0.1 - - [11/Mar/2026 14:16:40] "POST /web/dataset/call_kw/project.task.type/search_read HTTP/1.1" 200 - 3 0.004 0.016
2026-03-11 14:16:41,170 17656 INFO odoo15 werkzeug: 127.0.0.1 - - [11/Mar/2026 14:16:41] "POST /web/dataset/call_kw/project.task.type/search_read HTTP/1.1" 200 - 3 0.006 0.014
2026-03-11 14:16:41,175 17656 INFO odoo15 werkzeug: 127.0.0.1 - - [11/Mar/2026 14:16:41] "POST /web/dataset/call_kw/project.task.type/name_get HTTP/1.1" 200 - 2 0.008 0.014
2026-03-11 14:16:41,521 17656 INFO odoo15 werkzeug: 127.0.0.1 - - [11/Mar/2026 14:16:41] "POST /web/dataset/call_kw/project.task.type/name_get HTTP/1.1" 200 - 2 0.006 0.014
2026-03-11 14:16:41,521 17656 INFO ? werkzeug: 127.0.0.1 - - [11/Mar/2026 14:16:41] "GET /web/static/src/legacy/xml/ribbon.xml HTTP/1.1" 200 - - - -
2026-03-11 14:16:41,549 17656 INFO ? werkzeug: 127.0.0.1 - - [11/Mar/2026 14:16:41] "GET /partner_autocomplete/static/lib/jsvat.js HTTP/1.1" 200 - - - -
2026-03-11 14:16:41,911 17656 INFO odoo15 werkzeug: 127.0.0.1 - - [11/Mar/2026 14:16:41] "POST /web/dataset/call_kw/project.task/read HTTP/1.1" 200 - 3 0.000 0.024
2026-03-11 14:16:41,932 17656 INFO odoo15 werkzeug: 127.0.0.1 - - [11/Mar/2026 14:16:41] "POST /mail/read_followers HTTP/1.1" 200 - 16 0.016 0.031
2026-03-11 14:16:41,932 17656 INFO odoo15 werkzeug: 127.0.0.1 - - [11/Mar/2026 14:16:41] "POST /mail/get_suggested_recipients HTTP/1.1" 200 - 13 0.021 0.025
2026-03-11 14:16:41,932 17656 INFO odoo15 werkzeug: 127.0.0.1 - - [11/Mar/2026 14:16:41] "POST /mail/thread/data HTTP/1.1" 200 - 11 0.022 0.016
2026-03-11 14:16:41,942 17656 INFO odoo15 werkzeug: 127.0.0.1 - - [11/Mar/2026 14:16:41] "POST /mail/thread/messages HTTP/1.1" 200 - 28 0.038 0.018
2026-03-11 14:16:42,269 17656 INFO ? werkzeug: 127.0.0.1 - - [11/Mar/2026 14:16:42] "GET /web/static/img/form_sheetbg.png HTTP/1.1" 200 - - - -
2026-03-11 14:16:42,279 17656 INFO odoo15 werkzeug: 127.0.0.1 - - [11/Mar/2026 14:16:42] "POST /web/dataset/call_kw/project.task/read HTTP/1.1" 200 - 3 0.014 0.027
2026-03-11 14:16:42,289 17656 INFO odoo15 werkzeug: 127.0.0.1 - - [11/Mar/2026 14:16:42] "POST /mail/thread/data HTTP/1.1" 200 - 3 0.011 0.027
2026-03-11 14:16:42,291 17656 INFO odoo15 werkzeug: 127.0.0.1 - - [11/Mar/2026 14:16:42] "POST /mail/get_suggested_recipients HTTP/1.1" 200 - 7 0.020 0.028
2026-03-11 14:16:42,296 17656 INFO odoo15 werkzeug: 127.0.0.1 - - [11/Mar/2026 14:16:42] "POST /mail/read_followers HTTP/1.1" 200 - 10 0.030 0.025
2026-03-11 14:16:42,583 17656 INFO odoo15 werkzeug: 127.0.0.1 - - [11/Mar/2026 14:16:42] "POST /web/dataset/call_kw/mail.activity/activity_format HTTP/1.1" 200 - 1 0.000 0.002
2026-03-11 14:16:42,616 17656 INFO odoo15 werkzeug: 127.0.0.1 - - [11/Mar/2026 14:16:42] "POST /web/dataset/call_kw/mail.activity/activity_format HTTP/1.1" 200 - 1 0.005 0.005
2026-03-11 14:16:42,621 17656 INFO odoo15 werkzeug: 127.0.0.1 - - [11/Mar/2026 14:16:42] "POST /web/dataset/call_kw/mail.message/mark_all_as_read HTTP/1.1" 200 - 6 0.008 0.009
2026-03-11 14:16:42,623 17656 INFO odoo15 werkzeug: 127.0.0.1 - - [11/Mar/2026 14:16:42] "GET /web/image/res.partner/2/avatar_128 HTTP/1.1" 200 - 7 0.009 0.009
2026-03-11 14:16:42,625 17656 INFO odoo15 werkzeug: 127.0.0.1 - - [11/Mar/2026 14:16:42] "GET /web/image/res.partner/3/avatar_128 HTTP/1.1" 200 - 7 0.009 0.011
2026-03-11 14:16:50,411 17656 INFO odoo15 werkzeug: 127.0.0.1 - - [11/Mar/2026 14:16:50] "POST /web/dataset/call_kw/mail.followers/load_views HTTP/1.1" 200 - 6 0.003 0.003
2026-03-11 14:16:50,752 17656 INFO odoo15 werkzeug: 127.0.0.1 - - [11/Mar/2026 14:16:50] "POST /web/dataset/call_kw/mail.activity/load_views HTTP/1.1" 200 - 6 0.011 0.031
2026-03-11 14:16:50,753 17656 INFO odoo15 werkzeug: 127.0.0.1 - - [11/Mar/2026 14:16:50] "POST /web/dataset/call_kw/mail.message/load_views HTTP/1.1" 200 - 6 0.015 0.028
2026-03-11 14:16:51,169 17656 INFO odoo15 werkzeug: 127.0.0.1 - - [11/Mar/2026 14:16:51] "POST /web/dataset/call_kw/project.task/read HTTP/1.1" 200 - 45 0.052 0.039
2026-03-11 14:16:51,174 17656 INFO odoo15 werkzeug: 127.0.0.1 - - [11/Mar/2026 14:16:51] "POST /web/dataset/call_kw/project.task/read HTTP/1.1" 200 - 45 0.053 0.044
2026-03-11 14:16:51,538 17656 INFO odoo15 werkzeug: 127.0.0.1 - - [11/Mar/2026 14:16:51] "POST /web/dataset/call_kw/mail.followers/read HTTP/1.1" 200 - 3 0.007 0.033
2026-03-11 14:16:51,540 17656 INFO odoo15 werkzeug: 127.0.0.1 - - [11/Mar/2026 14:16:51] "POST /web/dataset/call_kw/res.users/read HTTP/1.1" 200 - 4 0.005 0.039
2026-03-11 14:16:51,543 17656 INFO odoo15 werkzeug: 127.0.0.1 - - [11/Mar/2026 14:16:51] "POST /web/dataset/call_kw/res.users/read HTTP/1.1" 200 - 4 0.009 0.031
2026-03-11 14:16:51,544 17656 INFO odoo15 werkzeug: 127.0.0.1 - - [11/Mar/2026 14:16:51] "POST /web/dataset/call_kw/mail.followers/read HTTP/1.1" 200 - 3 0.005 0.034
2026-03-11 14:16:51,546 17656 INFO odoo15 werkzeug: 127.0.0.1 - - [11/Mar/2026 14:16:51] "POST /web/dataset/call_kw/mail.message/read HTTP/1.1" 200 - 10 0.025 0.020
2026-03-11 14:16:51,857 17656 INFO odoo15 werkzeug: 127.0.0.1 - - [11/Mar/2026 14:16:51] "POST /web/dataset/call_kw/project.task.type/search_read HTTP/1.1" 200 - 3 0.001 0.004
2026-03-11 14:16:51,864 17656 INFO odoo15 werkzeug: 127.0.0.1 - - [11/Mar/2026 14:16:51] "POST /web/dataset/call_kw/mail.message/read HTTP/1.1" 200 - 10 0.004 0.009
2026-03-11 14:16:52,179 17656 INFO odoo15 werkzeug: 127.0.0.1 - - [11/Mar/2026 14:16:52] "POST /web/dataset/call_kw/project.task.type/name_get HTTP/1.1" 200 - 2 0.003 0.004
2026-03-11 14:16:52,180 17656 INFO odoo15 werkzeug: 127.0.0.1 - - [11/Mar/2026 14:16:52] "POST /web/dataset/call_kw/project.task.type/search_read HTTP/1.1" 200 - 3 0.002 0.005
2026-03-11 14:16:52,498 17656 INFO odoo15 werkzeug: 127.0.0.1 - - [11/Mar/2026 14:16:52] "POST /web/dataset/call_kw/project.task.type/name_get HTTP/1.1" 200 - 2 0.005 0.006
2026-03-11 14:16:52,565 17656 INFO odoo15 werkzeug: 127.0.0.1 - - [11/Mar/2026 14:16:52] "POST /web/dataset/call_kw/project.task/read HTTP/1.1" 200 - 12 0.008 0.015
2026-03-11 14:16:52,566 17656 INFO odoo15 werkzeug: 127.0.0.1 - - [11/Mar/2026 14:16:52] "POST /mail/get_suggested_recipients HTTP/1.1" 200 - 11 0.009 0.015
2026-03-11 14:16:52,573 17656 INFO odoo15 werkzeug: 127.0.0.1 - - [11/Mar/2026 14:16:52] "POST /mail/read_followers HTTP/1.1" 200 - 24 0.023 0.009
2026-03-11 14:16:52,586 17656 INFO odoo15 werkzeug: 127.0.0.1 - - [11/Mar/2026 14:16:52] "POST /mail/thread/messages HTTP/1.1" 200 - 40 0.034 0.011
2026-03-11 14:16:52,810 17656 INFO odoo15 werkzeug: 127.0.0.1 - - [11/Mar/2026 14:16:52] "POST /mail/thread/data HTTP/1.1" 200 - 7 0.003 0.005
2026-03-11 14:16:52,887 17656 INFO odoo15 werkzeug: 127.0.0.1 - - [11/Mar/2026 14:16:52] "POST /web/dataset/call_kw/project.task/read HTTP/1.1" 200 - 12 0.004 0.013
2026-03-11 14:16:52,896 17656 INFO odoo15 werkzeug: 127.0.0.1 - - [11/Mar/2026 14:16:52] "POST /mail/get_suggested_recipients HTTP/1.1" 200 - 11 0.007 0.010
2026-03-11 14:16:52,897 17656 INFO odoo15 werkzeug: 127.0.0.1 - - [11/Mar/2026 14:16:52] "POST /mail/read_followers HTTP/1.1" 200 - 21 0.015 0.012
2026-03-11 14:16:52,901 17656 INFO odoo15 werkzeug: 127.0.0.1 - - [11/Mar/2026 14:16:52] "POST /mail/thread/data HTTP/1.1" 200 - 7 0.004 0.007
2026-03-11 14:16:53,133 17656 INFO odoo15 werkzeug: 127.0.0.1 - - [11/Mar/2026 14:16:53] "POST /web/dataset/call_kw/mail.activity/activity_format HTTP/1.1" 200 - 1 0.000 0.011
2026-03-11 14:16:53,214 17656 INFO odoo15 werkzeug: 127.0.0.1 - - [11/Mar/2026 14:16:53] "POST /web/dataset/call_kw/mail.activity/activity_format HTTP/1.1" 200 - 1 0.000 0.012
2026-03-11 14:16:53,226 17656 INFO odoo15 werkzeug: 127.0.0.1 - - [11/Mar/2026 14:16:53] "GET /web/image/res.partner/3/avatar_128 HTTP/1.1" 200 - 7 0.005 0.014
2026-03-11 14:16:53,232 17656 INFO odoo15 werkzeug: 127.0.0.1 - - [11/Mar/2026 14:16:53] "POST /web/dataset/call_kw/mail.message/mark_all_as_read HTTP/1.1" 200 - 10 0.022 0.015
2026-03-11 14:16:55,457 17656 INFO odoo15 werkzeug: 127.0.0.1 - - [11/Mar/2026 14:16:55] "POST /web/dataset/search_read HTTP/1.1" 200 - 23 0.047 0.037
2026-03-11 14:16:55,788 17656 INFO odoo15 werkzeug: 127.0.0.1 - - [11/Mar/2026 14:16:55] "POST /web/dataset/call_kw/project.tags/read HTTP/1.1" 200 - 2 0.002 0.011
2026-03-11 14:16:59,077 17656 INFO odoo15 werkzeug: 127.0.0.1 - - [11/Mar/2026 14:16:59] "POST /web/dataset/call_kw/project.task/read_progress_bar HTTP/1.1" 200 - 7 0.023 0.019
2026-03-11 14:16:59,081 17656 INFO odoo15 werkzeug: 127.0.0.1 - - [11/Mar/2026 14:16:59] "POST /web/dataset/call_kw/project.task/web_read_group HTTP/1.1" 200 - 8 0.021 0.028
2026-03-11 14:16:59,473 17656 INFO odoo15 werkzeug: 127.0.0.1 - - [11/Mar/2026 14:16:59] "POST /web/dataset/search_read HTTP/1.1" 200 - 28 0.039 0.037
2026-03-11 14:16:59,807 17656 INFO odoo15 werkzeug: 127.0.0.1 - - [11/Mar/2026 14:16:59] "POST /web/dataset/call_kw/res.users/read HTTP/1.1" 200 - 4 0.004 0.010
2026-03-11 14:17:05,589 17656 INFO odoo15 werkzeug: 127.0.0.1 - - [11/Mar/2026 14:17:05] "POST /web/dataset/search_read HTTP/1.1" 200 - 23 0.036 0.030
2026-03-11 14:17:05,909 17656 INFO odoo15 werkzeug: 127.0.0.1 - - [11/Mar/2026 14:17:05] "POST /web/dataset/call_kw/project.tags/read HTTP/1.1" 200 - 2 0.002 0.002
2026-03-11 14:17:08,469 17656 INFO odoo15 werkzeug: 127.0.0.1 - - [11/Mar/2026 14:17:08] "POST /web/dataset/call_kw/project.task/read_progress_bar HTTP/1.1" 200 - 7 0.011 0.009
2026-03-11 14:17:08,471 17656 INFO odoo15 werkzeug: 127.0.0.1 - - [11/Mar/2026 14:17:08] "POST /web/dataset/call_kw/project.task/web_read_group HTTP/1.1" 200 - 8 0.009 0.013
2026-03-11 14:17:08,812 17656 INFO odoo15 werkzeug: 127.0.0.1 - - [11/Mar/2026 14:17:08] "POST /web/dataset/search_read HTTP/1.1" 200 - 28 0.022 0.010
2026-03-11 14:17:09,149 17656 INFO odoo15 werkzeug: 127.0.0.1 - - [11/Mar/2026 14:17:09] "POST /web/dataset/call_kw/res.users/read HTTP/1.1" 200 - 4 0.006 0.013
2026-03-11 14:17:10,476 17656 INFO odoo15 werkzeug: 127.0.0.1 - - [11/Mar/2026 14:17:10] "POST /longpolling/poll HTTP/1.1" 200 - 9 0.006 50.009
2026-03-11 14:17:11,070 17656 INFO odoo15 werkzeug: 127.0.0.1 - - [11/Mar/2026 14:17:11] "POST /longpolling/im_status HTTP/1.1" 200 - 4 0.006 0.009
2026-03-11 14:17:11,117 17656 INFO odoo15 werkzeug: 127.0.0.1 - - [11/Mar/2026 14:17:11] "POST /web/dataset/call_kw/project.task/read HTTP/1.1" 200 - 45 0.022 0.032
2026-03-11 14:17:11,128 17656 INFO odoo15 werkzeug: 127.0.0.1 - - [11/Mar/2026 14:17:11] "POST /longpolling/poll HTTP/1.1" 200 - 13 0.011 50.007
2026-03-11 14:17:11,445 17656 INFO odoo15 werkzeug: 127.0.0.1 - - [11/Mar/2026 14:17:11] "POST /web/dataset/call_kw/res.users/read HTTP/1.1" 200 - 4 0.003 0.010
2026-03-11 14:17:11,445 17656 INFO odoo15 werkzeug: 127.0.0.1 - - [11/Mar/2026 14:17:11] "POST /web/dataset/call_kw/mail.followers/read HTTP/1.1" 200 - 3 0.002 0.010
2026-03-11 14:17:11,457 17656 INFO odoo15 werkzeug: 127.0.0.1 - - [11/Mar/2026 14:17:11] "POST /web/dataset/call_kw/mail.message/read HTTP/1.1" 200 - 10 0.011 0.012
2026-03-11 14:17:11,734 17656 INFO odoo15 werkzeug: 127.0.0.1 - - [11/Mar/2026 14:17:11] "POST /longpolling/im_status HTTP/1.1" 200 - 4 0.008 0.011
2026-03-11 14:17:11,799 17656 INFO odoo15 werkzeug: 127.0.0.1 - - [11/Mar/2026 14:17:11] "POST /web/dataset/call_kw/project.task.type/search_read HTTP/1.1" 200 - 3 0.009 0.010
2026-03-11 14:17:12,130 17656 INFO odoo15 werkzeug: 127.0.0.1 - - [11/Mar/2026 14:17:12] "POST /web/dataset/call_kw/project.task.type/name_get HTTP/1.1" 200 - 2 0.008 0.012
2026-03-11 14:17:12,570 17656 INFO odoo15 werkzeug: 127.0.0.1 - - [11/Mar/2026 14:17:12] "POST /mail/thread/messages HTTP/1.1" 200 - 4 0.018 0.037
2026-03-11 14:17:12,586 17656 INFO odoo15 werkzeug: 127.0.0.1 - - [11/Mar/2026 14:17:12] "POST /web/dataset/call_kw/project.task/read HTTP/1.1" 200 - 12 0.032 0.039
2026-03-11 14:17:12,589 17656 INFO odoo15 werkzeug: 127.0.0.1 - - [11/Mar/2026 14:17:12] "POST /mail/get_suggested_recipients HTTP/1.1" 200 - 11 0.024 0.050
2026-03-11 14:17:12,589 17656 INFO odoo15 werkzeug: 127.0.0.1 - - [11/Mar/2026 14:17:12] "POST /web/dataset/call_kw/mail.message/mark_all_as_read HTTP/1.1" 200 - 10 0.033 0.041
2026-03-11 14:17:12,593 17656 INFO odoo15 werkzeug: 127.0.0.1 - - [11/Mar/2026 14:17:12] "POST /mail/read_followers HTTP/1.1" 200 - 21 0.054 0.024
2026-03-11 14:17:12,920 17656 INFO odoo15 werkzeug: 127.0.0.1 - - [11/Mar/2026 14:17:12] "POST /mail/thread/data HTTP/1.1" 200 - 7 0.005 0.032
2026-03-11 14:17:12,942 17656 INFO odoo15 werkzeug: 127.0.0.1 - - [11/Mar/2026 14:17:12] "POST /mail/thread/data HTTP/1.1" 200 - 7 0.011 0.016
2026-03-11 14:17:12,947 17656 INFO odoo15 werkzeug: 127.0.0.1 - - [11/Mar/2026 14:17:12] "POST /mail/get_suggested_recipients HTTP/1.1" 200 - 11 0.010 0.031
2026-03-11 14:17:12,948 17656 INFO odoo15 werkzeug: 127.0.0.1 - - [11/Mar/2026 14:17:12] "POST /web/dataset/call_kw/project.task/read HTTP/1.1" 200 - 12 0.023 0.019
2026-03-11 14:17:12,955 17656 INFO odoo15 werkzeug: 127.0.0.1 - - [11/Mar/2026 14:17:12] "POST /mail/read_followers HTTP/1.1" 200 - 21 0.039 0.009
2026-03-11 14:17:13,234 17656 INFO odoo15 werkzeug: 127.0.0.1 - - [11/Mar/2026 14:17:13] "POST /web/dataset/call_kw/mail.activity/activity_format HTTP/1.1" 200 - 1 0.000 0.003
2026-03-11 14:17:13,265 17656 INFO odoo15 werkzeug: 127.0.0.1 - - [11/Mar/2026 14:17:13] "POST /web/dataset/call_kw/mail.activity/activity_format HTTP/1.1" 200 - 1 0.001 0.001
2026-03-11 14:17:14,947 17656 INFO odoo15 werkzeug: 127.0.0.1 - - [11/Mar/2026 14:17:14] "POST /web/dataset/call_kw/project.task/read_progress_bar HTTP/1.1" 200 - 7 0.008 0.009
2026-03-11 14:17:14,947 17656 INFO odoo15 werkzeug: 127.0.0.1 - - [11/Mar/2026 14:17:14] "POST /web/dataset/call_kw/project.task/web_read_group HTTP/1.1" 200 - 8 0.008 0.011
2026-03-11 14:17:15,338 17656 INFO odoo15 werkzeug: 127.0.0.1 - - [11/Mar/2026 14:17:15] "POST /web/dataset/search_read HTTP/1.1" 200 - 28 0.041 0.035
2026-03-11 14:17:15,667 17656 INFO odoo15 werkzeug: 127.0.0.1 - - [11/Mar/2026 14:17:15] "POST /web/dataset/call_kw/res.users/read HTTP/1.1" 200 - 4 0.006 0.014
2026-03-11 14:17:22,010 17656 INFO odoo15 werkzeug: 127.0.0.1 - - [11/Mar/2026 14:17:22] "POST /web/dataset/search_read HTTP/1.1" 200 - 23 0.032 0.036
2026-03-11 14:17:22,337 17656 INFO odoo15 werkzeug: 127.0.0.1 - - [11/Mar/2026 14:17:22] "POST /web/dataset/call_kw/project.tags/read HTTP/1.1" 200 - 2 0.003 0.009
2026-03-11 14:17:45,203 17656 INFO odoo15 werkzeug: 127.0.0.1 - - [11/Mar/2026 14:17:45] "POST /web/dataset/call_button HTTP/1.1" 200 - 14 0.027 0.032
2026-03-11 14:17:45,537 17656 INFO odoo15 werkzeug: 127.0.0.1 - - [11/Mar/2026 14:17:45] "POST /web/dataset/call_kw/project.task/read_progress_bar HTTP/1.1" 200 - 7 0.008 0.008
2026-03-11 14:17:45,538 17656 INFO odoo15 werkzeug: 127.0.0.1 - - [11/Mar/2026 14:17:45] "POST /web/dataset/call_kw/project.task/web_read_group HTTP/1.1" 200 - 8 0.011 0.008
2026-03-11 14:17:45,940 17656 INFO odoo15 werkzeug: 127.0.0.1 - - [11/Mar/2026 14:17:45] "POST /web/dataset/search_read HTTP/1.1" 200 - 61 0.049 0.037
2026-03-11 14:17:45,941 17656 INFO odoo15 werkzeug: 127.0.0.1 - - [11/Mar/2026 14:17:45] "POST /web/dataset/search_read HTTP/1.1" 200 - 61 0.047 0.038
2026-03-11 14:17:46,262 17656 INFO odoo15 werkzeug: 127.0.0.1 - - [11/Mar/2026 14:17:46] "POST /web/dataset/call_kw/project.tags/read HTTP/1.1" 200 - 2 0.002 0.007
2026-03-11 14:17:46,267 17656 INFO odoo15 werkzeug: 127.0.0.1 - - [11/Mar/2026 14:17:46] "POST /web/dataset/call_kw/res.users/read HTTP/1.1" 200 - 4 0.005 0.011
2026-03-11 14:17:46,583 17656 INFO odoo15 werkzeug: 127.0.0.1 - - [11/Mar/2026 14:17:46] "POST /web/dataset/call_kw/project.task.type/read HTTP/1.1" 200 - 2 0.002 0.002
2026-03-11 14:17:46,894 17656 INFO odoo15 werkzeug: 127.0.0.1 - - [11/Mar/2026 14:17:46] "POST /web/dataset/call_kw/project.project/get_last_update_or_default HTTP/1.1" 200 - 2 0.002 0.003
2026-03-11 14:18:00,810 17656 INFO odoo15 werkzeug: 127.0.0.1 - - [11/Mar/2026 14:18:00] "POST /longpolling/poll HTTP/1.1" 200 - 9 0.005 50.016
2026-03-11 14:18:01,464 17656 INFO odoo15 werkzeug: 127.0.0.1 - - [11/Mar/2026 14:18:01] "POST /longpolling/im_status HTTP/1.1" 200 - 4 0.002 0.003
2026-03-11 14:18:01,477 17656 INFO odoo15 werkzeug: 127.0.0.1 - - [11/Mar/2026 14:18:01] "POST /longpolling/poll HTTP/1.1" 200 - 9 0.006 50.024
2026-03-11 14:18:02,799 17656 INFO odoo15 werkzeug: 127.0.0.1 - - [11/Mar/2026 14:18:02] "POST /longpolling/im_status HTTP/1.1" 200 - 4 0.006 0.014
2026-03-11 14:18:51,168 17656 INFO odoo15 werkzeug: 127.0.0.1 - - [11/Mar/2026 14:18:51] "POST /longpolling/poll HTTP/1.1" 200 - 9 0.021 50.019
2026-03-11 14:18:51,501 17656 INFO odoo15 werkzeug: 127.0.0.1 - - [11/Mar/2026 14:18:51] "POST /longpolling/poll HTTP/1.1" 200 - 9 0.012 50.008
2026-03-11 14:18:52,455 17656 INFO odoo15 werkzeug: 127.0.0.1 - - [11/Mar/2026 14:18:52] "POST /longpolling/im_status HTTP/1.1" 200 - 4 0.003 0.001
2026-03-11 14:18:53,482 17656 INFO odoo15 werkzeug: 127.0.0.1 - - [11/Mar/2026 14:18:53] "POST /longpolling/im_status HTTP/1.1" 200 - 4 0.016 0.004
2026-03-11 14:19:41,523 17656 INFO odoo15 werkzeug: 127.0.0.1 - - [11/Mar/2026 14:19:41] "POST /longpolling/poll HTTP/1.1" 200 - 9 0.024 50.013
2026-03-11 14:19:41,841 17656 INFO odoo15 werkzeug: 127.0.0.1 - - [11/Mar/2026 14:19:41] "POST /longpolling/poll HTTP/1.1" 200 - 9 0.000 50.022
2026-03-11 14:19:43,475 17656 INFO odoo15 werkzeug: 127.0.0.1 - - [11/Mar/2026 14:19:43] "POST /longpolling/im_status HTTP/1.1" 200 - 4 0.009 0.010
2026-03-11 14:19:44,475 17656 INFO odoo15 werkzeug: 127.0.0.1 - - [11/Mar/2026 14:19:44] "POST /longpolling/im_status HTTP/1.1" 200 - 4 0.007 0.004
2026-03-11 14:20:31,850 17656 INFO odoo15 werkzeug: 127.0.0.1 - - [11/Mar/2026 14:20:31] "POST /longpolling/poll HTTP/1.1" 200 - 9 0.006 50.014
2026-03-11 14:20:32,190 17656 INFO odoo15 werkzeug: 127.0.0.1 - - [11/Mar/2026 14:20:32] "POST /longpolling/poll HTTP/1.1" 200 - 9 0.003 50.034
2026-03-11 14:20:34,481 17656 INFO odoo15 werkzeug: 127.0.0.1 - - [11/Mar/2026 14:20:34] "POST /longpolling/im_status HTTP/1.1" 200 - 4 0.006 0.022
2026-03-11 14:20:35,466 17656 INFO odoo15 werkzeug: 127.0.0.1 - - [11/Mar/2026 14:20:35] "POST /longpolling/im_status HTTP/1.1" 200 - 4 0.000 0.008
2026-03-11 14:21:22,195 17656 INFO odoo15 werkzeug: 127.0.0.1 - - [11/Mar/2026 14:21:22] "POST /longpolling/poll HTTP/1.1" 200 - 9 0.006 50.015
2026-03-11 14:21:22,538 17656 INFO odoo15 werkzeug: 127.0.0.1 - - [11/Mar/2026 14:21:22] "POST /longpolling/poll HTTP/1.1" 200 - 9 0.003 50.022
2026-03-11 14:21:25,473 17656 INFO odoo15 werkzeug: 127.0.0.1 - - [11/Mar/2026 14:21:25] "POST /longpolling/im_status HTTP/1.1" 200 - 4 0.000 0.012
2026-03-11 14:21:26,478 17656 INFO odoo15 werkzeug: 127.0.0.1 - - [11/Mar/2026 14:21:26] "POST /longpolling/im_status HTTP/1.1" 200 - 4 0.001 0.007
2026-03-11 14:22:12,558 17656 INFO odoo15 werkzeug: 127.0.0.1 - - [11/Mar/2026 14:22:12] "POST /longpolling/poll HTTP/1.1" 200 - 9 0.012 50.020
2026-03-11 14:22:12,895 17656 INFO odoo15 werkzeug: 127.0.0.1 - - [11/Mar/2026 14:22:12] "POST /longpolling/poll HTTP/1.1" 200 - 9 0.019 50.015
2026-03-11 14:22:16,470 17656 INFO odoo15 werkzeug: 127.0.0.1 - - [11/Mar/2026 14:22:16] "POST /longpolling/im_status HTTP/1.1" 200 - 4 0.011 0.008
2026-03-11 14:22:17,484 17656 INFO odoo15 werkzeug: 127.0.0.1 - - [11/Mar/2026 14:22:17] "POST /longpolling/im_status HTTP/1.1" 200 - 4 0.000 0.016
2026-03-11 14:23:02,910 17656 INFO odoo15 werkzeug: 127.0.0.1 - - [11/Mar/2026 14:23:02] "POST /longpolling/poll HTTP/1.1" 200 - 9 0.005 50.015
2026-03-11 14:23:03,249 17656 INFO odoo15 werkzeug: 127.0.0.1 - - [11/Mar/2026 14:23:03] "POST /longpolling/poll HTTP/1.1" 200 - 9 0.010 50.018
2026-03-11 14:23:07,467 17656 INFO odoo15 werkzeug: 127.0.0.1 - - [11/Mar/2026 14:23:07] "POST /longpolling/im_status HTTP/1.1" 200 - 4 0.000 0.015
2026-03-11 14:23:08,474 17656 INFO odoo15 werkzeug: 127.0.0.1 - - [11/Mar/2026 14:23:08] "POST /longpolling/im_status HTTP/1.1" 200 - 4 0.004 0.005
2026-03-11 14:23:53,247 17656 INFO odoo15 werkzeug: 127.0.0.1 - - [11/Mar/2026 14:23:53] "POST /longpolling/poll HTTP/1.1" 200 - 9 0.004 50.013
2026-03-11 14:23:53,586 17656 INFO odoo15 werkzeug: 127.0.0.1 - - [11/Mar/2026 14:23:53] "POST /longpolling/poll HTTP/1.1" 200 - 9 0.002 50.020
2026-03-11 14:23:58,454 17656 INFO odoo15 werkzeug: 127.0.0.1 - - [11/Mar/2026 14:23:58] "POST /longpolling/im_status HTTP/1.1" 200 - 4 0.003 0.000
2026-03-11 14:23:59,449 17656 INFO odoo15 werkzeug: 127.0.0.1 - - [11/Mar/2026 14:23:59] "POST /longpolling/im_status HTTP/1.1" 200 - 4 0.000 0.002
2026-03-11 14:24:43,605 17656 INFO odoo15 werkzeug: 127.0.0.1 - - [11/Mar/2026 14:24:43] "POST /longpolling/poll HTTP/1.1" 200 - 9 0.003 50.037
2026-03-11 14:24:43,959 17656 INFO odoo15 werkzeug: 127.0.0.1 - - [11/Mar/2026 14:24:43] "POST /longpolling/poll HTTP/1.1" 200 - 9 0.004 50.026
2026-03-11 14:24:49,470 17656 INFO odoo15 werkzeug: 127.0.0.1 - - [11/Mar/2026 14:24:49] "POST /longpolling/im_status HTTP/1.1" 200 - 4 0.004 0.016
2026-03-11 14:24:50,480 17656 INFO odoo15 werkzeug: 127.0.0.1 - - [11/Mar/2026 14:24:50] "POST /longpolling/im_status HTTP/1.1" 200 - 4 0.000 0.026
2026-03-11 14:25:33,936 17656 INFO odoo15 werkzeug: 127.0.0.1 - - [11/Mar/2026 14:25:33] "POST /longpolling/poll HTTP/1.1" 200 - 9 0.005 50.017
2026-03-11 14:25:34,316 17656 INFO odoo15 werkzeug: 127.0.0.1 - - [11/Mar/2026 14:25:34] "POST /longpolling/poll HTTP/1.1" 200 - 9 0.002 50.031
2026-03-11 14:25:40,466 17656 INFO odoo15 werkzeug: 127.0.0.1 - - [11/Mar/2026 14:25:40] "POST /longpolling/im_status HTTP/1.1" 200 - 4 0.004 0.004
2026-03-11 14:25:41,490 17656 INFO odoo15 werkzeug: 127.0.0.1 - - [11/Mar/2026 14:25:41] "POST /longpolling/im_status HTTP/1.1" 200 - 4 0.008 0.011
2026-03-11 14:26:24,265 17656 INFO odoo15 werkzeug: 127.0.0.1 - - [11/Mar/2026 14:26:24] "POST /longpolling/poll HTTP/1.1" 200 - 9 0.005 50.010
2026-03-11 14:26:24,655 17656 INFO odoo15 werkzeug: 127.0.0.1 - - [11/Mar/2026 14:26:24] "POST /longpolling/poll HTTP/1.1" 200 - 9 0.008 50.013
2026-03-11 14:26:31,454 17656 INFO odoo15 werkzeug: 127.0.0.1 - - [11/Mar/2026 14:26:31] "POST /longpolling/im_status HTTP/1.1" 200 - 4 0.002 0.004
2026-03-11 14:26:32,472 17656 INFO odoo15 werkzeug: 127.0.0.1 - - [11/Mar/2026 14:26:32] "POST /longpolling/im_status HTTP/1.1" 200 - 4 0.000 0.018
2026-03-11 14:27:14,594 17656 INFO odoo15 werkzeug: 127.0.0.1 - - [11/Mar/2026 14:27:14] "POST /longpolling/poll HTTP/1.1" 200 - 9 0.001 50.013
2026-03-11 14:27:15,026 17656 INFO odoo15 werkzeug: 127.0.0.1 - - [11/Mar/2026 14:27:15] "POST /longpolling/poll HTTP/1.1" 200 - 9 0.008 50.040
2026-03-11 14:27:22,470 17656 INFO odoo15 werkzeug: 127.0.0.1 - - [11/Mar/2026 14:27:22] "POST /longpolling/im_status HTTP/1.1" 200 - 4 0.014 0.000
2026-03-11 14:27:23,478 17656 INFO odoo15 werkzeug: 127.0.0.1 - - [11/Mar/2026 14:27:23] "POST /longpolling/im_status HTTP/1.1" 200 - 4 0.004 0.014
2026-03-11 14:28:04,954 17656 INFO odoo15 werkzeug: 127.0.0.1 - - [11/Mar/2026 14:28:04] "POST /longpolling/poll HTTP/1.1" 200 - 9 0.009 50.025
2026-03-11 14:28:05,403 17656 INFO odoo15 werkzeug: 127.0.0.1 - - [11/Mar/2026 14:28:05] "POST /longpolling/poll HTTP/1.1" 200 - 9 0.016 50.022
2026-03-11 14:28:12,830 17656 INFO odoo15 werkzeug: 127.0.0.1 - - [11/Mar/2026 14:28:12] "POST /longpolling/im_status HTTP/1.1" 200 - 4 0.000 0.005
2026-03-11 14:28:14,479 17656 INFO odoo15 werkzeug: 127.0.0.1 - - [11/Mar/2026 14:28:14] "POST /longpolling/im_status HTTP/1.1" 200 - 4 0.000 0.010
2026-03-11 14:28:55,309 17656 INFO odoo15 werkzeug: 127.0.0.1 - - [11/Mar/2026 14:28:55] "POST /longpolling/poll HTTP/1.1" 200 - 9 0.017 50.016
2026-03-11 14:28:55,752 17656 INFO odoo15 werkzeug: 127.0.0.1 - - [11/Mar/2026 14:28:55] "POST /longpolling/poll HTTP/1.1" 200 - 9 0.002 50.024
2026-03-11 14:29:03,462 17656 INFO odoo15 werkzeug: 127.0.0.1 - - [11/Mar/2026 14:29:03] "POST /longpolling/im_status HTTP/1.1" 200 - 4 0.000 0.010
2026-03-11 14:29:05,464 17656 INFO odoo15 werkzeug: 127.0.0.1 - - [11/Mar/2026 14:29:05] "POST /longpolling/im_status HTTP/1.1" 200 - 4 0.000 0.010
2026-03-11 14:29:45,666 17656 INFO odoo15 werkzeug: 127.0.0.1 - - [11/Mar/2026 14:29:45] "POST /longpolling/poll HTTP/1.1" 200 - 9 0.000 50.037
2026-03-11 14:29:46,088 17656 INFO odoo15 werkzeug: 127.0.0.1 - - [11/Mar/2026 14:29:46] "POST /longpolling/poll HTTP/1.1" 200 - 9 0.005 50.008
2026-03-11 14:29:54,469 17656 INFO odoo15 werkzeug: 127.0.0.1 - - [11/Mar/2026 14:29:54] "POST /longpolling/im_status HTTP/1.1" 200 - 4 0.007 0.007
2026-03-11 14:29:56,472 17656 INFO odoo15 werkzeug: 127.0.0.1 - - [11/Mar/2026 14:29:56] "POST /longpolling/im_status HTTP/1.1" 200 - 4 0.000 0.006
2026-03-11 14:30:36,028 17656 INFO odoo15 werkzeug: 127.0.0.1 - - [11/Mar/2026 14:30:36] "POST /longpolling/poll HTTP/1.1" 200 - 9 0.016 50.027
2026-03-11 14:30:36,440 17656 INFO odoo15 werkzeug: 127.0.0.1 - - [11/Mar/2026 14:30:36] "POST /longpolling/poll HTTP/1.1" 200 - 9 0.014 50.019
2026-03-11 14:30:45,469 17656 INFO odoo15 werkzeug: 127.0.0.1 - - [11/Mar/2026 14:30:45] "POST /longpolling/im_status HTTP/1.1" 200 - 4 0.004 0.013
2026-03-11 14:30:47,490 17656 INFO odoo15 werkzeug: 127.0.0.1 - - [11/Mar/2026 14:30:47] "POST /longpolling/im_status HTTP/1.1" 200 - 4 0.014 0.016
2026-03-11 14:31:26,379 17656 INFO odoo15 werkzeug: 127.0.0.1 - - [11/Mar/2026 14:31:26] "POST /longpolling/poll HTTP/1.1" 200 - 9 0.000 50.036
2026-03-11 14:31:26,805 17656 INFO odoo15 werkzeug: 127.0.0.1 - - [11/Mar/2026 14:31:26] "POST /longpolling/poll HTTP/1.1" 200 - 9 0.005 50.023
2026-03-11 14:31:36,456 17656 INFO odoo15 werkzeug: 127.0.0.1 - - [11/Mar/2026 14:31:36] "POST /longpolling/im_status HTTP/1.1" 200 - 4 0.001 0.004
2026-03-11 14:31:38,473 17656 INFO odoo15 werkzeug: 127.0.0.1 - - [11/Mar/2026 14:31:38] "POST /longpolling/im_status HTTP/1.1" 200 - 4 0.003 0.007
2026-03-11 14:32:16,723 17656 INFO odoo15 werkzeug: 127.0.0.1 - - [11/Mar/2026 14:32:16] "POST /longpolling/poll HTTP/1.1" 200 - 9 0.008 50.008
2026-03-11 14:32:17,178 17656 INFO odoo15 werkzeug: 127.0.0.1 - - [11/Mar/2026 14:32:17] "POST /longpolling/poll HTTP/1.1" 200 - 9 0.003 50.036
2026-03-11 14:32:27,462 17656 INFO odoo15 werkzeug: 127.0.0.1 - - [11/Mar/2026 14:32:27] "POST /longpolling/im_status HTTP/1.1" 200 - 4 0.000 0.016
2026-03-11 14:32:29,472 17656 INFO odoo15 werkzeug: 127.0.0.1 - - [11/Mar/2026 14:32:29] "POST /longpolling/im_status HTTP/1.1" 200 - 4 0.000 0.013
2026-03-11 14:33:07,080 17656 INFO odoo15 werkzeug: 127.0.0.1 - - [11/Mar/2026 14:33:07] "POST /longpolling/poll HTTP/1.1" 200 - 9 0.013 50.018
2026-03-11 14:33:07,520 17656 INFO odoo15 werkzeug: 127.0.0.1 - - [11/Mar/2026 14:33:07] "POST /longpolling/poll HTTP/1.1" 200 - 9 0.004 50.012
2026-03-11 14:33:18,464 17656 INFO odoo15 werkzeug: 127.0.0.1 - - [11/Mar/2026 14:33:18] "POST /longpolling/im_status HTTP/1.1" 200 - 4 0.000 0.016
2026-03-11 14:33:20,456 17656 INFO odoo15 werkzeug: 127.0.0.1 - - [11/Mar/2026 14:33:20] "POST /longpolling/im_status HTTP/1.1" 200 - 4 0.007 0.000
2026-03-11 14:33:57,437 17656 INFO odoo15 werkzeug: 127.0.0.1 - - [11/Mar/2026 14:33:57] "POST /longpolling/poll HTTP/1.1" 200 - 9 0.017 50.024
2026-03-11 14:33:57,875 17656 INFO odoo15 werkzeug: 127.0.0.1 - - [11/Mar/2026 14:33:57] "POST /longpolling/poll HTTP/1.1" 200 - 9 0.006 50.022
2026-03-11 14:34:09,485 17656 INFO odoo15 werkzeug: 127.0.0.1 - - [11/Mar/2026 14:34:09] "POST /longpolling/im_status HTTP/1.1" 200 - 4 0.014 0.007
2026-03-11 14:34:11,472 17656 INFO odoo15 werkzeug: 127.0.0.1 - - [11/Mar/2026 14:34:11] "POST /longpolling/im_status HTTP/1.1" 200 - 4 0.000 0.011
2026-03-11 14:34:47,781 17656 INFO odoo15 werkzeug: 127.0.0.1 - - [11/Mar/2026 14:34:47] "POST /longpolling/poll HTTP/1.1" 200 - 9 0.009 50.023
2026-03-11 14:34:48,196 17656 INFO odoo15 werkzeug: 127.0.0.1 - - [11/Mar/2026 14:34:48] "POST /longpolling/poll HTTP/1.1" 200 - 9 0.009 50.005
2026-03-11 14:35:00,455 17656 INFO odoo15 werkzeug: 127.0.0.1 - - [11/Mar/2026 14:35:00] "POST /longpolling/im_status HTTP/1.1" 200 - 4 0.000 0.006
2026-03-11 14:35:02,471 17656 INFO odoo15 werkzeug: 127.0.0.1 - - [11/Mar/2026 14:35:02] "POST /longpolling/im_status HTTP/1.1" 200 - 4 0.004 0.007
2026-03-11 14:35:38,121 17656 INFO odoo15 werkzeug: 127.0.0.1 - - [11/Mar/2026 14:35:38] "POST /longpolling/poll HTTP/1.1" 200 - 9 0.000 50.026
2026-03-11 14:35:38,555 17656 INFO odoo15 werkzeug: 127.0.0.1 - - [11/Mar/2026 14:35:38] "POST /longpolling/poll HTTP/1.1" 200 - 9 0.000 50.026
2026-03-11 14:35:51,459 17656 INFO odoo15 werkzeug: 127.0.0.1 - - [11/Mar/2026 14:35:51] "POST /longpolling/im_status HTTP/1.1" 200 - 4 0.000 0.000
2026-03-11 14:35:53,490 17656 INFO odoo15 werkzeug: 127.0.0.1 - - [11/Mar/2026 14:35:53] "POST /longpolling/im_status HTTP/1.1" 200 - 4 0.001 0.019
2026-03-11 14:36:28,479 17656 INFO odoo15 werkzeug: 127.0.0.1 - - [11/Mar/2026 14:36:28] "POST /longpolling/poll HTTP/1.1" 200 - 9 0.004 50.023
2026-03-11 14:36:28,895 17656 INFO odoo15 werkzeug: 127.0.0.1 - - [11/Mar/2026 14:36:28] "POST /longpolling/poll HTTP/1.1" 200 - 9 0.006 50.013
2026-03-11 14:36:42,453 17656 INFO odoo15 werkzeug: 127.0.0.1 - - [11/Mar/2026 14:36:42] "POST /longpolling/im_status HTTP/1.1" 200 - 4 0.001 0.003
2026-03-11 14:36:44,463 17656 INFO odoo15 werkzeug: 127.0.0.1 - - [11/Mar/2026 14:36:44] "POST /longpolling/im_status HTTP/1.1" 200 - 4 0.003 0.005
2026-03-11 14:36:58,115 17656 INFO ? odoo.service.server: Initiating shutdown 
2026-03-11 14:36:58,115 17656 INFO ? odoo.service.server: Hit CTRL-C again or send a second signal to force the shutdown. 
2026-03-11 14:36:58,357 17656 INFO ? odoo.sql_db: ConnectionPool(used=0/count=0/max=64): Closed 9 connections  
2026-03-11 14:36:58,459 17656 INFO odoo15 werkzeug: 127.0.0.1 - - [11/Mar/2026 14:36:58] "POST /longpolling/poll HTTP/1.1" 200 - 9 0.018 29.228
2026-03-11 14:36:58,461 17656 INFO odoo15 werkzeug: 127.0.0.1 - - [11/Mar/2026 14:36:58] "POST /longpolling/poll HTTP/1.1" 200 - 9 0.007 29.638
2026-03-11 14:37:04,416 27808 INFO ? odoo: Odoo version 15.0-20250101 
2026-03-11 14:37:04,416 27808 INFO ? odoo: Using configuration file at C:\Odoo15\server\odoo.conf 
2026-03-11 14:37:04,416 27808 INFO ? odoo: addons paths: ['C:\\Odoo15\\server\\odoo\\addons', 'c:\\users\\pc\\appdata\\local\\openerp s.a\\odoo\\addons\\15.0', 'c:\\odoo15\\server\\odoo\\addons', 'c:\\odoo15\\custom_addons'] 
2026-03-11 14:37:04,416 27808 INFO ? odoo: database: odoo15@localhost:5432 
2026-03-11 14:37:04,546 27808 INFO ? odoo.addons.base.models.ir_actions_report: Will use the Wkhtmltopdf binary at C:\Odoo15\thirdparty\wkhtmltopdf.exe 
2026-03-11 14:37:04,751 27808 INFO ? odoo.service.server: HTTP service (werkzeug) running on Busayomi.promethean.io:8070 
2026-03-11 14:37:10,051 27808 INFO ? odoo.http: HTTP Configuring static files 
2026-03-11 14:37:10,159 27808 INFO odoo15 odoo.modules.loading: loading 1 modules... 
2026-03-11 14:37:10,165 27808 INFO odoo15 odoo.modules.loading: 1 modules loaded in 0.01s, 0 queries (+0 extra) 
2026-03-11 14:37:10,177 27808 WARNING odoo15 odoo.modules.module: Missing `license` key in manifest for 'project_access_restriction', defaulting to LGPL-3 
2026-03-11 14:37:10,184 27808 INFO odoo15 odoo.modules.loading: loading 32 modules... 
2026-03-11 14:37:10,558 27808 WARNING odoo15 odoo.modules.module: Missing `license` key in manifest for 'project_access_restriction', defaulting to LGPL-3 
2026-03-11 14:37:10,560 27808 INFO odoo15 odoo.modules.loading: 32 modules loaded in 0.38s, 0 queries (+0 extra) 
2026-03-11 14:37:10,619 27808 INFO odoo15 odoo.modules.loading: Modules loaded. 
2026-03-11 14:37:10,623 27808 INFO odoo15 odoo.modules.registry: Registry loaded in 0.560s 
2026-03-11 14:37:10,624 27808 INFO odoo15 odoo.addons.base.models.ir_http: Generating routing map for key None 
2026-03-11 14:37:11,535 27808 INFO odoo15 werkzeug: 127.0.0.1 - - [11/Mar/2026 14:37:11] "GET /web HTTP/1.1" 200 - 308 0.166 1.307
2026-03-11 14:37:11,565 27808 INFO odoo15 werkzeug: 127.0.0.1 - - [11/Mar/2026 14:37:11] "GET /web/webclient/load_menus/1024dca71634378b732afbdfd925ed3eb6dcfadcba632b3ab359d6324afaf5c5 HTTP/1.1" 200 - 1 0.001 0.004
2026-03-11 14:37:11,785 27808 INFO odoo15 werkzeug: 127.0.0.1 - - [11/Mar/2026 14:37:11] "POST /web/action/load HTTP/1.1" 200 - 85 0.034 0.048
2026-03-11 14:37:12,247 27808 INFO odoo15 werkzeug: 127.0.0.1 - - [11/Mar/2026 14:37:12] "POST /mail/init_messaging HTTP/1.1" 200 - 70 0.066 0.144
2026-03-11 14:37:12,264 27808 INFO odoo15 werkzeug: 127.0.0.1 - - [11/Mar/2026 14:37:12] "POST /web/dataset/call_kw/res.users/systray_get_activities HTTP/1.1" 200 - 2 0.007 0.191
2026-03-11 14:37:12,290 27808 INFO odoo15 werkzeug: 127.0.0.1 - - [11/Mar/2026 14:37:12] "GET /web/image/res.company/1/favicon HTTP/1.1" 200 - 10 0.029 0.193
2026-03-11 14:37:12,297 27808 INFO ? odoo.addons.bus.models.bus: Bus.loop listen imbus on db postgres 
2026-03-11 14:37:12,334 27808 INFO odoo15 werkzeug: 127.0.0.1 - - [11/Mar/2026 14:37:12] "[36mGET /web/image?model=res.users&field=avatar_128&id=8 HTTP/1.1[0m" 304 - 15 0.041 0.196
2026-03-11 14:37:12,376 27808 INFO odoo15 werkzeug: 127.0.0.1 - - [11/Mar/2026 14:37:12] "POST /web/dataset/call_kw/project.task/load_views HTTP/1.1" 200 - 77 0.060 0.248
2026-03-11 14:37:12,624 27808 INFO odoo15 werkzeug: 127.0.0.1 - - [11/Mar/2026 14:37:12] "POST /longpolling/im_status HTTP/1.1" 200 - 4 0.025 0.014
2026-03-11 14:37:12,631 27808 INFO odoo15 werkzeug: 127.0.0.1 - - [11/Mar/2026 14:37:12] "POST /mail/load_message_failures HTTP/1.1" 200 - 3 0.030 0.013
2026-03-11 14:37:12,773 27808 INFO odoo15 werkzeug: 127.0.0.1 - - [11/Mar/2026 14:37:12] "POST /web/dataset/call_kw/project.task/web_read_group HTTP/1.1" 200 - 18 0.054 0.019
2026-03-11 14:37:12,777 27808 INFO odoo15 werkzeug: 127.0.0.1 - - [11/Mar/2026 14:37:12] "POST /web/dataset/call_kw/project.task/read_progress_bar HTTP/1.1" 200 - 13 0.064 0.013
2026-03-11 14:37:13,149 27808 INFO odoo15 werkzeug: 127.0.0.1 - - [11/Mar/2026 14:37:13] "POST /web/dataset/search_read HTTP/1.1" 200 - 6 0.048 0.015
2026-03-11 14:37:13,199 27808 INFO odoo15 werkzeug: 127.0.0.1 - - [11/Mar/2026 14:37:13] "POST /web/dataset/search_read HTTP/1.1" 200 - 35 0.092 0.024
2026-03-11 14:37:13,554 27808 INFO odoo15 werkzeug: 127.0.0.1 - - [11/Mar/2026 14:37:13] "POST /web/dataset/call_kw/res.users/read HTTP/1.1" 200 - 4 0.022 0.016
2026-03-11 14:37:13,939 27808 INFO odoo15 werkzeug: 127.0.0.1 - - [11/Mar/2026 14:37:13] "POST /web/dataset/call_kw/project.task.type/read HTTP/1.1" 200 - 3 0.044 0.011
2026-03-11 14:37:14,282 27808 INFO odoo15 werkzeug: 127.0.0.1 - - [11/Mar/2026 14:37:14] "POST /web/dataset/call_kw/res.users/has_group HTTP/1.1" 200 - 1 0.001 0.013
2026-03-11 14:37:14,302 27808 INFO odoo15 werkzeug: 127.0.0.1 - - [11/Mar/2026 14:37:14] "POST /web/dataset/call_kw/project.project/get_last_update_or_default HTTP/1.1" 200 - 12 0.011 0.022
2026-03-11 14:37:14,634 27808 INFO odoo15 werkzeug: 127.0.0.1 - - [11/Mar/2026 14:37:14] "POST /web/dataset/call_kw/res.users/has_group HTTP/1.1" 200 - 2 0.003 0.008
2026-03-11 14:37:14,639 27808 INFO odoo15 werkzeug: 127.0.0.1 - - [11/Mar/2026 14:37:14] "[36mGET /web/image/res.users/6/avatar_128 HTTP/1.1[0m" 304 - 6 0.005 0.009
2026-03-11 14:37:14,639 27808 INFO odoo15 werkzeug: 127.0.0.1 - - [11/Mar/2026 14:37:14] "[36mGET /web/image/res.users/8/avatar_128 HTTP/1.1[0m" 304 - 5 0.008 0.005
2026-03-11 14:37:19,624 27808 INFO odoo15 werkzeug: 127.0.0.1 - - [11/Mar/2026 14:37:19] "POST /web/action/load HTTP/1.1" 200 - 36 0.025 0.021
2026-03-11 14:37:20,061 27808 INFO odoo15 werkzeug: 127.0.0.1 - - [11/Mar/2026 14:37:20] "POST /web/dataset/call_kw/project.project/load_views HTTP/1.1" 200 - 33 0.071 0.051
2026-03-11 14:37:20,512 27808 INFO odoo15 werkzeug: 127.0.0.1 - - [11/Mar/2026 14:37:20] "POST /web/dataset/search_read HTTP/1.1" 200 - 24 0.087 0.038
2026-03-11 14:37:20,594 27808 INFO odoo15 werkzeug: 127.0.0.1 - - [11/Mar/2026 14:37:20] "POST /web/action/load HTTP/1.1" 200 - 15 0.015 0.027
2026-03-11 14:37:20,861 27808 INFO odoo15 werkzeug: 127.0.0.1 - - [11/Mar/2026 14:37:20] "POST /web/dataset/call_kw/project.tags/read HTTP/1.1" 200 - 4 0.012 0.011
2026-03-11 14:37:21,068 27808 INFO odoo15 werkzeug: 127.0.0.1 - - [11/Mar/2026 14:37:21] "POST /web/dataset/call_kw/project.task/load_views HTTP/1.1" 200 - 43 0.050 0.102
2026-03-11 14:37:21,447 27808 INFO odoo15 werkzeug: 127.0.0.1 - - [11/Mar/2026 14:37:21] "POST /web/dataset/call_kw/project.task/read_progress_bar HTTP/1.1" 200 - 7 0.027 0.015
2026-03-11 14:37:21,455 27808 INFO odoo15 werkzeug: 127.0.0.1 - - [11/Mar/2026 14:37:21] "POST /web/dataset/call_kw/project.task/web_read_group HTTP/1.1" 200 - 8 0.026 0.027
2026-03-11 14:37:21,702 27808 INFO odoo15 werkzeug: 127.0.0.1 - - [11/Mar/2026 14:37:21] "POST /web/dataset/call_kw/project.task/read_progress_bar HTTP/1.1" 200 - 7 0.042 0.020
2026-03-11 14:37:21,703 27808 INFO odoo15 werkzeug: 127.0.0.1 - - [11/Mar/2026 14:37:21] "POST /web/dataset/call_kw/project.task/web_read_group HTTP/1.1" 200 - 8 0.049 0.016
2026-03-11 14:37:21,828 27808 INFO odoo15 werkzeug: 127.0.0.1 - - [11/Mar/2026 14:37:21] "POST /web/dataset/search_read HTTP/1.1" 200 - 28 0.039 0.023
2026-03-11 14:37:21,845 27808 INFO odoo15 werkzeug: 127.0.0.1 - - [11/Mar/2026 14:37:21] "POST /web/dataset/call_kw/project.task/read_progress_bar HTTP/1.1" 200 - 7 0.007 0.006
2026-03-11 14:37:21,845 27808 INFO odoo15 werkzeug: 127.0.0.1 - - [11/Mar/2026 14:37:21] "POST /web/dataset/call_kw/project.task/web_read_group HTTP/1.1" 200 - 8 0.009 0.006
2026-03-11 14:37:22,044 27808 INFO odoo15 werkzeug: 127.0.0.1 - - [11/Mar/2026 14:37:22] "POST /web/dataset/search_read HTTP/1.1" 200 - 28 0.024 0.010
2026-03-11 14:37:22,174 27808 INFO odoo15 werkzeug: 127.0.0.1 - - [11/Mar/2026 14:37:22] "POST /web/dataset/call_kw/res.users/read HTTP/1.1" 200 - 4 0.006 0.019
2026-03-11 14:37:22,233 27808 INFO odoo15 werkzeug: 127.0.0.1 - - [11/Mar/2026 14:37:22] "POST /web/dataset/search_read HTTP/1.1" 200 - 28 0.039 0.021
2026-03-11 14:37:22,304 27808 INFO odoo15 werkzeug: 127.0.0.1 - - [11/Mar/2026 14:37:22] "POST /web/dataset/call_kw/project.task/web_read_group HTTP/1.1" 200 - 8 0.011 0.011
2026-03-11 14:37:22,304 27808 INFO odoo15 werkzeug: 127.0.0.1 - - [11/Mar/2026 14:37:22] "POST /web/dataset/call_kw/project.task/read_progress_bar HTTP/1.1" 200 - 7 0.011 0.009
2026-03-11 14:37:22,370 27808 INFO odoo15 werkzeug: 127.0.0.1 - - [11/Mar/2026 14:37:22] "POST /web/dataset/call_kw/res.users/read HTTP/1.1" 200 - 4 0.002 0.003
2026-03-11 14:37:22,504 27808 INFO odoo15 werkzeug: 127.0.0.1 - - [11/Mar/2026 14:37:22] "POST /web/dataset/call_kw/project.task/web_read_group HTTP/1.1" 200 - 8 0.005 0.007
2026-03-11 14:37:22,549 27808 INFO odoo15 werkzeug: 127.0.0.1 - - [11/Mar/2026 14:37:22] "POST /web/dataset/call_kw/project.task/read_progress_bar HTTP/1.1" 200 - 7 0.007 0.004
2026-03-11 14:37:22,622 27808 INFO odoo15 werkzeug: 127.0.0.1 - - [11/Mar/2026 14:37:22] "POST /web/dataset/call_kw/res.users/read HTTP/1.1" 200 - 4 0.004 0.006
2026-03-11 14:37:22,648 27808 INFO odoo15 werkzeug: 127.0.0.1 - - [11/Mar/2026 14:37:22] "POST /web/dataset/search_read HTTP/1.1" 200 - 28 0.012 0.022
2026-03-11 14:37:22,880 27808 INFO odoo15 werkzeug: 127.0.0.1 - - [11/Mar/2026 14:37:22] "POST /web/dataset/search_read HTTP/1.1" 200 - 28 0.037 0.026
2026-03-11 14:37:22,971 27808 INFO odoo15 werkzeug: 127.0.0.1 - - [11/Mar/2026 14:37:22] "POST /web/dataset/call_kw/res.users/read HTTP/1.1" 200 - 4 0.003 0.005
2026-03-11 14:37:23,229 27808 INFO odoo15 werkzeug: 127.0.0.1 - - [11/Mar/2026 14:37:23] "POST /web/dataset/call_kw/res.users/read HTTP/1.1" 200 - 4 0.017 0.013
2026-03-11 14:37:23,972 27808 INFO odoo15 werkzeug: 127.0.0.1 - - [11/Mar/2026 14:37:23] "POST /web/dataset/search_read HTTP/1.1" 200 - 23 0.049 0.038
2026-03-11 14:37:24,193 27808 INFO odoo15 werkzeug: 127.0.0.1 - - [11/Mar/2026 14:37:24] "POST /web/dataset/search_read HTTP/1.1" 200 - 23 0.060 0.033
2026-03-11 14:37:24,302 27808 INFO odoo15 werkzeug: 127.0.0.1 - - [11/Mar/2026 14:37:24] "POST /web/dataset/call_kw/project.tags/read HTTP/1.1" 200 - 2 0.008 0.009
2026-03-11 14:37:24,531 27808 INFO odoo15 werkzeug: 127.0.0.1 - - [11/Mar/2026 14:37:24] "POST /web/dataset/call_kw/project.tags/read HTTP/1.1" 200 - 2 0.002 0.011
2026-03-11 14:37:25,141 27808 INFO odoo15 werkzeug: 127.0.0.1 - - [11/Mar/2026 14:37:25] "POST /web/dataset/search_read HTTP/1.1" 200 - 23 0.033 0.024
2026-03-11 14:37:25,417 27808 INFO odoo15 werkzeug: 127.0.0.1 - - [11/Mar/2026 14:37:25] "POST /web/dataset/search_read HTTP/1.1" 200 - 23 0.081 0.035
2026-03-11 14:37:25,450 27808 INFO odoo15 werkzeug: 127.0.0.1 - - [11/Mar/2026 14:37:25] "POST /web/dataset/call_kw/project.tags/read HTTP/1.1" 200 - 2 0.000 0.003
2026-03-11 14:37:25,734 27808 INFO odoo15 werkzeug: 127.0.0.1 - - [11/Mar/2026 14:37:25] "POST /web/dataset/call_kw/project.tags/read HTTP/1.1" 200 - 2 0.001 0.004
2026-03-11 14:37:26,480 27808 INFO odoo15 werkzeug: 127.0.0.1 - - [11/Mar/2026 14:37:26] "POST /web/dataset/call_button HTTP/1.1" 200 - 15 0.015 0.030
2026-03-11 14:37:26,934 27808 INFO odoo15 werkzeug: 127.0.0.1 - - [11/Mar/2026 14:37:26] "POST /web/dataset/call_kw/project.task/load_views HTTP/1.1" 200 - 42 0.035 0.089
2026-03-11 14:37:27,308 27808 INFO odoo15 werkzeug: 127.0.0.1 - - [11/Mar/2026 14:37:27] "POST /web/dataset/call_kw/project.task/read_progress_bar HTTP/1.1" 200 - 7 0.027 0.019
2026-03-11 14:37:27,309 27808 INFO odoo15 werkzeug: 127.0.0.1 - - [11/Mar/2026 14:37:27] "POST /web/dataset/call_kw/project.task/web_read_group HTTP/1.1" 200 - 8 0.027 0.023
2026-03-11 14:37:27,659 27808 INFO odoo15 werkzeug: 127.0.0.1 - - [11/Mar/2026 14:37:27] "POST /web/dataset/search_read HTTP/1.1" 200 - 6 0.017 0.014
2026-03-11 14:37:27,692 27808 INFO odoo15 werkzeug: 127.0.0.1 - - [11/Mar/2026 14:37:27] "POST /web/dataset/search_read HTTP/1.1" 200 - 28 0.040 0.026
2026-03-11 14:37:27,764 27808 INFO odoo15 werkzeug: 127.0.0.1 - - [11/Mar/2026 14:37:27] "POST /web/dataset/call_button HTTP/1.1" 200 - 14 0.015 0.013
2026-03-11 14:37:28,029 27808 INFO odoo15 werkzeug: 127.0.0.1 - - [11/Mar/2026 14:37:28] "POST /web/dataset/call_kw/res.users/read HTTP/1.1" 200 - 4 0.006 0.014
2026-03-11 14:37:28,132 27808 INFO odoo15 werkzeug: 127.0.0.1 - - [11/Mar/2026 14:37:28] "POST /web/dataset/call_kw/project.task/web_read_group HTTP/1.1" 200 - 8 0.020 0.019
2026-03-11 14:37:28,133 27808 INFO odoo15 werkzeug: 127.0.0.1 - - [11/Mar/2026 14:37:28] "POST /web/dataset/call_kw/project.task/read_progress_bar HTTP/1.1" 200 - 7 0.020 0.018
2026-03-11 14:37:28,361 27808 INFO odoo15 werkzeug: 127.0.0.1 - - [11/Mar/2026 14:37:28] "POST /web/dataset/call_kw/project.task.type/read HTTP/1.1" 200 - 2 0.003 0.003
2026-03-11 14:37:28,488 27808 INFO odoo15 werkzeug: 127.0.0.1 - - [11/Mar/2026 14:37:28] "POST /web/dataset/search_read HTTP/1.1" 200 - 6 0.013 0.015
2026-03-11 14:37:28,521 27808 INFO odoo15 werkzeug: 127.0.0.1 - - [11/Mar/2026 14:37:28] "POST /web/dataset/search_read HTTP/1.1" 200 - 28 0.022 0.040
2026-03-11 14:37:28,859 27808 INFO odoo15 werkzeug: 127.0.0.1 - - [11/Mar/2026 14:37:28] "POST /web/dataset/call_kw/res.users/read HTTP/1.1" 200 - 4 0.006 0.012
2026-03-11 14:37:29,183 27808 INFO odoo15 werkzeug: 127.0.0.1 - - [11/Mar/2026 14:37:29] "POST /web/dataset/call_kw/project.task.type/read HTTP/1.1" 200 - 2 0.002 0.007
2026-03-11 14:37:29,487 27808 INFO odoo15 werkzeug: 127.0.0.1 - - [11/Mar/2026 14:37:29] "POST /web/dataset/call_button HTTP/1.1" 200 - 14 0.017 0.031
2026-03-11 14:37:29,506 27808 INFO odoo15 werkzeug: 127.0.0.1 - - [11/Mar/2026 14:37:29] "POST /web/dataset/call_kw/project.project/get_last_update_or_default HTTP/1.1" 200 - 2 0.000 0.002
2026-03-11 14:37:29,529 27808 INFO odoo15 werkzeug: 127.0.0.1 - - [11/Mar/2026 14:37:29] "POST /web/dataset/call_kw/project.task/web_read_group HTTP/1.1" 200 - 8 0.006 0.008
2026-03-11 14:37:29,866 27808 INFO odoo15 werkzeug: 127.0.0.1 - - [11/Mar/2026 14:37:29] "POST /web/dataset/call_kw/project.task/read_progress_bar HTTP/1.1" 200 - 7 0.026 0.032
2026-03-11 14:37:29,875 27808 INFO odoo15 werkzeug: 127.0.0.1 - - [11/Mar/2026 14:37:29] "POST /web/dataset/search_read HTTP/1.1" 200 - 6 0.019 0.013
2026-03-11 14:37:29,875 27808 INFO odoo15 werkzeug: 127.0.0.1 - - [11/Mar/2026 14:37:29] "GET /web/image/res.users/8/avatar_128 HTTP/1.1" 200 - 5 0.008 0.019
2026-03-11 14:37:29,891 27808 INFO odoo15 werkzeug: 127.0.0.1 - - [11/Mar/2026 14:37:29] "POST /web/dataset/search_read HTTP/1.1" 200 - 28 0.054 0.026
2026-03-11 14:37:30,228 27808 INFO odoo15 werkzeug: 127.0.0.1 - - [11/Mar/2026 14:37:30] "POST /web/dataset/call_kw/res.users/read HTTP/1.1" 200 - 4 0.007 0.014
2026-03-11 14:37:30,558 27808 INFO odoo15 werkzeug: 127.0.0.1 - - [11/Mar/2026 14:37:30] "POST /web/dataset/call_kw/project.task.type/read HTTP/1.1" 200 - 2 0.004 0.012
2026-03-11 14:37:30,613 27808 INFO odoo15 werkzeug: 127.0.0.1 - - [11/Mar/2026 14:37:30] "POST /web/dataset/call_button HTTP/1.1" 200 - 14 0.014 0.014
2026-03-11 14:37:30,905 27808 INFO odoo15 werkzeug: 127.0.0.1 - - [11/Mar/2026 14:37:30] "POST /web/dataset/call_kw/project.project/get_last_update_or_default HTTP/1.1" 200 - 2 0.005 0.011
2026-03-11 14:37:30,982 27808 INFO odoo15 werkzeug: 127.0.0.1 - - [11/Mar/2026 14:37:30] "POST /web/dataset/call_kw/project.task/read_progress_bar HTTP/1.1" 200 - 7 0.019 0.019
2026-03-11 14:37:30,983 27808 INFO odoo15 werkzeug: 127.0.0.1 - - [11/Mar/2026 14:37:30] "POST /web/dataset/call_kw/project.task/web_read_group HTTP/1.1" 200 - 8 0.020 0.022
2026-03-11 14:37:31,342 27808 INFO odoo15 werkzeug: 127.0.0.1 - - [11/Mar/2026 14:37:31] "POST /web/dataset/search_read HTTP/1.1" 200 - 6 0.015 0.016
2026-03-11 14:37:31,376 27808 INFO odoo15 werkzeug: 127.0.0.1 - - [11/Mar/2026 14:37:31] "POST /web/dataset/search_read HTTP/1.1" 200 - 28 0.027 0.042
2026-03-11 14:37:31,689 27808 INFO odoo15 werkzeug: 127.0.0.1 - - [11/Mar/2026 14:37:31] "POST /web/dataset/call_button HTTP/1.1" 200 - 14 0.017 0.032
2026-03-11 14:37:31,698 27808 INFO odoo15 werkzeug: 127.0.0.1 - - [11/Mar/2026 14:37:31] "POST /web/dataset/call_kw/res.users/read HTTP/1.1" 200 - 4 0.002 0.008
2026-03-11 14:37:32,038 27808 INFO odoo15 werkzeug: 127.0.0.1 - - [11/Mar/2026 14:37:32] "POST /web/dataset/call_kw/project.task.type/read HTTP/1.1" 200 - 2 0.006 0.020
2026-03-11 14:37:32,051 27808 INFO odoo15 werkzeug: 127.0.0.1 - - [11/Mar/2026 14:37:32] "POST /web/dataset/call_kw/project.task/read_progress_bar HTTP/1.1" 200 - 7 0.019 0.024
2026-03-11 14:37:32,051 27808 INFO odoo15 werkzeug: 127.0.0.1 - - [11/Mar/2026 14:37:32] "POST /web/dataset/call_kw/project.task/web_read_group HTTP/1.1" 200 - 8 0.024 0.021
2026-03-11 14:37:32,371 27808 INFO odoo15 werkzeug: 127.0.0.1 - - [11/Mar/2026 14:37:32] "POST /web/dataset/search_read HTTP/1.1" 200 - 6 0.005 0.006
2026-03-11 14:37:32,388 27808 INFO odoo15 werkzeug: 127.0.0.1 - - [11/Mar/2026 14:37:32] "POST /web/dataset/search_read HTTP/1.1" 200 - 28 0.015 0.015
2026-03-11 14:37:32,718 27808 INFO odoo15 werkzeug: 127.0.0.1 - - [11/Mar/2026 14:37:32] "POST /web/dataset/call_kw/res.users/read HTTP/1.1" 200 - 4 0.006 0.014
2026-03-11 14:37:33,054 27808 INFO odoo15 werkzeug: 127.0.0.1 - - [11/Mar/2026 14:37:33] "POST /web/dataset/call_kw/project.task.type/read HTTP/1.1" 200 - 2 0.005 0.011
2026-03-11 14:37:33,417 27808 INFO odoo15 werkzeug: 127.0.0.1 - - [11/Mar/2026 14:37:33] "POST /web/dataset/call_kw/project.project/get_last_update_or_default HTTP/1.1" 200 - 2 0.006 0.023
2026-03-11 14:37:35,476 27808 INFO odoo15 werkzeug: 127.0.0.1 - - [11/Mar/2026 14:37:35] "POST /longpolling/im_status HTTP/1.1" 200 - 13 0.009 0.007
2026-03-11 14:37:37,538 27808 INFO odoo15 werkzeug: 127.0.0.1 - - [11/Mar/2026 14:37:37] "POST /web/dataset/call_kw/project.task/web_read_group HTTP/1.1" 200 - 8 0.022 0.020
2026-03-11 14:37:37,540 27808 INFO odoo15 werkzeug: 127.0.0.1 - - [11/Mar/2026 14:37:37] "POST /web/dataset/call_kw/project.task/read_progress_bar HTTP/1.1" 200 - 7 0.019 0.023
2026-03-11 14:37:37,931 27808 INFO odoo15 werkzeug: 127.0.0.1 - - [11/Mar/2026 14:37:37] "POST /web/dataset/search_read HTTP/1.1" 200 - 28 0.046 0.022
2026-03-11 14:37:38,266 27808 INFO odoo15 werkzeug: 127.0.0.1 - - [11/Mar/2026 14:37:38] "POST /web/dataset/call_kw/res.users/read HTTP/1.1" 200 - 4 0.005 0.014
2026-03-11 14:37:40,605 27808 INFO odoo15 werkzeug: 127.0.0.1 - - [11/Mar/2026 14:37:40] "POST /web/dataset/search_read HTTP/1.1" 200 - 23 0.024 0.013
2026-03-11 14:37:40,928 27808 INFO odoo15 werkzeug: 127.0.0.1 - - [11/Mar/2026 14:37:40] "POST /web/dataset/call_kw/project.tags/read HTTP/1.1" 200 - 2 0.002 0.008
2026-03-11 14:37:43,671 27808 INFO odoo15 werkzeug: 127.0.0.1 - - [11/Mar/2026 14:37:43] "POST /web/dataset/search_read HTTP/1.1" 200 - 23 0.031 0.027
2026-03-11 14:37:43,888 27808 INFO odoo15 werkzeug: 127.0.0.1 - - [11/Mar/2026 14:37:43] "POST /web/dataset/search_read HTTP/1.1" 200 - 23 0.039 0.031
2026-03-11 14:37:43,995 27808 INFO odoo15 werkzeug: 127.0.0.1 - - [11/Mar/2026 14:37:43] "POST /web/dataset/call_kw/project.tags/read HTTP/1.1" 200 - 2 0.003 0.008
2026-03-11 14:37:44,092 27808 INFO odoo15 werkzeug: 127.0.0.1 - - [11/Mar/2026 14:37:44] "POST /web/dataset/search_read HTTP/1.1" 200 - 23 0.031 0.027
2026-03-11 14:37:44,208 27808 INFO odoo15 werkzeug: 127.0.0.1 - - [11/Mar/2026 14:37:44] "POST /web/dataset/call_kw/project.tags/read HTTP/1.1" 200 - 2 0.003 0.008
2026-03-11 14:37:44,413 27808 INFO odoo15 werkzeug: 127.0.0.1 - - [11/Mar/2026 14:37:44] "POST /web/dataset/call_kw/project.tags/read HTTP/1.1" 200 - 2 0.003 0.010
2026-03-11 14:37:47,219 27808 INFO odoo15 werkzeug: 127.0.0.1 - - [11/Mar/2026 14:37:47] "POST /web/dataset/search_read HTTP/1.1" 200 - 23 0.023 0.022
2026-03-11 14:37:47,398 27808 INFO odoo15 werkzeug: 127.0.0.1 - - [11/Mar/2026 14:37:47] "POST /web/dataset/search_read HTTP/1.1" 200 - 23 0.015 0.010
2026-03-11 14:37:47,550 27808 INFO odoo15 werkzeug: 127.0.0.1 - - [11/Mar/2026 14:37:47] "POST /web/dataset/call_kw/project.tags/read HTTP/1.1" 200 - 2 0.002 0.007
2026-03-11 14:37:47,725 27808 INFO odoo15 werkzeug: 127.0.0.1 - - [11/Mar/2026 14:37:47] "POST /web/dataset/call_kw/project.tags/read HTTP/1.1" 200 - 2 0.004 0.008
2026-03-11 14:37:48,413 27808 INFO odoo15 werkzeug: 127.0.0.1 - - [11/Mar/2026 14:37:48] "POST /web/dataset/call_kw/project.task/read_progress_bar HTTP/1.1" 200 - 7 0.023 0.021
2026-03-11 14:37:48,418 27808 INFO odoo15 werkzeug: 127.0.0.1 - - [11/Mar/2026 14:37:48] "POST /web/dataset/call_kw/project.task/web_read_group HTTP/1.1" 200 - 8 0.028 0.024
2026-03-11 14:37:48,815 27808 INFO odoo15 werkzeug: 127.0.0.1 - - [11/Mar/2026 14:37:48] "POST /web/dataset/search_read HTTP/1.1" 200 - 28 0.046 0.038
2026-03-11 14:37:49,150 27808 INFO odoo15 werkzeug: 127.0.0.1 - - [11/Mar/2026 14:37:49] "POST /web/dataset/call_kw/res.users/read HTTP/1.1" 200 - 4 0.005 0.015
2026-03-11 14:37:49,529 27808 INFO odoo15 werkzeug: 127.0.0.1 - - [11/Mar/2026 14:37:49] "GET /web/image/res.users/8/avatar_128 HTTP/1.1" 200 - 5 0.004 0.012
2026-03-11 14:37:51,549 27808 INFO odoo15 werkzeug: 127.0.0.1 - - [11/Mar/2026 14:37:51] "POST /web/dataset/search_read HTTP/1.1" 200 - 23 0.038 0.034
2026-03-11 14:37:51,870 27808 INFO odoo15 werkzeug: 127.0.0.1 - - [11/Mar/2026 14:37:51] "POST /web/dataset/call_kw/project.tags/read HTTP/1.1" 200 - 2 0.002 0.009
2026-03-11 14:37:52,376 27808 INFO odoo15 werkzeug: 127.0.0.1 - - [11/Mar/2026 14:37:52] "POST /web/dataset/search_read HTTP/1.1" 200 - 23 0.038 0.033
2026-03-11 14:37:52,486 27808 INFO odoo15 werkzeug: 127.0.0.1 - - [11/Mar/2026 14:37:52] "POST /web/dataset/search_read HTTP/1.1" 200 - 23 0.017 0.014
2026-03-11 14:37:52,714 27808 INFO odoo15 werkzeug: 127.0.0.1 - - [11/Mar/2026 14:37:52] "POST /web/dataset/call_kw/project.tags/read HTTP/1.1" 200 - 2 0.004 0.015
2026-03-11 14:37:52,754 27808 INFO odoo15 werkzeug: 127.0.0.1 - - [11/Mar/2026 14:37:52] "POST /web/dataset/search_read HTTP/1.1" 200 - 23 0.037 0.024
2026-03-11 14:37:52,811 27808 INFO odoo15 werkzeug: 127.0.0.1 - - [11/Mar/2026 14:37:52] "POST /web/dataset/call_kw/project.tags/read HTTP/1.1" 200 - 2 0.002 0.004
2026-03-11 14:37:53,074 27808 INFO odoo15 werkzeug: 127.0.0.1 - - [11/Mar/2026 14:37:53] "POST /web/dataset/call_kw/project.tags/read HTTP/1.1" 200 - 2 0.000 0.003
2026-03-11 14:38:02,308 27808 INFO odoo15 werkzeug: 127.0.0.1 - - [11/Mar/2026 14:38:02] "POST /longpolling/poll HTTP/1.1" 200 - 13 0.046 50.194
2026-03-11 14:38:03,471 27808 INFO odoo15 werkzeug: 127.0.0.1 - - [11/Mar/2026 14:38:03] "POST /longpolling/im_status HTTP/1.1" 200 - 4 0.005 0.017
2026-03-11 14:38:12,824 27808 INFO odoo15 werkzeug: 127.0.0.1 - - [11/Mar/2026 14:38:12] "POST /longpolling/poll HTTP/1.1" 200 - 14 0.031 50.025
2026-03-11 14:38:26,474 27808 INFO odoo15 werkzeug: 127.0.0.1 - - [11/Mar/2026 14:38:26] "POST /longpolling/im_status HTTP/1.1" 200 - 4 0.017 0.002
2026-03-11 14:38:52,649 27808 INFO odoo15 werkzeug: 127.0.0.1 - - [11/Mar/2026 14:38:52] "POST /longpolling/poll HTTP/1.1" 200 - 9 0.013 50.015
2026-03-11 14:38:54,452 27808 INFO odoo15 werkzeug: 127.0.0.1 - - [11/Mar/2026 14:38:54] "POST /longpolling/im_status HTTP/1.1" 200 - 4 0.000 0.004
2026-03-11 14:39:03,190 27808 INFO odoo15 werkzeug: 127.0.0.1 - - [11/Mar/2026 14:39:03] "POST /longpolling/poll HTTP/1.1" 200 - 9 0.007 50.026
2026-03-11 14:39:17,483 27808 INFO odoo15 werkzeug: 127.0.0.1 - - [11/Mar/2026 14:39:17] "POST /longpolling/im_status HTTP/1.1" 200 - 4 0.011 0.010
2026-03-11 14:39:43,001 27808 INFO odoo15 werkzeug: 127.0.0.1 - - [11/Mar/2026 14:39:43] "POST /longpolling/poll HTTP/1.1" 200 - 9 0.008 50.022
2026-03-11 14:39:45,473 27808 INFO odoo15 werkzeug: 127.0.0.1 - - [11/Mar/2026 14:39:45] "POST /longpolling/im_status HTTP/1.1" 200 - 4 0.006 0.009
2026-03-11 14:39:53,520 27808 INFO odoo15 werkzeug: 127.0.0.1 - - [11/Mar/2026 14:39:53] "POST /longpolling/poll HTTP/1.1" 200 - 9 0.002 50.012
2026-03-11 14:40:08,531 27808 INFO odoo15 werkzeug: 127.0.0.1 - - [11/Mar/2026 14:40:08] "POST /longpolling/im_status HTTP/1.1" 200 - 4 0.010 0.056
2026-03-11 14:40:33,368 27808 INFO odoo15 werkzeug: 127.0.0.1 - - [11/Mar/2026 14:40:33] "POST /longpolling/poll HTTP/1.1" 200 - 9 0.005 50.036
2026-03-11 14:40:36,473 27808 INFO odoo15 werkzeug: 127.0.0.1 - - [11/Mar/2026 14:40:36] "POST /longpolling/im_status HTTP/1.1" 200 - 4 0.005 0.005
2026-03-11 14:40:43,877 27808 INFO odoo15 werkzeug: 127.0.0.1 - - [11/Mar/2026 14:40:43] "POST /longpolling/poll HTTP/1.1" 200 - 9 0.001 50.022
2026-03-11 14:40:59,467 27808 INFO odoo15 werkzeug: 127.0.0.1 - - [11/Mar/2026 14:40:59] "POST /longpolling/im_status HTTP/1.1" 200 - 4 0.000 0.022
2026-03-11 14:41:23,724 27808 INFO odoo15 werkzeug: 127.0.0.1 - - [11/Mar/2026 14:41:23] "POST /longpolling/poll HTTP/1.1" 200 - 9 0.005 50.034
2026-03-11 14:41:27,469 27808 INFO odoo15 werkzeug: 127.0.0.1 - - [11/Mar/2026 14:41:27] "POST /longpolling/im_status HTTP/1.1" 200 - 4 0.000 0.012
2026-03-11 14:41:34,238 27808 INFO odoo15 werkzeug: 127.0.0.1 - - [11/Mar/2026 14:41:34] "POST /longpolling/poll HTTP/1.1" 200 - 9 0.008 50.023
2026-03-11 14:41:50,468 27808 INFO odoo15 werkzeug: 127.0.0.1 - - [11/Mar/2026 14:41:50] "POST /longpolling/im_status HTTP/1.1" 200 - 4 0.004 0.007
2026-03-11 14:42:04,864 27808 INFO odoo15 odoo.addons.base.models.ir_cron: Starting job `Mail: Email Queue Manager`. 
2026-03-11 14:42:04,896 27808 INFO odoo15 odoo.addons.base.models.ir_cron: Job `Mail: Email Queue Manager` done. 
2026-03-11 14:42:04,898 27808 INFO odoo15 odoo.addons.base.models.ir_cron: Starting job `Partner Autocomplete : Sync with remote DB`. 
2026-03-11 14:42:04,912 27808 INFO odoo15 odoo.addons.base.models.ir_cron: Job `Partner Autocomplete : Sync with remote DB` done. 
2026-03-11 14:42:04,916 27808 INFO odoo15 odoo.addons.base.models.ir_cron: Starting job `SMS: SMS Queue Manager`. 
2026-03-11 14:42:04,922 27808 INFO odoo15 odoo.addons.base.models.ir_cron: Job `SMS: SMS Queue Manager` done. 
2026-03-11 14:42:04,927 27808 INFO odoo15 odoo.addons.base.models.ir_cron: Starting job `Snailmail: process letters queue`. 
2026-03-11 14:42:04,929 27808 INFO odoo15 odoo.addons.base.models.ir_cron: Job `Snailmail: process letters queue` done. 
2026-03-11 14:42:14,085 27808 INFO odoo15 werkzeug: 127.0.0.1 - - [11/Mar/2026 14:42:14] "POST /longpolling/poll HTTP/1.1" 200 - 9 0.006 50.027
2026-03-11 14:42:18,458 27808 INFO odoo15 werkzeug: 127.0.0.1 - - [11/Mar/2026 14:42:18] "POST /longpolling/im_status HTTP/1.1" 200 - 4 0.002 0.000
2026-03-11 14:42:24,597 27808 INFO odoo15 werkzeug: 127.0.0.1 - - [11/Mar/2026 14:42:24] "POST /longpolling/poll HTTP/1.1" 200 - 9 0.001 50.026
2026-03-11 14:42:41,463 27808 INFO odoo15 werkzeug: 127.0.0.1 - - [11/Mar/2026 14:42:41] "POST /longpolling/im_status HTTP/1.1" 200 - 4 0.000 0.014
2026-03-11 14:43:04,413 27808 INFO odoo15 werkzeug: 127.0.0.1 - - [11/Mar/2026 14:43:04] "POST /longpolling/poll HTTP/1.1" 200 - 9 0.004 50.011
2026-03-11 14:43:09,454 27808 INFO odoo15 werkzeug: 127.0.0.1 - - [11/Mar/2026 14:43:09] "POST /longpolling/im_status HTTP/1.1" 200 - 4 0.001 0.004
2026-03-11 14:43:14,942 27808 INFO odoo15 werkzeug: 127.0.0.1 - - [11/Mar/2026 14:43:14] "POST /longpolling/poll HTTP/1.1" 200 - 9 0.009 50.018
2026-03-11 14:43:32,480 27808 INFO odoo15 werkzeug: 127.0.0.1 - - [11/Mar/2026 14:43:32] "POST /longpolling/im_status HTTP/1.1" 200 - 4 0.005 0.016
2026-03-11 14:43:54,751 27808 INFO odoo15 werkzeug: 127.0.0.1 - - [11/Mar/2026 14:43:54] "POST /longpolling/poll HTTP/1.1" 200 - 9 0.007 50.024
2026-03-11 14:44:00,452 27808 INFO odoo15 werkzeug: 127.0.0.1 - - [11/Mar/2026 14:44:00] "POST /longpolling/im_status HTTP/1.1" 200 - 4 0.003 0.003
2026-03-11 14:44:05,322 27808 INFO odoo15 werkzeug: 127.0.0.1 - - [11/Mar/2026 14:44:05] "POST /longpolling/poll HTTP/1.1" 200 - 9 0.013 50.029
2026-03-11 14:44:23,472 27808 INFO odoo15 werkzeug: 127.0.0.1 - - [11/Mar/2026 14:44:23] "POST /longpolling/im_status HTTP/1.1" 200 - 4 0.005 0.008
2026-03-11 14:44:45,105 27808 INFO odoo15 werkzeug: 127.0.0.1 - - [11/Mar/2026 14:44:45] "POST /longpolling/poll HTTP/1.1" 200 - 9 0.000 50.031
2026-03-11 14:44:51,482 27808 INFO odoo15 werkzeug: 127.0.0.1 - - [11/Mar/2026 14:44:51] "POST /longpolling/im_status HTTP/1.1" 200 - 4 0.011 0.005
2026-03-11 14:44:55,711 27808 INFO odoo15 werkzeug: 127.0.0.1 - - [11/Mar/2026 14:44:55] "POST /longpolling/poll HTTP/1.1" 200 - 9 0.008 50.055
2026-03-11 14:45:14,493 27808 INFO odoo15 werkzeug: 127.0.0.1 - - [11/Mar/2026 14:45:14] "POST /longpolling/im_status HTTP/1.1" 200 - 4 0.002 0.016
2026-03-11 14:45:35,432 27808 INFO odoo15 werkzeug: 127.0.0.1 - - [11/Mar/2026 14:45:35] "POST /longpolling/poll HTTP/1.1" 200 - 9 0.000 50.016
2026-03-11 14:45:42,451 27808 INFO odoo15 werkzeug: 127.0.0.1 - - [11/Mar/2026 14:45:42] "POST /longpolling/im_status HTTP/1.1" 200 - 4 0.002 0.002
2026-03-11 14:45:46,067 27808 INFO odoo15 werkzeug: 127.0.0.1 - - [11/Mar/2026 14:45:46] "POST /longpolling/poll HTTP/1.1" 200 - 9 0.000 50.017
2026-03-11 14:45:56,012 27808 INFO odoo15 werkzeug: 127.0.0.1 - - [11/Mar/2026 14:45:56] "POST /web/action/load HTTP/1.1" 200 - 17 0.029 0.007
2026-03-11 14:45:56,388 27808 INFO odoo15 werkzeug: 127.0.0.1 - - [11/Mar/2026 14:45:56] "POST /web/dataset/call_kw/res.config.settings/load_views HTTP/1.1" 200 - 22 0.018 0.041
2026-03-11 14:45:56,792 27808 INFO odoo15 werkzeug: 127.0.0.1 - - [11/Mar/2026 14:45:56] "POST /web/dataset/call_kw/res.config.settings/onchange HTTP/1.1" 200 - 75 0.049 0.018
2026-03-11 14:45:57,142 27808 INFO ? werkzeug: 127.0.0.1 - - [11/Mar/2026 14:45:57] "GET /base_setup/static/src/img/google_play.png HTTP/1.1" 200 - - - -
2026-03-11 14:45:57,142 27808 INFO ? werkzeug: 127.0.0.1 - - [11/Mar/2026 14:45:57] "GET /base_setup/static/src/img/app_store.png HTTP/1.1" 200 - - - -
2026-03-11 14:45:57,149 27808 INFO odoo15 werkzeug: 127.0.0.1 - - [11/Mar/2026 14:45:57] "POST /base_setup/demo_active HTTP/1.1" 200 - 4 0.005 0.004
2026-03-11 14:45:57,149 27808 INFO odoo15 werkzeug: 127.0.0.1 - - [11/Mar/2026 14:45:57] "POST /base_setup/data HTTP/1.1" 200 - 6 0.004 0.005
2026-03-11 14:45:57,473 27808 INFO ? werkzeug: 127.0.0.1 - - [11/Mar/2026 14:45:57] "GET /base/static/description/settings.png HTTP/1.1" 200 - - - -
2026-03-11 14:45:57,474 27808 INFO ? werkzeug: 127.0.0.1 - - [11/Mar/2026 14:45:57] "GET /project/static/description/icon.png HTTP/1.1" 200 - - - -
2026-03-11 14:46:04,828 27808 INFO odoo15 werkzeug: 127.0.0.1 - - [11/Mar/2026 14:46:04] "POST /longpolling/im_status HTTP/1.1" 200 - 4 0.000 0.008
2026-03-11 14:46:25,790 27808 INFO odoo15 werkzeug: 127.0.0.1 - - [11/Mar/2026 14:46:25] "POST /longpolling/poll HTTP/1.1" 200 - 9 0.010 50.029
2026-03-11 14:46:33,465 27808 INFO odoo15 werkzeug: 127.0.0.1 - - [11/Mar/2026 14:46:33] "POST /longpolling/im_status HTTP/1.1" 200 - 4 0.002 0.004
2026-03-11 14:46:36,445 27808 INFO odoo15 werkzeug: 127.0.0.1 - - [11/Mar/2026 14:46:36] "POST /longpolling/poll HTTP/1.1" 200 - 9 0.021 50.022
2026-03-11 14:46:54,857 27808 INFO odoo15 werkzeug: 127.0.0.1 - - [11/Mar/2026 14:46:54] "POST /longpolling/im_status HTTP/1.1" 200 - 4 0.000 0.010
2026-03-11 14:47:16,147 27808 INFO odoo15 werkzeug: 127.0.0.1 - - [11/Mar/2026 14:47:16] "POST /longpolling/poll HTTP/1.1" 200 - 9 0.005 50.023
2026-03-11 14:47:24,472 27808 INFO odoo15 werkzeug: 127.0.0.1 - - [11/Mar/2026 14:47:24] "POST /longpolling/im_status HTTP/1.1" 200 - 4 0.007 0.012
2026-03-11 14:47:26,797 27808 INFO odoo15 werkzeug: 127.0.0.1 - - [11/Mar/2026 14:47:26] "POST /longpolling/poll HTTP/1.1" 200 - 9 0.014 50.005
2026-03-11 14:47:44,898 27808 INFO odoo15 werkzeug: 127.0.0.1 - - [11/Mar/2026 14:47:44] "POST /longpolling/im_status HTTP/1.1" 200 - 4 0.009 0.015
2026-03-11 14:48:06,499 27808 INFO odoo15 werkzeug: 127.0.0.1 - - [11/Mar/2026 14:48:06] "POST /longpolling/poll HTTP/1.1" 200 - 9 0.003 50.021
2026-03-11 14:48:15,479 27808 INFO odoo15 werkzeug: 127.0.0.1 - - [11/Mar/2026 14:48:15] "POST /longpolling/im_status HTTP/1.1" 200 - 4 0.001 0.014
2026-03-11 14:48:17,162 27808 INFO odoo15 werkzeug: 127.0.0.1 - - [11/Mar/2026 14:48:17] "POST /longpolling/poll HTTP/1.1" 200 - 9 0.028 50.015
2026-03-11 14:48:35,459 27808 INFO odoo15 werkzeug: 127.0.0.1 - - [11/Mar/2026 14:48:35] "POST /longpolling/im_status HTTP/1.1" 200 - 4 0.002 0.004
2026-03-11 14:48:56,830 27808 INFO odoo15 werkzeug: 127.0.0.1 - - [11/Mar/2026 14:48:56] "POST /longpolling/poll HTTP/1.1" 200 - 9 0.002 50.012
2026-03-11 14:49:06,472 27808 INFO odoo15 werkzeug: 127.0.0.1 - - [11/Mar/2026 14:49:06] "POST /longpolling/im_status HTTP/1.1" 200 - 4 0.006 0.012
2026-03-11 14:49:07,556 27808 INFO odoo15 werkzeug: 127.0.0.1 - - [11/Mar/2026 14:49:07] "POST /longpolling/poll HTTP/1.1" 200 - 9 0.017 50.028
2026-03-11 14:49:26,472 27808 INFO odoo15 werkzeug: 127.0.0.1 - - [11/Mar/2026 14:49:26] "POST /longpolling/im_status HTTP/1.1" 200 - 4 0.005 0.004
2026-03-11 14:49:47,168 27808 INFO odoo15 werkzeug: 127.0.0.1 - - [11/Mar/2026 14:49:47] "POST /longpolling/poll HTTP/1.1" 200 - 9 0.000 50.012
2026-03-11 14:49:57,477 27808 INFO odoo15 werkzeug: 127.0.0.1 - - [11/Mar/2026 14:49:57] "POST /longpolling/im_status HTTP/1.1" 200 - 4 0.011 0.003
2026-03-11 14:49:57,962 27808 INFO odoo15 werkzeug: 127.0.0.1 - - [11/Mar/2026 14:49:57] "POST /longpolling/poll HTTP/1.1" 200 - 9 0.032 50.030
2026-03-11 14:50:17,493 27808 INFO odoo15 werkzeug: 127.0.0.1 - - [11/Mar/2026 14:50:17] "POST /longpolling/im_status HTTP/1.1" 200 - 4 0.021 0.010
2026-03-11 14:50:37,547 27808 INFO odoo15 werkzeug: 127.0.0.1 - - [11/Mar/2026 14:50:37] "POST /longpolling/poll HTTP/1.1" 200 - 9 0.026 50.021
2026-03-11 14:50:48,335 27808 INFO odoo15 werkzeug: 127.0.0.1 - - [11/Mar/2026 14:50:48] "POST /longpolling/poll HTTP/1.1" 200 - 9 0.020 50.021
2026-03-11 14:50:48,473 27808 INFO odoo15 werkzeug: 127.0.0.1 - - [11/Mar/2026 14:50:48] "POST /longpolling/im_status HTTP/1.1" 200 - 4 0.006 0.012
2026-03-11 14:51:08,470 27808 INFO odoo15 werkzeug: 127.0.0.1 - - [11/Mar/2026 14:51:08] "POST /longpolling/im_status HTTP/1.1" 200 - 4 0.005 0.004
2026-03-11 14:51:27,905 27808 INFO odoo15 werkzeug: 127.0.0.1 - - [11/Mar/2026 14:51:27] "POST /longpolling/poll HTTP/1.1" 200 - 9 0.004 50.029
2026-03-11 14:51:38,712 27808 INFO odoo15 werkzeug: 127.0.0.1 - - [11/Mar/2026 14:51:38] "POST /longpolling/poll HTTP/1.1" 200 - 9 0.013 50.028
2026-03-11 14:51:39,475 27808 INFO odoo15 werkzeug: 127.0.0.1 - - [11/Mar/2026 14:51:39] "POST /longpolling/im_status HTTP/1.1" 200 - 4 0.002 0.014
2026-03-11 14:51:59,472 27808 INFO odoo15 werkzeug: 127.0.0.1 - - [11/Mar/2026 14:51:59] "POST /longpolling/im_status HTTP/1.1" 200 - 4 0.000 0.015
2026-03-11 14:52:18,259 27808 INFO odoo15 werkzeug: 127.0.0.1 - - [11/Mar/2026 14:52:18] "POST /longpolling/poll HTTP/1.1" 200 - 9 0.018 50.024
2026-03-11 14:52:29,082 27808 INFO odoo15 werkzeug: 127.0.0.1 - - [11/Mar/2026 14:52:29] "POST /longpolling/poll HTTP/1.1" 200 - 9 0.005 50.032
2026-03-11 14:52:30,510 27808 INFO odoo15 werkzeug: 127.0.0.1 - - [11/Mar/2026 14:52:30] "POST /longpolling/im_status HTTP/1.1" 200 - 2 0.009 0.049
2026-03-11 14:52:50,476 27808 INFO odoo15 werkzeug: 127.0.0.1 - - [11/Mar/2026 14:52:50] "POST /longpolling/im_status HTTP/1.1" 200 - 4 0.008 0.007
2026-03-11 14:53:08,619 27808 INFO odoo15 werkzeug: 127.0.0.1 - - [11/Mar/2026 14:53:08] "POST /longpolling/poll HTTP/1.1" 200 - 9 0.014 50.025
2026-03-11 14:53:19,446 27808 INFO odoo15 werkzeug: 127.0.0.1 - - [11/Mar/2026 14:53:19] "POST /longpolling/poll HTTP/1.1" 200 - 9 0.030 50.015
2026-03-11 14:53:41,467 27808 INFO odoo15 werkzeug: 127.0.0.1 - - [11/Mar/2026 14:53:41] "POST /longpolling/im_status HTTP/1.1" 200 - 4 0.000 0.001
2026-03-11 14:53:43,010 27808 INFO ? odoo.service.server: Initiating shutdown 
2026-03-11 14:53:43,010 27808 INFO ? odoo.service.server: Hit CTRL-C again or send a second signal to force the shutdown. 
2026-03-11 14:53:43,418 27808 INFO odoo15 werkzeug: 127.0.0.1 - - [11/Mar/2026 14:53:43] "POST /longpolling/poll HTTP/1.1" 200 - 9 0.004 34.487
2026-03-11 14:53:43,420 27808 INFO odoo15 werkzeug: 127.0.0.1 - - [11/Mar/2026 14:53:43] "POST /longpolling/poll HTTP/1.1" 200 - 9 0.000 23.648
2026-03-11 14:53:44,097 27808 INFO ? odoo.sql_db: ConnectionPool(used=0/count=0/max=64): Closed 9 connections  
2026-03-11 15:27:26,852 23592 INFO ? odoo: Odoo version 15.0-20250101 
2026-03-11 15:27:26,852 23592 INFO ? odoo: Using configuration file at C:\Odoo15\server\odoo.conf 
2026-03-11 15:27:26,852 23592 INFO ? odoo: addons paths: ['C:\\Odoo15\\server\\odoo\\addons', 'c:\\users\\pc\\appdata\\local\\openerp s.a\\odoo\\addons\\15.0', 'c:\\odoo15\\server\\odoo\\addons', 'c:\\odoo15\\custom_addons'] 
2026-03-11 15:27:26,852 23592 INFO ? odoo: database: odoo15@localhost:5432 
2026-03-11 15:27:27,156 23592 INFO ? odoo.addons.base.models.ir_actions_report: Will use the Wkhtmltopdf binary at C:\Odoo15\thirdparty\wkhtmltopdf.exe 
2026-03-11 15:27:27,597 23592 INFO ? odoo.service.server: HTTP service (werkzeug) running on Busayomi.promethean.io:8070 
2026-03-11 15:27:46,103 23592 INFO ? odoo.http: HTTP Configuring static files 
2026-03-11 15:27:46,324 23592 INFO odoo15 odoo.modules.loading: loading 1 modules... 
2026-03-11 15:27:46,337 23592 INFO odoo15 odoo.modules.loading: 1 modules loaded in 0.01s, 0 queries (+0 extra) 
2026-03-11 15:27:46,362 23592 WARNING odoo15 odoo.modules.module: Missing `license` key in manifest for 'project_access_restriction', defaulting to LGPL-3 
2026-03-11 15:27:46,378 23592 INFO odoo15 odoo.modules.loading: loading 32 modules... 
2026-03-11 15:27:47,127 23592 WARNING odoo15 odoo.modules.module: Missing `license` key in manifest for 'project_access_restriction', defaulting to LGPL-3 
2026-03-11 15:27:47,129 23592 INFO odoo15 odoo.modules.loading: 32 modules loaded in 0.75s, 0 queries (+0 extra) 
2026-03-11 15:27:47,246 23592 INFO odoo15 odoo.modules.loading: Modules loaded. 
2026-03-11 15:27:47,256 23592 INFO odoo15 odoo.modules.registry: Registry loaded in 1.061s 
2026-03-11 15:27:47,257 23592 INFO odoo15 odoo.addons.base.models.ir_http: Generating routing map for key None 
2026-03-11 15:27:47,639 23592 INFO odoo15 werkzeug: 127.0.0.1 - - [11/Mar/2026 15:27:47] "[32mGET / HTTP/1.1[0m" 303 - 17 0.056 1.461
2026-03-11 15:27:47,671 23592 INFO odoo15 werkzeug: 127.0.0.1 - - [11/Mar/2026 15:27:47] "[32mGET /web HTTP/1.1[0m" 303 - 1 0.001 0.027
2026-03-11 15:27:48,247 23592 INFO odoo15 werkzeug: 127.0.0.1 - - [11/Mar/2026 15:27:48] "GET /web/login HTTP/1.1" 200 - 84 0.083 0.491
2026-03-11 15:27:48,773 23592 INFO odoo15 werkzeug: 127.0.0.1 - - [11/Mar/2026 15:27:48] "GET /web/assets/207-58d9f79/web.assets_frontend.min.css HTTP/1.1" 200 - 5 0.005 0.166
2026-03-11 15:27:48,775 23592 INFO odoo15 werkzeug: 127.0.0.1 - - [11/Mar/2026 15:27:48] "[36mGET /web/binary/company_logo HTTP/1.1[0m" 304 - 2 0.011 0.160
2026-03-11 15:27:48,858 23592 INFO odoo15 werkzeug: 127.0.0.1 - - [11/Mar/2026 15:27:48] "GET /web/assets/208-2362fd6/web.assets_common_minimal.min.js HTTP/1.1" 200 - 3 0.006 0.006
2026-03-11 15:27:49,090 23592 INFO odoo15 werkzeug: 127.0.0.1 - - [11/Mar/2026 15:27:49] "GET /web/assets/209-54b5f50/web.assets_frontend_minimal.min.js HTTP/1.1" 200 - 3 0.002 0.004
2026-03-11 15:27:49,117 23592 INFO odoo15 werkzeug: 127.0.0.1 - - [11/Mar/2026 15:27:49] "GET /web/assets/210-a4932b9/web.assets_common_lazy.min.js HTTP/1.1" 200 - 3 0.002 0.015
2026-03-11 15:27:49,540 23592 INFO odoo15 werkzeug: 127.0.0.1 - - [11/Mar/2026 15:27:49] "GET /web/assets/211-941aac2/web.assets_frontend_lazy.min.js HTTP/1.1" 200 - 3 0.001 0.010
2026-03-11 15:27:49,826 23592 INFO odoo15 werkzeug: 127.0.0.1 - - [11/Mar/2026 15:27:49] "GET /website/translations/63c39b9719623b23090242bff39258f3aa29fe2b HTTP/1.1" 200 - 13 0.033 0.009
2026-03-11 15:27:49,949 23592 INFO odoo15 werkzeug: 127.0.0.1 - - [11/Mar/2026 15:27:49] "GET /web/webclient/qweb/1773242869830?bundle=web.assets_frontend HTTP/1.1" 200 - 10 0.009 0.030
2026-03-11 15:27:52,808 23592 INFO ? odoo.addons.bus.models.bus: Bus.loop listen imbus on db postgres 
2026-03-11 15:27:57,918 23592 INFO odoo15 odoo.addons.base.models.res_users: Login failed for db:odoo15 login:admin from 127.0.0.1 
2026-03-11 15:27:57,926 23592 INFO odoo15 werkzeug: 127.0.0.1 - - [11/Mar/2026 15:27:57] "POST /web/login HTTP/1.1" 200 - 11 0.013 0.774
2026-03-11 15:27:58,046 23592 INFO odoo15 werkzeug: 127.0.0.1 - - [11/Mar/2026 15:27:58] "GET /web/webclient/qweb/1773242878013?bundle=web.assets_frontend HTTP/1.1" 200 - 10 0.002 0.028
2026-03-11 15:28:02,491 23592 INFO odoo15 odoo.addons.base.models.res_users: Login failed for db:odoo15 login:admin from 127.0.0.1 
2026-03-11 15:28:02,500 23592 INFO odoo15 werkzeug: 127.0.0.1 - - [11/Mar/2026 15:28:02] "POST /web/login HTTP/1.1" 200 - 8 0.010 0.669
2026-03-11 15:28:02,647 23592 INFO odoo15 werkzeug: 127.0.0.1 - - [11/Mar/2026 15:28:02] "GET /web/webclient/qweb/1773242882594?bundle=web.assets_frontend HTTP/1.1" 200 - 10 0.004 0.039
2026-03-11 15:28:10,272 23592 INFO odoo15 odoo.addons.base.models.res_users: Login successful for db:odoo15 login:admin from 127.0.0.1 
2026-03-11 15:28:10,291 23592 INFO odoo15 werkzeug: 127.0.0.1 - - [11/Mar/2026 15:28:10] "[32mPOST /web/login HTTP/1.1[0m" 303 - 41 0.046 0.782
2026-03-11 15:28:11,352 23592 INFO odoo15 werkzeug: 127.0.0.1 - - [11/Mar/2026 15:28:11] "GET /web HTTP/1.1" 200 - 208 0.153 0.903
2026-03-11 15:28:12,327 23592 INFO odoo15 werkzeug: 127.0.0.1 - - [11/Mar/2026 15:28:12] "POST /web/dataset/call_kw/res.users/systray_get_activities HTTP/1.1" 200 - 2 0.008 0.203
2026-03-11 15:28:12,328 23592 INFO odoo15 werkzeug: 127.0.0.1 - - [11/Mar/2026 15:28:12] "POST /mail/init_messaging HTTP/1.1" 200 - 70 0.110 0.163
2026-03-11 15:28:12,362 23592 INFO odoo15 werkzeug: 127.0.0.1 - - [11/Mar/2026 15:28:12] "GET /web/image?model=res.users&field=avatar_128&id=2 HTTP/1.1" 200 - 8 0.013 0.215
2026-03-11 15:28:12,384 23592 INFO odoo15 werkzeug: 127.0.0.1 - - [11/Mar/2026 15:28:12] "POST /longpolling/im_status HTTP/1.1" 200 - 4 0.023 0.009
2026-03-11 15:28:12,387 23592 INFO odoo15 werkzeug: 127.0.0.1 - - [11/Mar/2026 15:28:12] "POST /web/action/load HTTP/1.1" 200 - 8 0.050 0.210
2026-03-11 15:28:12,697 23592 INFO odoo15 werkzeug: 127.0.0.1 - - [11/Mar/2026 15:28:12] "POST /mail/load_message_failures HTTP/1.1" 200 - 11 0.021 0.011
2026-03-11 15:28:12,747 23592 INFO odoo15 werkzeug: 127.0.0.1 - - [11/Mar/2026 15:28:12] "POST /mail/inbox/messages HTTP/1.1" 200 - 9 0.039 0.007
2026-03-11 15:28:17,151 23592 INFO odoo15 werkzeug: 127.0.0.1 - - [11/Mar/2026 15:28:17] "POST /web/action/load HTTP/1.1" 200 - 53 0.038 0.024
2026-03-11 15:28:17,589 23592 INFO odoo15 werkzeug: 127.0.0.1 - - [11/Mar/2026 15:28:17] "POST /web/dataset/call_kw/project.project/load_views HTTP/1.1" 200 - 45 0.088 0.040
2026-03-11 15:28:18,023 23592 INFO odoo15 werkzeug: 127.0.0.1 - - [11/Mar/2026 15:28:18] "POST /web/dataset/search_read HTTP/1.1" 200 - 32 0.082 0.021
2026-03-11 15:28:18,349 23592 INFO odoo15 werkzeug: 127.0.0.1 - - [11/Mar/2026 15:28:18] "POST /web/dataset/call_kw/project.tags/read HTTP/1.1" 200 - 3 0.003 0.007
2026-03-11 15:28:18,739 23592 INFO odoo15 werkzeug: 127.0.0.1 - - [11/Mar/2026 15:28:18] "GET /web/image/res.users/2/avatar_128 HTTP/1.1" 200 - 6 0.009 0.017
2026-03-11 15:28:18,739 23592 INFO odoo15 werkzeug: 127.0.0.1 - - [11/Mar/2026 15:28:18] "GET /web/image/res.users/6/avatar_128 HTTP/1.1" 200 - 6 0.008 0.017
2026-03-11 15:28:36,382 23592 INFO odoo15 werkzeug: 127.0.0.1 - - [11/Mar/2026 15:28:36] "POST /web/dataset/call_button HTTP/1.1" 200 - 63 0.048 0.021
2026-03-11 15:28:36,798 23592 INFO odoo15 werkzeug: 127.0.0.1 - - [11/Mar/2026 15:28:36] "POST /web/dataset/call_kw/project.task/load_views HTTP/1.1" 200 - 60 0.049 0.054
2026-03-11 15:28:37,126 23592 INFO odoo15 werkzeug: 127.0.0.1 - - [11/Mar/2026 15:28:37] "POST /web/dataset/call_kw/project.task/web_read_group HTTP/1.1" 200 - 4 0.006 0.006
2026-03-11 15:28:37,134 23592 INFO odoo15 werkzeug: 127.0.0.1 - - [11/Mar/2026 15:28:37] "POST /web/dataset/call_kw/project.task/read_progress_bar HTTP/1.1" 200 - 3 0.014 0.005
2026-03-11 15:28:37,473 23592 INFO odoo15 werkzeug: 127.0.0.1 - - [11/Mar/2026 15:28:37] "POST /web/dataset/search_read HTTP/1.1" 200 - 21 0.020 0.017
2026-03-11 15:28:37,496 23592 INFO odoo15 werkzeug: 127.0.0.1 - - [11/Mar/2026 15:28:37] "POST /web/dataset/search_read HTTP/1.1" 200 - 18 0.044 0.017
2026-03-11 15:28:37,810 23592 INFO odoo15 werkzeug: 127.0.0.1 - - [11/Mar/2026 15:28:37] "POST /web/dataset/call_kw/project.tags/read HTTP/1.1" 200 - 2 0.001 0.005
2026-03-11 15:28:37,819 23592 INFO odoo15 werkzeug: 127.0.0.1 - - [11/Mar/2026 15:28:37] "POST /web/dataset/call_kw/res.users/read HTTP/1.1" 200 - 4 0.010 0.007
2026-03-11 15:28:38,130 23592 INFO odoo15 werkzeug: 127.0.0.1 - - [11/Mar/2026 15:28:38] "POST /web/dataset/call_kw/project.task.type/read HTTP/1.1" 200 - 2 0.002 0.004
2026-03-11 15:28:38,201 23592 INFO odoo15 werkzeug: 127.0.0.1 - - [11/Mar/2026 15:28:38] "POST /web/dataset/call_button HTTP/1.1" 200 - 14 0.006 0.012
2026-03-11 15:28:38,445 23592 INFO odoo15 werkzeug: 127.0.0.1 - - [11/Mar/2026 15:28:38] "POST /web/dataset/call_kw/res.users/has_group HTTP/1.1" 200 - 1 0.001 0.005
2026-03-11 15:28:38,449 23592 INFO odoo15 werkzeug: 127.0.0.1 - - [11/Mar/2026 15:28:38] "POST /web/dataset/call_kw/project.project/get_last_update_or_default HTTP/1.1" 200 - 2 0.004 0.005
2026-03-11 15:28:38,530 23592 INFO odoo15 werkzeug: 127.0.0.1 - - [11/Mar/2026 15:28:38] "POST /web/dataset/call_kw/project.task/web_read_group HTTP/1.1" 200 - 4 0.004 0.008
2026-03-11 15:28:38,536 23592 INFO odoo15 werkzeug: 127.0.0.1 - - [11/Mar/2026 15:28:38] "POST /web/dataset/call_kw/project.task/read_progress_bar HTTP/1.1" 200 - 3 0.013 0.003
2026-03-11 15:28:38,869 23592 INFO odoo15 werkzeug: 127.0.0.1 - - [11/Mar/2026 15:28:38] "POST /web/dataset/search_read HTTP/1.1" 200 - 18 0.008 0.017
2026-03-11 15:28:38,892 23592 INFO odoo15 werkzeug: 127.0.0.1 - - [11/Mar/2026 15:28:38] "POST /web/dataset/search_read HTTP/1.1" 200 - 18 0.037 0.012
2026-03-11 15:28:39,210 23592 INFO odoo15 werkzeug: 127.0.0.1 - - [11/Mar/2026 15:28:39] "POST /web/dataset/call_kw/project.tags/read HTTP/1.1" 200 - 2 0.000 0.007
2026-03-11 15:28:39,213 23592 INFO odoo15 werkzeug: 127.0.0.1 - - [11/Mar/2026 15:28:39] "POST /web/dataset/call_kw/res.users/read HTTP/1.1" 200 - 4 0.003 0.008
2026-03-11 15:28:39,529 23592 INFO odoo15 werkzeug: 127.0.0.1 - - [11/Mar/2026 15:28:39] "POST /web/dataset/call_kw/project.task.type/read HTTP/1.1" 200 - 2 0.002 0.007
2026-03-11 15:28:39,870 23592 INFO odoo15 werkzeug: 127.0.0.1 - - [11/Mar/2026 15:28:39] "POST /web/dataset/call_kw/project.project/get_last_update_or_default HTTP/1.1" 200 - 2 0.003 0.004
2026-03-11 15:28:39,976 23592 INFO odoo15 werkzeug: 127.0.0.1 - - [11/Mar/2026 15:28:39] "POST /web/dataset/call_kw/res.users/has_group HTTP/1.1" 200 - 2 0.002 0.002
2026-03-11 15:28:40,189 23592 INFO odoo15 werkzeug: 127.0.0.1 - - [11/Mar/2026 15:28:40] "GET /web/image/res.users/8/avatar_128 HTTP/1.1" 200 - 5 0.003 0.009
2026-03-11 15:28:42,827 23592 INFO odoo15 werkzeug: 127.0.0.1 - - [11/Mar/2026 15:28:42] "POST /longpolling/poll HTTP/1.1" 200 - 5 0.011 50.058
2026-03-11 15:28:44,716 23592 INFO odoo15 werkzeug: 127.0.0.1 - - [11/Mar/2026 15:28:44] "POST /web/action/load HTTP/1.1" 200 - 28 0.039 0.019
2026-03-11 15:28:45,116 23592 INFO odoo15 werkzeug: 127.0.0.1 - - [11/Mar/2026 15:28:45] "POST /web/dataset/call_kw/ir.module.module/load_views HTTP/1.1" 200 - 52 0.044 0.037
2026-03-11 15:28:45,480 23592 INFO odoo15 werkzeug: 127.0.0.1 - - [11/Mar/2026 15:28:45] "POST /web/dataset/call_kw/ir.module.module/search_panel_select_range HTTP/1.1" 200 - 42 0.030 0.014
2026-03-11 15:28:45,800 23592 INFO odoo15 werkzeug: 127.0.0.1 - - [11/Mar/2026 15:28:45] "POST /web/dataset/search_read HTTP/1.1" 200 - 3 0.007 0.006
2026-03-11 15:28:49,022 23592 INFO odoo15 werkzeug: 127.0.0.1 - - [11/Mar/2026 15:28:49] "POST /web/dataset/search_read HTTP/1.1" 200 - 4 0.008 0.009
2026-03-11 15:28:49,040 23592 INFO odoo15 werkzeug: 127.0.0.1 - - [11/Mar/2026 15:28:49] "POST /web/dataset/call_kw/ir.module.module/search_panel_select_range HTTP/1.1" 200 - 37 0.023 0.014
2026-03-11 15:28:56,628 23592 INFO odoo15 werkzeug: 127.0.0.1 - - [11/Mar/2026 15:28:56] "POST /web/dataset/call_kw/ir.module.module/search_panel_select_range HTTP/1.1" 200 - 37 0.031 0.010
2026-03-11 15:28:56,949 23592 INFO odoo15 werkzeug: 127.0.0.1 - - [11/Mar/2026 15:28:56] "POST /web/dataset/search_read HTTP/1.1" 200 - 3 0.002 0.005
2026-03-11 15:29:02,386 23592 INFO odoo15 werkzeug: 127.0.0.1 - - [11/Mar/2026 15:29:02] "POST /longpolling/poll HTTP/1.1" 200 - 13 0.042 50.221
2026-03-11 15:29:02,700 23592 INFO odoo15 werkzeug: 127.0.0.1 - - [11/Mar/2026 15:29:02] "POST /longpolling/im_status HTTP/1.1" 200 - 4 0.001 0.006
2026-03-11 15:29:04,274 23592 INFO odoo15 werkzeug: 127.0.0.1 - - [11/Mar/2026 15:29:04] "POST /web/action/load HTTP/1.1" 200 - 17 0.009 0.010
2026-03-11 15:29:04,641 23592 INFO odoo15 werkzeug: 127.0.0.1 - - [11/Mar/2026 15:29:04] "POST /web/dataset/call_kw/res.config.settings/load_views HTTP/1.1" 200 - 15 0.019 0.037
2026-03-11 15:29:05,007 23592 INFO odoo15 werkzeug: 127.0.0.1 - - [11/Mar/2026 15:29:05] "POST /web/dataset/call_kw/res.config.settings/onchange HTTP/1.1" 200 - 72 0.030 0.017
2026-03-11 15:29:05,349 23592 INFO odoo15 werkzeug: 127.0.0.1 - - [11/Mar/2026 15:29:05] "POST /base_setup/data HTTP/1.1" 200 - 6 0.003 0.005
2026-03-11 15:29:05,354 23592 INFO odoo15 werkzeug: 127.0.0.1 - - [11/Mar/2026 15:29:05] "POST /base_setup/demo_active HTTP/1.1" 200 - 3 0.002 0.003
2026-03-11 15:29:11,506 23592 INFO odoo15 werkzeug: 127.0.0.1 - - [11/Mar/2026 15:29:11] "POST /web/dataset/search_read HTTP/1.1" 200 - 15 0.019 0.013
2026-03-11 15:29:11,817 23592 INFO odoo15 werkzeug: 127.0.0.1 - - [11/Mar/2026 15:29:11] "POST /web/dataset/call_kw/project.tags/read HTTP/1.1" 200 - 2 0.000 0.004
2026-03-11 15:29:12,158 23592 INFO odoo15 werkzeug: 127.0.0.1 - - [11/Mar/2026 15:29:12] "GET /web/image/res.users/2/avatar_128 HTTP/1.1" 200 - 6 0.005 0.006
2026-03-11 15:29:12,161 23592 INFO odoo15 werkzeug: 127.0.0.1 - - [11/Mar/2026 15:29:12] "GET /web/image/res.users/6/avatar_128 HTTP/1.1" 200 - 6 0.007 0.007
2026-03-11 15:29:13,606 23592 INFO odoo15 werkzeug: 127.0.0.1 - - [11/Mar/2026 15:29:13] "POST /web/dataset/call_button HTTP/1.1" 200 - 14 0.006 0.009
2026-03-11 15:29:13,929 23592 INFO odoo15 werkzeug: 127.0.0.1 - - [11/Mar/2026 15:29:13] "POST /web/dataset/call_kw/project.task/web_read_group HTTP/1.1" 200 - 4 0.003 0.007
2026-03-11 15:29:13,929 23592 INFO odoo15 werkzeug: 127.0.0.1 - - [11/Mar/2026 15:29:13] "POST /web/dataset/call_kw/project.task/read_progress_bar HTTP/1.1" 200 - 3 0.004 0.005
2026-03-11 15:29:14,262 23592 INFO odoo15 werkzeug: 127.0.0.1 - - [11/Mar/2026 15:29:14] "POST /web/dataset/search_read HTTP/1.1" 200 - 18 0.008 0.014
2026-03-11 15:29:14,273 23592 INFO odoo15 werkzeug: 127.0.0.1 - - [11/Mar/2026 15:29:14] "POST /web/dataset/search_read HTTP/1.1" 200 - 18 0.022 0.009
2026-03-11 15:29:14,587 23592 INFO odoo15 werkzeug: 127.0.0.1 - - [11/Mar/2026 15:29:14] "POST /web/dataset/call_kw/project.tags/read HTTP/1.1" 200 - 2 0.001 0.002
2026-03-11 15:29:14,590 23592 INFO odoo15 werkzeug: 127.0.0.1 - - [11/Mar/2026 15:29:14] "POST /web/dataset/call_kw/res.users/read HTTP/1.1" 200 - 4 0.004 0.004
2026-03-11 15:29:14,905 23592 INFO odoo15 werkzeug: 127.0.0.1 - - [11/Mar/2026 15:29:14] "POST /web/dataset/call_kw/project.task.type/read HTTP/1.1" 200 - 2 0.001 0.002
2026-03-11 15:29:15,227 23592 INFO odoo15 werkzeug: 127.0.0.1 - - [11/Mar/2026 15:29:15] "POST /web/dataset/call_kw/project.project/get_last_update_or_default HTTP/1.1" 200 - 2 0.002 0.003
2026-03-11 15:29:15,270 23592 INFO odoo15 werkzeug: 127.0.0.1 - - [11/Mar/2026 15:29:15] "GET /web/image/res.users/8/avatar_128 HTTP/1.1" 200 - 5 0.002 0.009
2026-03-11 15:29:19,281 23592 INFO odoo15 werkzeug: 127.0.0.1 - - [11/Mar/2026 15:29:19] "POST /web/dataset/call_kw/mail.followers/load_views HTTP/1.1" 200 - 13 0.011 0.008
2026-03-11 15:29:19,285 23592 INFO odoo15 werkzeug: 127.0.0.1 - - [11/Mar/2026 15:29:19] "POST /web/dataset/call_kw/mail.message/load_views HTTP/1.1" 200 - 16 0.011 0.010
2026-03-11 15:29:19,291 23592 INFO odoo15 werkzeug: 127.0.0.1 - - [11/Mar/2026 15:29:19] "POST /web/dataset/call_kw/mail.activity/load_views HTTP/1.1" 200 - 27 0.017 0.011
2026-03-11 15:29:19,642 23592 INFO odoo15 werkzeug: 127.0.0.1 - - [11/Mar/2026 15:29:19] "POST /web/dataset/call_kw/project.task/read HTTP/1.1" 200 - 29 0.022 0.018
2026-03-11 15:29:19,644 23592 INFO odoo15 werkzeug: 127.0.0.1 - - [11/Mar/2026 15:29:19] "POST /web/dataset/call_kw/project.task/read HTTP/1.1" 200 - 23 0.023 0.019
2026-03-11 15:29:19,963 23592 INFO odoo15 werkzeug: 127.0.0.1 - - [11/Mar/2026 15:29:19] "POST /web/dataset/call_kw/mail.followers/read HTTP/1.1" 200 - 3 0.005 0.008
2026-03-11 15:29:19,963 23592 INFO odoo15 werkzeug: 127.0.0.1 - - [11/Mar/2026 15:29:19] "POST /web/dataset/call_kw/res.users/read HTTP/1.1" 200 - 4 0.005 0.008
2026-03-11 15:29:19,969 23592 INFO odoo15 werkzeug: 127.0.0.1 - - [11/Mar/2026 15:29:19] "POST /web/dataset/call_kw/mail.message/read HTTP/1.1" 200 - 6 0.008 0.009
2026-03-11 15:29:19,973 23592 INFO odoo15 werkzeug: 127.0.0.1 - - [11/Mar/2026 15:29:19] "POST /web/dataset/call_kw/mail.followers/read HTTP/1.1" 200 - 3 0.004 0.006
2026-03-11 15:29:19,974 23592 INFO odoo15 werkzeug: 127.0.0.1 - - [11/Mar/2026 15:29:19] "POST /web/dataset/call_kw/res.users/read HTTP/1.1" 200 - 4 0.002 0.011
2026-03-11 15:29:20,275 23592 INFO odoo15 werkzeug: 127.0.0.1 - - [11/Mar/2026 15:29:20] "POST /web/dataset/call_kw/mail.message/read HTTP/1.1" 200 - 6 0.003 0.005
2026-03-11 15:29:20,289 23592 INFO odoo15 werkzeug: 127.0.0.1 - - [11/Mar/2026 15:29:20] "POST /web/dataset/call_kw/project.task.type/search_read HTTP/1.1" 200 - 3 0.004 0.004
2026-03-11 15:29:20,585 23592 INFO odoo15 werkzeug: 127.0.0.1 - - [11/Mar/2026 15:29:20] "POST /web/dataset/call_kw/project.task.type/search_read HTTP/1.1" 200 - 3 0.001 0.004
2026-03-11 15:29:20,600 23592 INFO odoo15 werkzeug: 127.0.0.1 - - [11/Mar/2026 15:29:20] "POST /web/dataset/call_kw/project.task.type/name_get HTTP/1.1" 200 - 2 0.003 0.002
2026-03-11 15:29:20,898 23592 INFO odoo15 werkzeug: 127.0.0.1 - - [11/Mar/2026 15:29:20] "POST /web/dataset/call_kw/project.task.type/name_get HTTP/1.1" 200 - 2 0.002 0.004
2026-03-11 15:29:20,915 23592 INFO ? werkzeug: 127.0.0.1 - - [11/Mar/2026 15:29:20] "GET /web/static/src/legacy/xml/ribbon.xml HTTP/1.1" 200 - - - -
2026-03-11 15:29:20,954 23592 INFO ? werkzeug: 127.0.0.1 - - [11/Mar/2026 15:29:20] "[36mGET /partner_autocomplete/static/lib/jsvat.js HTTP/1.1[0m" 304 - - - -
2026-03-11 15:29:21,285 23592 INFO odoo15 werkzeug: 127.0.0.1 - - [11/Mar/2026 15:29:21] "POST /web/dataset/call_kw/project.task/read HTTP/1.1" 200 - 3 0.001 0.015
2026-03-11 15:29:21,301 23592 INFO odoo15 werkzeug: 127.0.0.1 - - [11/Mar/2026 15:29:21] "POST /mail/thread/data HTTP/1.1" 200 - 11 0.011 0.017
2026-03-11 15:29:21,313 23592 INFO odoo15 werkzeug: 127.0.0.1 - - [11/Mar/2026 15:29:21] "POST /mail/read_followers HTTP/1.1" 200 - 16 0.025 0.017
2026-03-11 15:29:21,313 23592 INFO odoo15 werkzeug: 127.0.0.1 - - [11/Mar/2026 15:29:21] "POST /mail/get_suggested_recipients HTTP/1.1" 200 - 14 0.024 0.018
2026-03-11 15:29:21,339 23592 INFO odoo15 werkzeug: 127.0.0.1 - - [11/Mar/2026 15:29:21] "POST /mail/thread/messages HTTP/1.1" 200 - 33 0.044 0.025
2026-03-11 15:29:21,598 23592 INFO odoo15 werkzeug: 127.0.0.1 - - [11/Mar/2026 15:29:21] "POST /web/dataset/call_kw/project.task/read HTTP/1.1" 200 - 3 0.001 0.004
2026-03-11 15:29:21,627 23592 INFO odoo15 werkzeug: 127.0.0.1 - - [11/Mar/2026 15:29:21] "POST /mail/read_followers HTTP/1.1" 200 - 10 0.010 0.008
2026-03-11 15:29:21,633 23592 INFO odoo15 werkzeug: 127.0.0.1 - - [11/Mar/2026 15:29:21] "POST /mail/thread/data HTTP/1.1" 200 - 3 0.001 0.009
2026-03-11 15:29:21,635 23592 INFO odoo15 werkzeug: 127.0.0.1 - - [11/Mar/2026 15:29:21] "POST /mail/get_suggested_recipients HTTP/1.1" 200 - 7 0.004 0.011
2026-03-11 15:29:21,643 23592 INFO ? werkzeug: 127.0.0.1 - - [11/Mar/2026 15:29:21] "[36mGET /web/static/img/form_sheetbg.png HTTP/1.1[0m" 304 - - - -
2026-03-11 15:29:21,908 23592 INFO odoo15 werkzeug: 127.0.0.1 - - [11/Mar/2026 15:29:21] "POST /web/dataset/call_kw/mail.activity/activity_format HTTP/1.1" 200 - 1 0.000 0.003
2026-03-11 15:29:21,941 23592 INFO odoo15 werkzeug: 127.0.0.1 - - [11/Mar/2026 15:29:21] "POST /web/dataset/call_kw/mail.activity/activity_format HTTP/1.1" 200 - 1 0.000 0.004
2026-03-11 15:29:21,948 23592 INFO odoo15 werkzeug: 127.0.0.1 - - [11/Mar/2026 15:29:21] "POST /web/dataset/call_kw/mail.message/mark_all_as_read HTTP/1.1" 200 - 6 0.004 0.008
2026-03-11 15:29:21,963 23592 INFO odoo15 werkzeug: 127.0.0.1 - - [11/Mar/2026 15:29:21] "GET /web/image/res.partner/2/avatar_128 HTTP/1.1" 200 - 7 0.010 0.009
2026-03-11 15:29:21,969 23592 INFO odoo15 werkzeug: 127.0.0.1 - - [11/Mar/2026 15:29:21] "GET /web/image/res.partner/3/avatar_128 HTTP/1.1" 200 - 7 0.003 0.015
2026-03-11 15:29:30,088 23592 INFO odoo15 werkzeug: 127.0.0.1 - - [11/Mar/2026 15:29:30] "[32mGET /web HTTP/1.1[0m" 303 - 1 0.001 0.006
2026-03-11 15:29:30,470 23592 INFO odoo15 werkzeug: 127.0.0.1 - - [11/Mar/2026 15:29:30] "GET /web/login HTTP/1.1" 200 - 6 0.006 0.052
2026-03-11 15:29:31,717 23592 INFO odoo15 werkzeug: 127.0.0.1 - - [11/Mar/2026 15:29:31] "GET /web/webclient/qweb/1773242971342?bundle=web.assets_frontend HTTP/1.1" 200 - 10 0.009 0.044
2026-03-11 15:29:32,864 23592 INFO odoo15 werkzeug: 127.0.0.1 - - [11/Mar/2026 15:29:32] "POST /longpolling/poll HTTP/1.1" 200 - 4 0.005 50.013
2026-03-11 15:29:52,714 23592 INFO odoo15 werkzeug: 127.0.0.1 - - [11/Mar/2026 15:29:52] "POST /longpolling/poll HTTP/1.1" 200 - 9 0.008 50.014
2026-03-11 15:29:53,465 23592 INFO odoo15 werkzeug: 127.0.0.1 - - [11/Mar/2026 15:29:53] "POST /longpolling/im_status HTTP/1.1" 200 - 4 0.005 0.007
2026-03-11 15:30:00,417 23592 INFO odoo15 odoo.addons.base.models.res_users: Login failed for db:odoo15 login:testuser@example.com from 127.0.0.1 
2026-03-11 15:30:00,427 23592 INFO odoo15 werkzeug: 127.0.0.1 - - [11/Mar/2026 15:30:00] "POST /web/login HTTP/1.1" 200 - 8 0.015 0.675
2026-03-11 15:30:00,683 23592 INFO odoo15 werkzeug: 127.0.0.1 - - [11/Mar/2026 15:30:00] "GET /web/webclient/qweb/1773243000646?bundle=web.assets_frontend HTTP/1.1" 200 - 10 0.002 0.031
2026-03-11 15:30:43,053 23592 INFO odoo15 werkzeug: 127.0.0.1 - - [11/Mar/2026 15:30:43] "POST /longpolling/poll HTTP/1.1" 200 - 9 0.016 50.014
2026-03-11 15:30:44,454 23592 INFO odoo15 werkzeug: 127.0.0.1 - - [11/Mar/2026 15:30:44] "POST /longpolling/im_status HTTP/1.1" 200 - 4 0.001 0.005
2026-03-11 15:31:01,890 23592 INFO odoo15 werkzeug: 127.0.0.1 - - [11/Mar/2026 15:31:01] "POST /web/dataset/call_kw/res.config.settings/onchange HTTP/1.1" 200 - 46 0.026 0.028
2026-03-11 15:31:02,253 23592 INFO odoo15 werkzeug: 127.0.0.1 - - [11/Mar/2026 15:31:02] "POST /base_setup/demo_active HTTP/1.1" 200 - 2 0.001 0.006
2026-03-11 15:31:02,256 23592 INFO odoo15 werkzeug: 127.0.0.1 - - [11/Mar/2026 15:31:02] "POST /base_setup/data HTTP/1.1" 200 - 5 0.005 0.007
2026-03-11 15:31:05,857 23592 INFO odoo15 werkzeug: 127.0.0.1 - - [11/Mar/2026 15:31:05] "POST /web/action/load HTTP/1.1" 200 - 55 0.041 0.043
2026-03-11 15:31:06,317 23592 INFO odoo15 werkzeug: 127.0.0.1 - - [11/Mar/2026 15:31:06] "POST /web/dataset/call_kw/res.users/load_views HTTP/1.1" 200 - 64 0.064 0.080
2026-03-11 15:31:06,657 23592 INFO odoo15 werkzeug: 127.0.0.1 - - [11/Mar/2026 15:31:06] "POST /web/dataset/search_read HTTP/1.1" 200 - 8 0.009 0.008
2026-03-11 15:31:06,978 23592 INFO odoo15 werkzeug: 127.0.0.1 - - [11/Mar/2026 15:31:06] "POST /web/dataset/call_kw/res.users/has_group HTTP/1.1" 200 - 2 0.001 0.006
2026-03-11 15:31:11,717 23592 INFO odoo15 werkzeug: 127.0.0.1 - - [11/Mar/2026 15:31:11] "POST /web/dataset/call_kw/res.users/read HTTP/1.1" 200 - 39 0.042 0.032
2026-03-11 15:31:12,034 23592 INFO odoo15 werkzeug: 127.0.0.1 - - [11/Mar/2026 15:31:12] "POST /web/dataset/call_kw/res.company/read HTTP/1.1" 200 - 2 0.003 0.005
2026-03-11 15:31:12,453 23592 INFO odoo15 werkzeug: 127.0.0.1 - - [11/Mar/2026 15:31:12] "POST /web/dataset/call_kw/ HTTP/1.1" 200 - 17 0.013 0.061
2026-03-11 15:31:12,454 23592 INFO odoo15 werkzeug: 127.0.0.1 - - [11/Mar/2026 15:31:12] "POST /web/dataset/call_kw/res.users/read HTTP/1.1" 200 - 30 0.031 0.027
2026-03-11 15:31:12,532 23592 INFO odoo15 werkzeug: 127.0.0.1 - - [11/Mar/2026 15:31:12] "POST /web/dataset/call_kw/res.users/read HTTP/1.1" 200 - 30 0.023 0.029
2026-03-11 15:31:12,683 23592 INFO odoo15 werkzeug: 127.0.0.1 - - [11/Mar/2026 15:31:12] "POST /web/dataset/call_kw/res.company/read HTTP/1.1" 200 - 2 0.002 0.006
2026-03-11 15:31:12,771 23592 INFO odoo15 werkzeug: 127.0.0.1 - - [11/Mar/2026 15:31:12] "POST /web/dataset/call_kw/res.company/read HTTP/1.1" 200 - 2 0.000 0.005
2026-03-11 15:31:12,890 23592 INFO odoo15 werkzeug: 127.0.0.1 - - [11/Mar/2026 15:31:12] "POST /web/dataset/call_kw/res.users/read HTTP/1.1" 200 - 30 0.025 0.023
2026-03-11 15:31:12,894 23592 INFO ? werkzeug: 127.0.0.1 - - [11/Mar/2026 15:31:12] "[36mGET /web/static/img/placeholder.png HTTP/1.1[0m" 304 - - - -
2026-03-11 15:31:13,207 23592 INFO odoo15 werkzeug: 127.0.0.1 - - [11/Mar/2026 15:31:13] "POST /web/dataset/call_kw/res.company/read HTTP/1.1" 200 - 2 0.001 0.004
2026-03-11 15:31:18,394 23592 INFO odoo15 werkzeug: 127.0.0.1 - - [11/Mar/2026 15:31:18] "POST /web/action/load HTTP/1.1" 200 - 13 0.014 0.018
2026-03-11 15:31:18,729 23592 INFO odoo15 werkzeug: 127.0.0.1 - - [11/Mar/2026 15:31:18] "POST /web/dataset/call_kw/change.password.wizard/load_views HTTP/1.1" 200 - 11 0.013 0.008
2026-03-11 15:31:19,057 23592 INFO odoo15 werkzeug: 127.0.0.1 - - [11/Mar/2026 15:31:19] "POST /web/dataset/call_kw/change.password.user/load_views HTTP/1.1" 200 - 10 0.007 0.009
2026-03-11 15:31:19,457 23592 INFO odoo15 werkzeug: 127.0.0.1 - - [11/Mar/2026 15:31:19] "POST /web/dataset/call_kw/change.password.wizard/onchange HTTP/1.1" 200 - 7 0.011 0.075
2026-03-11 15:31:26,608 23592 INFO odoo15 werkzeug: 127.0.0.1 - - [11/Mar/2026 15:31:26] "POST /web/dataset/call_kw/change.password.wizard/create HTTP/1.1" 200 - 12 0.014 0.014
2026-03-11 15:31:26,943 23592 INFO odoo15 werkzeug: 127.0.0.1 - - [11/Mar/2026 15:31:26] "POST /web/dataset/call_kw/change.password.wizard/read HTTP/1.1" 200 - 9 0.014 0.009
2026-03-11 15:31:27,276 23592 INFO odoo15 werkzeug: 127.0.0.1 - - [11/Mar/2026 15:31:27] "POST /web/dataset/call_kw/change.password.user/read HTTP/1.1" 200 - 4 0.005 0.008
2026-03-11 15:31:29,005 23592 INFO odoo15 odoo.modules.registry: At least one model cache has been invalidated, signaling through the database. 
2026-03-11 15:31:29,006 23592 INFO odoo15 werkzeug: 127.0.0.1 - - [11/Mar/2026 15:31:29] "POST /web/dataset/call_button HTTP/1.1" 200 - 24 0.024 1.394
2026-03-11 15:31:29,417 23592 INFO odoo15 werkzeug: 127.0.0.1 - - [11/Mar/2026 15:31:29] "POST /web/dataset/call_kw/res.users/read HTTP/1.1" 200 - 59 0.050 0.041
2026-03-11 15:31:29,738 23592 INFO odoo15 werkzeug: 127.0.0.1 - - [11/Mar/2026 15:31:29] "POST /web/dataset/call_kw/res.company/read HTTP/1.1" 200 - 3 0.003 0.005
2026-03-11 15:31:33,393 23592 INFO odoo15 werkzeug: 127.0.0.1 - - [11/Mar/2026 15:31:33] "POST /longpolling/poll HTTP/1.1" 200 - 9 0.013 50.020
2026-03-11 15:31:34,489 23592 INFO odoo15 werkzeug: 127.0.0.1 - - [11/Mar/2026 15:31:34] "POST /longpolling/im_status HTTP/1.1" 200 - 11 0.008 0.013
2026-03-11 15:31:57,317 23592 INFO odoo15 odoo.addons.base.models.res_users: Login successful for db:odoo15 login:testuser@example.com from 127.0.0.1 
2026-03-11 15:31:57,324 23592 INFO odoo15 werkzeug: 127.0.0.1 - - [11/Mar/2026 15:31:57] "[32mPOST /web/login HTTP/1.1[0m" 303 - 41 0.027 0.693
2026-03-11 15:31:57,989 23592 INFO odoo15 werkzeug: 127.0.0.1 - - [11/Mar/2026 15:31:57] "GET /web HTTP/1.1" 200 - 246 0.132 0.525
2026-03-11 15:31:58,067 23592 INFO odoo15 werkzeug: 127.0.0.1 - - [11/Mar/2026 15:31:58] "GET /web/webclient/load_menus/1024dca71634378b732afbdfd925ed3eb6dcfadcba632b3ab359d6324afaf5c5 HTTP/1.1" 200 - 1 0.000 0.005
2026-03-11 15:31:58,779 23592 INFO odoo15 werkzeug: 127.0.0.1 - - [11/Mar/2026 15:31:58] "POST /web/action/load HTTP/1.1" 200 - 17 0.015 0.022
2026-03-11 15:31:58,804 23592 INFO odoo15 werkzeug: 127.0.0.1 - - [11/Mar/2026 15:31:58] "POST /web/dataset/call_kw/res.users/systray_get_activities HTTP/1.1" 200 - 2 0.004 0.010
2026-03-11 15:31:58,818 23592 INFO odoo15 werkzeug: 127.0.0.1 - - [11/Mar/2026 15:31:58] "GET /web/image?model=res.users&field=avatar_128&id=8 HTTP/1.1" 200 - 9 0.011 0.012
2026-03-11 15:31:59,023 23592 INFO odoo15 odoo.addons.base.models.ir_model: Access Denied by ACLs for operation: read, uid: 8, model: res.config.settings 
2026-03-11 15:31:59,025 23592 WARNING odoo15 odoo.http: You are not allowed to access 'Config Settings' (res.config.settings) records.

This operation is allowed for the following groups:
	- Administration/Settings

Contact your administrator to request access if necessary. 
2026-03-11 15:31:59,116 23592 INFO odoo15 werkzeug: 127.0.0.1 - - [11/Mar/2026 15:31:59] "POST /web/dataset/call_kw/res.config.settings/load_views HTTP/1.1" 200 - 13 0.011 0.096
2026-03-11 15:31:59,223 23592 INFO odoo15 werkzeug: 127.0.0.1 - - [11/Mar/2026 15:31:59] "POST /mail/init_messaging HTTP/1.1" 200 - 64 0.071 0.050
2026-03-11 15:31:59,227 23592 INFO odoo15 werkzeug: 127.0.0.1 - - [11/Mar/2026 15:31:59] "GET /web/image/res.company/1/favicon HTTP/1.1" 200 - 10 0.012 0.022
2026-03-11 15:31:59,272 23592 INFO odoo15 werkzeug: 127.0.0.1 - - [11/Mar/2026 15:31:59] "POST /longpolling/im_status HTTP/1.1" 200 - 4 0.005 0.009
2026-03-11 15:31:59,575 23592 INFO odoo15 werkzeug: 127.0.0.1 - - [11/Mar/2026 15:31:59] "POST /mail/load_message_failures HTTP/1.1" 200 - 3 0.002 0.005
2026-03-11 15:32:11,271 23592 INFO odoo15 werkzeug: 127.0.0.1 - - [11/Mar/2026 15:32:11] "POST /web/action/load HTTP/1.1" 200 - 59 0.042 0.020
2026-03-11 15:32:11,657 23592 INFO odoo15 werkzeug: 127.0.0.1 - - [11/Mar/2026 15:32:11] "POST /web/dataset/call_kw/project.project/load_views HTTP/1.1" 200 - 54 0.038 0.035
2026-03-11 15:32:12,061 23592 INFO odoo15 werkzeug: 127.0.0.1 - - [11/Mar/2026 15:32:12] "POST /web/dataset/search_read HTTP/1.1" 200 - 41 0.048 0.025
2026-03-11 15:32:12,386 23592 INFO odoo15 werkzeug: 127.0.0.1 - - [11/Mar/2026 15:32:12] "POST /web/dataset/call_kw/project.tags/read HTTP/1.1" 200 - 4 0.002 0.004
2026-03-11 15:32:12,762 23592 INFO odoo15 werkzeug: 127.0.0.1 - - [11/Mar/2026 15:32:12] "GET /web/image/res.users/6/avatar_128 HTTP/1.1" 200 - 6 0.005 0.016
2026-03-11 15:32:20,800 23592 INFO odoo15 werkzeug: 127.0.0.1 - - [11/Mar/2026 15:32:20] "POST /web/dataset/search_read HTTP/1.1" 200 - 23 0.019 0.013
2026-03-11 15:32:21,118 23592 INFO odoo15 werkzeug: 127.0.0.1 - - [11/Mar/2026 15:32:21] "POST /web/dataset/call_kw/project.tags/read HTTP/1.1" 200 - 2 0.000 0.005
2026-03-11 15:32:22,134 23592 INFO odoo15 werkzeug: 127.0.0.1 - - [11/Mar/2026 15:32:22] "POST /web/dataset/call_button HTTP/1.1" 200 - 63 0.033 0.032
2026-03-11 15:32:22,539 23592 INFO odoo15 werkzeug: 127.0.0.1 - - [11/Mar/2026 15:32:22] "POST /web/dataset/call_kw/project.task/load_views HTTP/1.1" 200 - 60 0.036 0.058
2026-03-11 15:32:22,883 23592 INFO odoo15 werkzeug: 127.0.0.1 - - [11/Mar/2026 15:32:22] "POST /web/dataset/call_kw/project.task/read_progress_bar HTTP/1.1" 200 - 7 0.009 0.006
2026-03-11 15:32:22,886 23592 INFO odoo15 werkzeug: 127.0.0.1 - - [11/Mar/2026 15:32:22] "POST /web/dataset/call_kw/project.task/web_read_group HTTP/1.1" 200 - 8 0.009 0.010
2026-03-11 15:32:23,215 23592 INFO odoo15 werkzeug: 127.0.0.1 - - [11/Mar/2026 15:32:23] "POST /web/dataset/search_read HTTP/1.1" 200 - 6 0.007 0.009
2026-03-11 15:32:23,241 23592 INFO odoo15 werkzeug: 127.0.0.1 - - [11/Mar/2026 15:32:23] "POST /web/dataset/search_read HTTP/1.1" 200 - 30 0.020 0.023
2026-03-11 15:32:23,569 23592 INFO odoo15 werkzeug: 127.0.0.1 - - [11/Mar/2026 15:32:23] "POST /web/dataset/call_kw/res.users/read HTTP/1.1" 200 - 4 0.005 0.007
2026-03-11 15:32:23,729 23592 INFO odoo15 werkzeug: 127.0.0.1 - - [11/Mar/2026 15:32:23] "POST /longpolling/poll HTTP/1.1" 200 - 13 0.011 50.014
2026-03-11 15:32:23,889 23592 INFO odoo15 werkzeug: 127.0.0.1 - - [11/Mar/2026 15:32:23] "POST /web/dataset/call_kw/project.task.type/read HTTP/1.1" 200 - 2 0.001 0.004
2026-03-11 15:32:24,214 23592 INFO odoo15 werkzeug: 127.0.0.1 - - [11/Mar/2026 15:32:24] "POST /web/dataset/call_kw/res.users/has_group HTTP/1.1" 200 - 1 0.000 0.005
2026-03-11 15:32:24,218 23592 INFO odoo15 werkzeug: 127.0.0.1 - - [11/Mar/2026 15:32:24] "POST /web/dataset/call_kw/project.project/get_last_update_or_default HTTP/1.1" 200 - 2 0.002 0.005
2026-03-11 15:32:24,569 23592 INFO odoo15 werkzeug: 127.0.0.1 - - [11/Mar/2026 15:32:24] "POST /web/dataset/call_kw/res.users/has_group HTTP/1.1" 200 - 2 0.003 0.009
2026-03-11 15:32:24,574 23592 INFO odoo15 werkzeug: 127.0.0.1 - - [11/Mar/2026 15:32:24] "GET /web/image/res.users/8/avatar_128 HTTP/1.1" 200 - 5 0.005 0.008
2026-03-11 15:32:25,237 23592 INFO odoo15 werkzeug: 127.0.0.1 - - [11/Mar/2026 15:32:25] "POST /web/action/load HTTP/1.1" 200 - 15 0.009 0.017
2026-03-11 15:32:25,471 23592 INFO odoo15 werkzeug: 127.0.0.1 - - [11/Mar/2026 15:32:25] "POST /longpolling/im_status HTTP/1.1" 200 - 4 0.003 0.007
2026-03-11 15:32:25,641 23592 INFO odoo15 werkzeug: 127.0.0.1 - - [11/Mar/2026 15:32:25] "POST /web/dataset/call_kw/project.task/load_views HTTP/1.1" 200 - 43 0.024 0.064
2026-03-11 15:32:25,977 23592 INFO odoo15 werkzeug: 127.0.0.1 - - [11/Mar/2026 15:32:25] "POST /web/dataset/call_kw/project.task/web_read_group HTTP/1.1" 200 - 8 0.008 0.007
2026-03-11 15:32:25,978 23592 INFO odoo15 werkzeug: 127.0.0.1 - - [11/Mar/2026 15:32:25] "POST /web/dataset/call_kw/project.task/read_progress_bar HTTP/1.1" 200 - 7 0.006 0.010
2026-03-11 15:32:26,323 23592 INFO odoo15 werkzeug: 127.0.0.1 - - [11/Mar/2026 15:32:26] "POST /web/dataset/search_read HTTP/1.1" 200 - 28 0.018 0.017
2026-03-11 15:32:26,637 23592 INFO odoo15 werkzeug: 127.0.0.1 - - [11/Mar/2026 15:32:26] "POST /web/dataset/call_kw/res.users/read HTTP/1.1" 200 - 4 0.001 0.005
2026-03-11 15:32:29,138 23592 INFO odoo15 werkzeug: 127.0.0.1 - - [11/Mar/2026 15:32:29] "POST /web/dataset/search_read HTTP/1.1" 200 - 23 0.036 0.018
2026-03-11 15:32:29,464 23592 INFO odoo15 werkzeug: 127.0.0.1 - - [11/Mar/2026 15:32:29] "POST /web/dataset/call_kw/project.tags/read HTTP/1.1" 200 - 2 0.003 0.002
2026-03-11 15:32:30,898 23592 INFO odoo15 werkzeug: 127.0.0.1 - - [11/Mar/2026 15:32:30] "POST /web/dataset/search_read HTTP/1.1" 200 - 23 0.031 0.022
2026-03-11 15:32:31,227 23592 INFO odoo15 werkzeug: 127.0.0.1 - - [11/Mar/2026 15:32:31] "POST /web/dataset/call_kw/project.tags/read HTTP/1.1" 200 - 2 0.000 0.007
2026-03-11 15:32:31,785 23592 INFO odoo15 werkzeug: 127.0.0.1 - - [11/Mar/2026 15:32:31] "POST /web/dataset/search_read HTTP/1.1" 200 - 23 0.023 0.011
2026-03-11 15:32:31,946 23592 INFO odoo15 werkzeug: 127.0.0.1 - - [11/Mar/2026 15:32:31] "POST /web/dataset/search_read HTTP/1.1" 200 - 23 0.009 0.014
2026-03-11 15:32:32,112 23592 INFO odoo15 werkzeug: 127.0.0.1 - - [11/Mar/2026 15:32:32] "POST /web/dataset/call_kw/project.tags/read HTTP/1.1" 200 - 2 0.001 0.002
2026-03-11 15:32:32,148 23592 INFO odoo15 werkzeug: 127.0.0.1 - - [11/Mar/2026 15:32:32] "POST /web/dataset/search_read HTTP/1.1" 200 - 23 0.013 0.010
2026-03-11 15:32:32,268 23592 INFO odoo15 werkzeug: 127.0.0.1 - - [11/Mar/2026 15:32:32] "POST /web/dataset/call_kw/project.tags/read HTTP/1.1" 200 - 2 0.003 0.001
2026-03-11 15:32:32,471 23592 INFO odoo15 werkzeug: 127.0.0.1 - - [11/Mar/2026 15:32:32] "POST /web/dataset/call_kw/project.tags/read HTTP/1.1" 200 - 2 0.001 0.004
2026-03-11 15:32:34,099 23592 INFO odoo15 werkzeug: 127.0.0.1 - - [11/Mar/2026 15:32:34] "POST /web/dataset/search_read HTTP/1.1" 200 - 23 0.021 0.004
2026-03-11 15:32:34,319 23592 INFO odoo15 werkzeug: 127.0.0.1 - - [11/Mar/2026 15:32:34] "POST /web/dataset/search_read HTTP/1.1" 200 - 23 0.015 0.010
2026-03-11 15:32:34,425 23592 INFO odoo15 werkzeug: 127.0.0.1 - - [11/Mar/2026 15:32:34] "POST /web/dataset/call_kw/project.tags/read HTTP/1.1" 200 - 2 0.001 0.003
2026-03-11 15:32:34,643 23592 INFO odoo15 werkzeug: 127.0.0.1 - - [11/Mar/2026 15:32:34] "POST /web/dataset/call_kw/project.tags/read HTTP/1.1" 200 - 2 0.001 0.002
2026-03-11 15:32:36,731 23592 INFO odoo15 werkzeug: 127.0.0.1 - - [11/Mar/2026 15:32:36] "POST /web/dataset/call_kw/project.task/read_progress_bar HTTP/1.1" 200 - 7 0.009 0.006
2026-03-11 15:32:36,731 23592 INFO odoo15 werkzeug: 127.0.0.1 - - [11/Mar/2026 15:32:36] "POST /web/dataset/call_kw/project.task/web_read_group HTTP/1.1" 200 - 8 0.008 0.008
2026-03-11 15:32:37,090 23592 INFO odoo15 werkzeug: 127.0.0.1 - - [11/Mar/2026 15:32:37] "POST /web/dataset/search_read HTTP/1.1" 200 - 28 0.021 0.015
2026-03-11 15:32:37,405 23592 INFO odoo15 werkzeug: 127.0.0.1 - - [11/Mar/2026 15:32:37] "POST /web/dataset/call_kw/res.users/read HTTP/1.1" 200 - 4 0.003 0.003
2026-03-11 15:32:37,760 23592 INFO odoo15 werkzeug: 127.0.0.1 - - [11/Mar/2026 15:32:37] "GET /web/image/res.users/8/avatar_128 HTTP/1.1" 200 - 5 0.003 0.006
2026-03-11 15:32:48,825 23592 INFO odoo15 werkzeug: 127.0.0.1 - - [11/Mar/2026 15:32:48] "POST /longpolling/poll HTTP/1.1" 200 - 13 0.018 50.014
2026-03-11 15:32:49,468 23592 INFO odoo15 werkzeug: 127.0.0.1 - - [11/Mar/2026 15:32:49] "POST /longpolling/im_status HTTP/1.1" 200 - 4 0.003 0.004
2026-03-11 15:32:50,123 23592 INFO odoo15 werkzeug: 127.0.0.1 - - [11/Mar/2026 15:32:50] "POST /web/dataset/search_read HTTP/1.1" 200 - 39 0.024 0.013
2026-03-11 15:32:50,434 23592 INFO odoo15 werkzeug: 127.0.0.1 - - [11/Mar/2026 15:32:50] "POST /web/dataset/call_kw/project.tags/read HTTP/1.1" 200 - 3 0.000 0.005
2026-03-11 15:32:53,301 23592 INFO odoo15 werkzeug: 127.0.0.1 - - [11/Mar/2026 15:32:53] "POST /web/dataset/call_button HTTP/1.1" 200 - 25 0.014 0.009
2026-03-11 15:32:53,621 23592 INFO odoo15 werkzeug: 127.0.0.1 - - [11/Mar/2026 15:32:53] "POST /web/dataset/call_kw/project.task/web_read_group HTTP/1.1" 200 - 4 0.005 0.002
2026-03-11 15:32:53,622 23592 INFO odoo15 werkzeug: 127.0.0.1 - - [11/Mar/2026 15:32:53] "POST /web/dataset/call_kw/project.task/read_progress_bar HTTP/1.1" 200 - 3 0.003 0.005
2026-03-11 15:32:53,957 23592 INFO odoo15 werkzeug: 127.0.0.1 - - [11/Mar/2026 15:32:53] "POST /web/dataset/search_read HTTP/1.1" 200 - 21 0.018 0.011
2026-03-11 15:32:53,957 23592 INFO odoo15 werkzeug: 127.0.0.1 - - [11/Mar/2026 15:32:53] "POST /web/dataset/search_read HTTP/1.1" 200 - 21 0.017 0.013
2026-03-11 15:32:54,278 23592 INFO odoo15 werkzeug: 127.0.0.1 - - [11/Mar/2026 15:32:54] "POST /web/dataset/call_kw/project.tags/read HTTP/1.1" 200 - 2 0.001 0.005
2026-03-11 15:32:54,279 23592 INFO odoo15 werkzeug: 127.0.0.1 - - [11/Mar/2026 15:32:54] "POST /web/dataset/call_kw/res.users/read HTTP/1.1" 200 - 4 0.000 0.007
2026-03-11 15:32:54,592 23592 INFO odoo15 werkzeug: 127.0.0.1 - - [11/Mar/2026 15:32:54] "POST /web/dataset/call_kw/project.task.type/read HTTP/1.1" 200 - 2 0.002 0.003
2026-03-11 15:32:54,905 23592 INFO odoo15 werkzeug: 127.0.0.1 - - [11/Mar/2026 15:32:54] "POST /web/dataset/call_kw/project.project/get_last_update_or_default HTTP/1.1" 200 - 2 0.002 0.001
2026-03-11 15:32:58,334 23592 INFO odoo15 werkzeug: 127.0.0.1 - - [11/Mar/2026 15:32:58] "POST /web/dataset/call_kw/project.task/read HTTP/1.1" 200 - 33 0.022 0.013
2026-03-11 15:32:58,545 23592 INFO odoo15 werkzeug: 127.0.0.1 - - [11/Mar/2026 15:32:58] "POST /web/dataset/call_kw/project.task/read HTTP/1.1" 200 - 23 0.008 0.010
2026-03-11 15:32:58,651 23592 INFO odoo15 werkzeug: 127.0.0.1 - - [11/Mar/2026 15:32:58] "POST /web/dataset/call_kw/mail.followers/read HTTP/1.1" 200 - 3 0.002 0.005
2026-03-11 15:32:58,652 23592 INFO odoo15 werkzeug: 127.0.0.1 - - [11/Mar/2026 15:32:58] "POST /web/dataset/call_kw/res.users/read HTTP/1.1" 200 - 4 0.004 0.005
2026-03-11 15:32:58,653 23592 INFO odoo15 werkzeug: 127.0.0.1 - - [11/Mar/2026 15:32:58] "POST /web/dataset/call_kw/mail.message/read HTTP/1.1" 200 - 6 0.002 0.007
2026-03-11 15:32:58,862 23592 INFO odoo15 werkzeug: 127.0.0.1 - - [11/Mar/2026 15:32:58] "POST /web/dataset/call_kw/mail.followers/read HTTP/1.1" 200 - 3 0.001 0.007
2026-03-11 15:32:58,862 23592 INFO odoo15 werkzeug: 127.0.0.1 - - [11/Mar/2026 15:32:58] "POST /web/dataset/call_kw/res.users/read HTTP/1.1" 200 - 4 0.003 0.005
2026-03-11 15:32:58,969 23592 INFO odoo15 werkzeug: 127.0.0.1 - - [11/Mar/2026 15:32:58] "POST /web/dataset/call_kw/project.task.type/search_read HTTP/1.1" 200 - 3 0.000 0.006
2026-03-11 15:32:58,970 23592 INFO odoo15 werkzeug: 127.0.0.1 - - [11/Mar/2026 15:32:58] "POST /web/dataset/call_kw/mail.message/read HTTP/1.1" 200 - 6 0.002 0.006
2026-03-11 15:32:59,285 23592 INFO odoo15 werkzeug: 127.0.0.1 - - [11/Mar/2026 15:32:59] "POST /web/dataset/call_kw/project.task.type/search_read HTTP/1.1" 200 - 3 0.003 0.003
2026-03-11 15:32:59,286 23592 INFO odoo15 werkzeug: 127.0.0.1 - - [11/Mar/2026 15:32:59] "POST /web/dataset/call_kw/project.task.type/name_get HTTP/1.1" 200 - 2 0.003 0.005
2026-03-11 15:32:59,603 23592 INFO odoo15 werkzeug: 127.0.0.1 - - [11/Mar/2026 15:32:59] "POST /web/dataset/call_kw/project.task.type/name_get HTTP/1.1" 200 - 2 0.002 0.002
2026-03-11 15:32:59,959 23592 INFO odoo15 werkzeug: 127.0.0.1 - - [11/Mar/2026 15:32:59] "POST /web/dataset/call_kw/project.task/read HTTP/1.1" 200 - 3 0.001 0.010
2026-03-11 15:32:59,963 23592 INFO odoo15 werkzeug: 127.0.0.1 - - [11/Mar/2026 15:32:59] "POST /web/dataset/call_kw/mail.message/mark_all_as_read HTTP/1.1" 200 - 6 0.006 0.011
2026-03-11 15:32:59,969 23592 INFO odoo15 werkzeug: 127.0.0.1 - - [11/Mar/2026 15:32:59] "POST /mail/thread/messages HTTP/1.1" 200 - 7 0.008 0.010
2026-03-11 15:32:59,974 23592 INFO odoo15 werkzeug: 127.0.0.1 - - [11/Mar/2026 15:32:59] "POST /mail/get_suggested_recipients HTTP/1.1" 200 - 14 0.013 0.012
2026-03-11 15:32:59,980 23592 INFO odoo15 werkzeug: 127.0.0.1 - - [11/Mar/2026 15:32:59] "POST /mail/read_followers HTTP/1.1" 200 - 19 0.016 0.017
2026-03-11 15:33:00,271 23592 INFO odoo15 werkzeug: 127.0.0.1 - - [11/Mar/2026 15:33:00] "POST /mail/thread/data HTTP/1.1" 200 - 5 0.003 0.002
2026-03-11 15:33:00,293 23592 INFO odoo15 werkzeug: 127.0.0.1 - - [11/Mar/2026 15:33:00] "POST /web/dataset/call_kw/project.task/read HTTP/1.1" 200 - 3 0.007 0.012
2026-03-11 15:33:00,301 23592 INFO odoo15 werkzeug: 127.0.0.1 - - [11/Mar/2026 15:33:00] "POST /mail/read_followers HTTP/1.1" 200 - 10 0.007 0.019
2026-03-11 15:33:00,302 23592 INFO odoo15 werkzeug: 127.0.0.1 - - [11/Mar/2026 15:33:00] "POST /mail/thread/data HTTP/1.1" 200 - 3 0.003 0.010
2026-03-11 15:33:00,302 23592 INFO odoo15 werkzeug: 127.0.0.1 - - [11/Mar/2026 15:33:00] "POST /mail/get_suggested_recipients HTTP/1.1" 200 - 7 0.006 0.010
2026-03-11 15:33:00,589 23592 INFO odoo15 werkzeug: 127.0.0.1 - - [11/Mar/2026 15:33:00] "POST /web/dataset/call_kw/mail.activity/activity_format HTTP/1.1" 200 - 1 0.000 0.002
2026-03-11 15:33:00,604 23592 INFO odoo15 werkzeug: 127.0.0.1 - - [11/Mar/2026 15:33:00] "POST /web/dataset/call_kw/mail.activity/activity_format HTTP/1.1" 200 - 1 0.000 0.003
2026-03-11 15:33:05,391 23592 INFO odoo15 odoo.http: <function odoo.addons.web_editor.controllers.main.public_render_template> called ignoring args <kwargs={'context': {'lang': 'en_US', 'tz': 'Europe/Brussels', 'uid': 2}}> 
2026-03-11 15:33:05,425 23592 INFO odoo15 werkzeug: 127.0.0.1 - - [11/Mar/2026 15:33:05] "POST /web_editor/public_render_template HTTP/1.1" 200 - 26 0.017 0.035
2026-03-11 15:33:05,741 23592 INFO odoo15 werkzeug: 127.0.0.1 - - [11/Mar/2026 15:33:05] "GET /web/assets/205-7192083/web_editor.assets_wysiwyg.min.css HTTP/1.1" 200 - 2 0.001 0.008
2026-03-11 15:33:05,745 23592 INFO odoo15 werkzeug: 127.0.0.1 - - [11/Mar/2026 15:33:05] "GET /web/assets/206-7192083/web_editor.assets_wysiwyg.min.js HTTP/1.1" 200 - 2 0.003 0.010
2026-03-11 15:33:06,109 23592 INFO odoo15 werkzeug: 127.0.0.1 - - [11/Mar/2026 15:33:06] "POST /web/dataset/call_kw/res.users/has_group HTTP/1.1" 200 - 1 0.000 0.004
2026-03-11 15:33:06,420 23592 INFO ? werkzeug: 127.0.0.1 - - [11/Mar/2026 15:33:06] "GET /web_editor/static/src/xml/editor.xml HTTP/1.1" 200 - - - -
2026-03-11 15:33:06,745 23592 INFO ? werkzeug: 127.0.0.1 - - [11/Mar/2026 15:33:06] "[36mGET /web/static/fonts/google/Roboto/Roboto-Regular.ttf HTTP/1.1[0m" 304 - - - -
2026-03-11 15:33:06,786 23592 INFO odoo15 werkzeug: 127.0.0.1 - - [11/Mar/2026 15:33:06] "POST /web_editor/get_ice_servers HTTP/1.1" 200 - 3 0.005 0.020
2026-03-11 15:33:06,796 23592 INFO odoo15 werkzeug: 127.0.0.1 - - [11/Mar/2026 15:33:06] "POST /web/dataset/call_kw/project.task/read HTTP/1.1" 200 - 3 0.002 0.030
2026-03-11 15:33:06,809 23592 INFO odoo15 werkzeug: 127.0.0.1 - - [11/Mar/2026 15:33:06] "POST /mail/get_suggested_recipients HTTP/1.1" 200 - 7 0.012 0.018
2026-03-11 15:33:06,810 23592 INFO odoo15 werkzeug: 127.0.0.1 - - [11/Mar/2026 15:33:06] "POST /mail/read_followers HTTP/1.1" 200 - 10 0.020 0.023
2026-03-11 15:33:07,059 23592 INFO odoo15 werkzeug: 127.0.0.1 - - [11/Mar/2026 15:33:07] "POST /mail/thread/messages HTTP/1.1" 200 - 4 0.003 0.004
2026-03-11 15:33:07,112 23592 INFO odoo15 werkzeug: 127.0.0.1 - - [11/Mar/2026 15:33:07] "POST /mail/thread/data HTTP/1.1" 200 - 3 0.002 0.006
2026-03-11 15:33:07,176 23592 INFO odoo15 werkzeug: 127.0.0.1 - - [11/Mar/2026 15:33:07] "POST /web/dataset/call_kw/mail.activity/activity_format HTTP/1.1" 200 - 1 0.000 0.061
2026-03-11 15:33:07,179 23592 INFO odoo15 werkzeug: 127.0.0.1 - - [11/Mar/2026 15:33:07] "POST /web_editor/bus_broadcast HTTP/1.1" 200 - 7 0.004 0.070
2026-03-11 15:33:07,186 23592 INFO odoo15 werkzeug: 127.0.0.1 - - [11/Mar/2026 15:33:07] "POST /longpolling/poll HTTP/1.1" 200 - 20 0.032 0.390
2026-03-11 15:33:12,301 23592 INFO odoo15 werkzeug: 127.0.0.1 - - [11/Mar/2026 15:33:12] "POST /web/dataset/call_kw/project.task/write HTTP/1.1" 200 - 38 0.056 0.097
2026-03-11 15:33:12,659 23592 INFO odoo15 werkzeug: 127.0.0.1 - - [11/Mar/2026 15:33:12] "POST /web/dataset/call_kw/project.task/read HTTP/1.1" 200 - 23 0.017 0.020
2026-03-11 15:33:12,975 23592 INFO odoo15 werkzeug: 127.0.0.1 - - [11/Mar/2026 15:33:12] "POST /web/dataset/call_kw/res.users/read HTTP/1.1" 200 - 4 0.002 0.006
2026-03-11 15:33:12,975 23592 INFO odoo15 werkzeug: 127.0.0.1 - - [11/Mar/2026 15:33:12] "POST /web/dataset/call_kw/mail.followers/read HTTP/1.1" 200 - 3 0.003 0.005
2026-03-11 15:33:12,979 23592 INFO odoo15 werkzeug: 127.0.0.1 - - [11/Mar/2026 15:33:12] "POST /web/dataset/call_kw/mail.message/read HTTP/1.1" 200 - 6 0.004 0.009
2026-03-11 15:33:13,341 23592 INFO odoo15 werkzeug: 127.0.0.1 - - [11/Mar/2026 15:33:13] "POST /web/dataset/call_kw/project.task/read HTTP/1.1" 200 - 3 0.006 0.012
2026-03-11 15:33:13,348 23592 INFO odoo15 werkzeug: 127.0.0.1 - - [11/Mar/2026 15:33:13] "POST /mail/thread/data HTTP/1.1" 200 - 3 0.004 0.017
2026-03-11 15:33:13,351 23592 INFO odoo15 werkzeug: 127.0.0.1 - - [11/Mar/2026 15:33:13] "POST /mail/get_suggested_recipients HTTP/1.1" 200 - 7 0.015 0.012
2026-03-11 15:33:13,354 23592 INFO odoo15 werkzeug: 127.0.0.1 - - [11/Mar/2026 15:33:13] "POST /mail/read_followers HTTP/1.1" 200 - 10 0.014 0.016
2026-03-11 15:33:13,366 23592 INFO odoo15 werkzeug: 127.0.0.1 - - [11/Mar/2026 15:33:13] "POST /mail/thread/messages HTTP/1.1" 200 - 21 0.030 0.012
2026-03-11 15:33:13,655 23592 INFO odoo15 werkzeug: 127.0.0.1 - - [11/Mar/2026 15:33:13] "POST /web/dataset/call_kw/mail.activity/activity_format HTTP/1.1" 200 - 1 0.000 0.003
2026-03-11 15:33:14,056 23592 INFO odoo15 werkzeug: 127.0.0.1 - - [11/Mar/2026 15:33:14] "POST /longpolling/poll HTTP/1.1" 200 - 9 0.003 50.013
2026-03-11 15:33:15,811 23592 INFO odoo15 werkzeug: 127.0.0.1 - - [11/Mar/2026 15:33:15] "POST /longpolling/im_status HTTP/1.1" 200 - 4 0.004 0.006
2026-03-11 15:33:21,384 23592 INFO odoo15 werkzeug: 127.0.0.1 - - [11/Mar/2026 15:33:21] "GET /web HTTP/1.1" 200 - 15 0.004 0.171
2026-03-11 15:33:22,112 23592 INFO odoo15 werkzeug: 127.0.0.1 - - [11/Mar/2026 15:33:22] "POST /web/action/load HTTP/1.1" 200 - 15 0.010 0.017
2026-03-11 15:33:22,166 23592 INFO odoo15 werkzeug: 127.0.0.1 - - [11/Mar/2026 15:33:22] "POST /mail/init_messaging HTTP/1.1" 200 - 39 0.019 0.027
2026-03-11 15:33:22,209 23592 INFO odoo15 werkzeug: 127.0.0.1 - - [11/Mar/2026 15:33:22] "POST /web/dataset/call_kw/res.users/systray_get_activities HTTP/1.1" 200 - 2 0.004 0.010
2026-03-11 15:33:22,213 23592 INFO odoo15 werkzeug: 127.0.0.1 - - [11/Mar/2026 15:33:22] "GET /web/image/res.company/1/favicon HTTP/1.1" 200 - 4 0.005 0.012
2026-03-11 15:33:22,268 23592 INFO odoo15 werkzeug: 127.0.0.1 - - [11/Mar/2026 15:33:22] "[36mGET /web/image?model=res.users&field=avatar_128&id=8 HTTP/1.1[0m" 304 - 5 0.004 0.008
2026-03-11 15:33:23,352 23592 INFO odoo15 werkzeug: 127.0.0.1 - - [11/Mar/2026 15:33:23] "POST /mail/load_message_failures HTTP/1.1" 200 - 3 0.006 0.007
2026-03-11 15:33:23,353 23592 INFO odoo15 werkzeug: 127.0.0.1 - - [11/Mar/2026 15:33:23] "POST /longpolling/im_status HTTP/1.1" 200 - 4 0.007 0.008
2026-03-11 15:33:23,389 23592 INFO odoo15 werkzeug: 127.0.0.1 - - [11/Mar/2026 15:33:23] "POST /web/dataset/call_kw/project.task/load_views HTTP/1.1" 200 - 43 0.028 0.074
2026-03-11 15:33:23,741 23592 INFO odoo15 werkzeug: 127.0.0.1 - - [11/Mar/2026 15:33:23] "POST /web/dataset/call_kw/project.task/read_progress_bar HTTP/1.1" 200 - 5 0.005 0.009
2026-03-11 15:33:23,744 23592 INFO odoo15 werkzeug: 127.0.0.1 - - [11/Mar/2026 15:33:23] "POST /web/dataset/call_kw/project.task/web_read_group HTTP/1.1" 200 - 7 0.011 0.008
2026-03-11 15:33:24,073 23592 INFO odoo15 werkzeug: 127.0.0.1 - - [11/Mar/2026 15:33:24] "POST /web/dataset/call_kw/res.users/has_group HTTP/1.1" 200 - 1 0.000 0.004
2026-03-11 15:33:24,480 23592 INFO ? werkzeug: 127.0.0.1 - - [11/Mar/2026 15:33:24] "GET /web/static/img/smiling_face.svg HTTP/1.1" 200 - - - -
2026-03-11 15:33:24,485 23592 INFO odoo15 werkzeug: 127.0.0.1 - - [11/Mar/2026 15:33:24] "GET /web/image/res.users/1/avatar_128 HTTP/1.1" 200 - 6 0.004 0.027
2026-03-11 15:33:24,498 23592 INFO odoo15 werkzeug: 127.0.0.1 - - [11/Mar/2026 15:33:24] "GET /web/image/res.users/4/avatar_128 HTTP/1.1" 200 - 5 0.009 0.038
2026-03-11 15:33:24,498 23592 INFO odoo15 werkzeug: 127.0.0.1 - - [11/Mar/2026 15:33:24] "GET /web/image/res.users/5/avatar_128 HTTP/1.1" 200 - 5 0.007 0.039
2026-03-11 15:33:24,500 23592 INFO odoo15 werkzeug: 127.0.0.1 - - [11/Mar/2026 15:33:24] "GET /web/image/res.users/3/avatar_128 HTTP/1.1" 200 - 5 0.010 0.040
2026-03-11 15:33:24,805 23592 INFO odoo15 werkzeug: 127.0.0.1 - - [11/Mar/2026 15:33:24] "GET /web/image/res.users/2/avatar_128 HTTP/1.1" 200 - 6 0.003 0.009
2026-03-11 15:33:27,464 23592 INFO odoo15 werkzeug: 127.0.0.1 - - [11/Mar/2026 15:33:27] "POST /web/action/load HTTP/1.1" 200 - 15 0.007 0.010
2026-03-11 15:33:27,810 23592 INFO odoo15 werkzeug: 127.0.0.1 - - [11/Mar/2026 15:33:27] "POST /web/dataset/call_kw/project.project/load_views HTTP/1.1" 200 - 16 0.009 0.025
2026-03-11 15:33:28,140 23592 INFO odoo15 werkzeug: 127.0.0.1 - - [11/Mar/2026 15:33:28] "POST /web/dataset/search_read HTTP/1.1" 200 - 3 0.003 0.003
2026-03-11 15:33:36,498 23592 INFO odoo15 werkzeug: 127.0.0.1 - - [11/Mar/2026 15:33:36] "POST /web/dataset/call_kw/project.task/load_views HTTP/1.1" 200 - 43 0.022 0.063
2026-03-11 15:33:36,838 23592 INFO odoo15 werkzeug: 127.0.0.1 - - [11/Mar/2026 15:33:36] "POST /web/dataset/call_kw/project.task/read_progress_bar HTTP/1.1" 200 - 5 0.007 0.008
2026-03-11 15:33:36,843 23592 INFO odoo15 werkzeug: 127.0.0.1 - - [11/Mar/2026 15:33:36] "POST /web/dataset/call_kw/project.task/web_read_group HTTP/1.1" 200 - 7 0.011 0.010
2026-03-11 15:33:39,166 23592 INFO odoo15 werkzeug: 127.0.0.1 - - [11/Mar/2026 15:33:39] "POST /longpolling/poll HTTP/1.1" 200 - 9 0.007 50.012
2026-03-11 15:33:57,503 23592 INFO odoo15 werkzeug: 127.0.0.1 - - [11/Mar/2026 15:33:57] "POST /longpolling/poll HTTP/1.1" 200 - 10 0.002 50.010
2026-03-11 15:34:06,469 23592 INFO odoo15 werkzeug: 127.0.0.1 - - [11/Mar/2026 15:34:06] "POST /longpolling/im_status HTTP/1.1" 200 - 4 0.004 0.003
2026-03-11 15:34:12,236 23592 INFO odoo15 werkzeug: 127.0.0.1 - - [11/Mar/2026 15:34:12] "POST /longpolling/poll HTTP/1.1" 200 - 9 0.010 50.031
2026-03-11 15:34:13,457 23592 INFO odoo15 werkzeug: 127.0.0.1 - - [11/Mar/2026 15:34:13] "POST /longpolling/im_status HTTP/1.1" 200 - 4 0.000 0.007
2026-03-11 15:34:47,834 23592 INFO odoo15 werkzeug: 127.0.0.1 - - [11/Mar/2026 15:34:47] "POST /longpolling/poll HTTP/1.1" 200 - 10 0.004 50.012
2026-03-11 15:34:57,455 23592 INFO odoo15 werkzeug: 127.0.0.1 - - [11/Mar/2026 15:34:57] "POST /longpolling/im_status HTTP/1.1" 200 - 4 0.003 0.004
2026-03-11 15:35:02,585 23592 INFO odoo15 werkzeug: 127.0.0.1 - - [11/Mar/2026 15:35:02] "POST /longpolling/poll HTTP/1.1" 200 - 9 0.007 50.018
2026-03-11 15:35:04,468 23592 INFO odoo15 werkzeug: 127.0.0.1 - - [11/Mar/2026 15:35:04] "POST /longpolling/im_status HTTP/1.1" 200 - 4 0.002 0.005
2026-03-11 15:35:38,170 23592 INFO odoo15 werkzeug: 127.0.0.1 - - [11/Mar/2026 15:35:38] "POST /longpolling/poll HTTP/1.1" 200 - 10 0.008 50.016
2026-03-11 15:35:47,473 23592 INFO odoo15 werkzeug: 127.0.0.1 - - [11/Mar/2026 15:35:47] "POST /longpolling/im_status HTTP/1.1" 200 - 4 0.003 0.004
2026-03-11 15:35:52,915 23592 INFO odoo15 werkzeug: 127.0.0.1 - - [11/Mar/2026 15:35:52] "POST /longpolling/poll HTTP/1.1" 200 - 9 0.007 50.011
2026-03-11 15:36:28,493 23592 INFO odoo15 werkzeug: 127.0.0.1 - - [11/Mar/2026 15:36:28] "POST /longpolling/poll HTTP/1.1" 200 - 10 0.009 50.008
2026-03-11 15:36:37,497 23592 INFO odoo15 werkzeug: 127.0.0.1 - - [11/Mar/2026 15:36:37] "POST /longpolling/im_status HTTP/1.1" 200 - 4 0.004 0.006
2026-03-11 15:37:18,818 23592 INFO odoo15 werkzeug: 127.0.0.1 - - [11/Mar/2026 15:37:18] "POST /longpolling/poll HTTP/1.1" 200 - 10 0.008 50.009
2026-03-11 15:37:28,474 23592 INFO odoo15 werkzeug: 127.0.0.1 - - [11/Mar/2026 15:37:28] "POST /longpolling/im_status HTTP/1.1" 200 - 4 0.007 0.006
2026-03-11 15:37:30,868 23592 INFO ? odoo.service.server: Initiating shutdown 
2026-03-11 15:37:30,868 23592 INFO ? odoo.service.server: Hit CTRL-C again or send a second signal to force the shutdown. 
2026-03-11 15:37:31,085 23592 INFO ? odoo.sql_db: ConnectionPool(used=0/count=0/max=64): Closed 8 connections  
2026-03-11 15:37:31,154 23592 INFO odoo15 werkzeug: 127.0.0.1 - - [11/Mar/2026 15:37:31] "POST /longpolling/poll HTTP/1.1" 200 - 10 0.012 12.017
